Character,Reading,Examples
阿,A,"阿從 a tòng
阿諛 a dua
阿片 a phiến
阿羅漢 A La Hán
阿哬！ a ha!
[翻]"
妸,ả,"淹妸 êm ả
妸陶 ả đào"
亞,Á,"洲亞 Châu Á
亞金 á kim
亞聖 á thánh"
啊,à,勢啊？ Thế à?
啊,ã,嗢啊 ồn ã
吖,ạ,"𠳐吖！ Vâng ạ!
嘲俱吖 Chào cụ ạ"
惡,ÁC,"善惡惡夢惡心 thiện ác
惡人 ác nhân
ác mộng
惡性 ác tính
ác tâm"
惡,Ố,可惡 khả ố
𪅴,ác,"𪅴羅 ác là
𣈖𪅴 bóng ác
[異]鵶"
厄,ÁCH,災厄 tai ách
哀,AI,哀怨 ai oán
埃,AI,塵埃 trần ai
埃,ai,"埃妬 ai đó
埃埃 ai ai"
愛,ÁI,"親愛 thân ái
愛情 ái tình
戀愛 luyến ái
可愛 khả ái
愛國 ái quốc
博愛 bác ái
[翻]"
噯,ái,噯嗏 ái chà
曖,áy,"曖𢖱 áy náy
𦹯曖𣈖斜 cỏ áy bóng tà"
𧘇,ấy,"𠊛𧘇𡀯𧘇 người ấy
𣅶𧘇 lúc ấy
chuyện ấy
[異]意"
𧘇,í,⇔𧘇ấy
諳,AM,諳曉 am hiểu
黯,ẢM,黯淡 ảm đạm
暗,ÁM,"幽暗 u ám
暗示 ám thị
暗號 ám hiệu
𥊚暗 mờ ám
被魔暗 bị ma ám
蒲𤆺暗壁𤇮 mồ hóng ám vách bếp"
音,ÂM,"發音音聲 phát âm
音樂 âm nhạc
âm thanh
五音 ngũ âm
[翻]"
陰,ÂM,"陰曆陰電陰忱 âm lịch
陰謀 âm mưu
âm điện
陰性 âm tính
âm thầm
陰倚 âm ỉ"
飲,ẨM,"飲食對飲 ẩm thực
飲茶 ẩm trà
đối ẩm"
蔭,ẤM,"蔭生 ấm sinh
舅蔭 cậu ấm"
𩐛,ấm,"𩐛咖啡 ấm cà phê
𩐛渃 ấm nước
𩐛積 ấm tích"
𤋾,ấm,"淹𤋾 êm ấm
𤋾供 ấm cúng
𤋾押 ấm áp
𤋾頭 ấm đầu
𤋾抑 ấm ức
𤋾啞 ấm ớ
[異]蔭"
𤋾,âm,"𤋾𤋾 âm ấm
⇔𤋾ấm"
𩆢,ầm,"𩆢𢮁 ầm ừ
𩆢𥑴 ầm ĩ
𩆢𩆢 ầm ầm"
安,AN,"安全 an toàn
安身 an thân
安居樂業 an cư lạc nghiệp
[翻]"
安,YÊN,"安𣼽 yên lặng
安身 yên thân
𱖗安 ngồi yên"
按,ÁN,按禦 án ngữ
按,ấn,"按劕 ấn chặt
按𨨷𥑂 ấn nút chai"
案,ÁN,"提案 đề án
預案 dự án
破案 phá án"
咹,ăn,"咹𩚵 ăn cơm
咹𢵉 ăn bám
式咹 thức ăn"
恩,ÂN,"恩情 ân tình
恩赦 ân xá
恩怨 ân oán
恩惠 ân huệ
開恩 khai ân
[翻]"
恩,ơn,"感恩 cảm ơn
別恩 biết ơn
𫜵恩 làm ơn
[翻]"
殷,ÂN,殷勤 ân cần
隱,ẨN,"隱居 ẩn cư
隱喻 ẩn dụ
隱身 ẩn thân
歸隱 quy ẩn
()"
印,ẤN,"印章 ấn chương
印信 ấn tín
印印 in ấn
印刷 ấn loát
印象 ấn tượng
印度 Ấn Độ"
印,in,"印影 in ảnh
𣛠印 máy in
印冊 in sách
𣃣印 vừa in
[翻]"
盎,áng,"盎詩 áng thơ
盎桃臉 áng đào kiểm"
英,ANH,"英雄 anh hùng
㗂英 tiếng Anh"
英,anh,"英㛪 anh em
英𤳆 anh trai"
嚶,anh,嚶呃 anh ách
櫻,ANH,櫻桃 anh đào
鸚,ANH,鸚鵡 anh vũ
影,ẢNH,"形影 hình ảnh
幀影 tranh ảnh"
映,ÁNH,"反映 phản ánh
映射 ánh xạ
映𤏬 ánh sáng
映眜 ánh mắt"
映,anh,"映映 anh ánh
⇔映ánh"
呦,ao,"呦約 ao ước
[翻][異]泑"
幻,ẢO,"幻夢 ảo mộng
幻影 ảo ảnh
幻想 ảo tưởng
幻術 ảo thuật
幻覺 ảo giác
𥊚幻 mờ ảo"
襖,ÁO,"襖𨱽 áo dài
襖縺 áo len
襖䘹 áo lót"
泑,ào,"泑泑 ào ào
泑𣿌 ào ạt
嗢泑 ồn ào"
押,ÁP,"押解 áp giải
𤋾押 ấm áp"
押,ép,"押擦 ép sát
[翻]"
壓,ÁP,"血壓 huyết áp
壓倒 áp đảo
壓制 áp chế
電壓 điện áp
壓用 áp dụng
[翻]"
浥,ắp,𣹓浥 đầy ắp
邑,ẤP,"村邑 thôn ấp
[翻]"
邑,óp,邑執 óp xọp
𣿌,ạt,"泑𣿌 ào ạt
溩𣿌 ồ ạt"
𢖮,ắt,"𢖮沛 ắt phải
𢖮𱺵 ắt là"
漚,âu,"漚船 âu thuyền
漚艚 âu tàu"
嫗,ÂU,嫗姬 Âu Cơ
甌,ÂU,"甌鐄 âu vàng
甌𡊳 âu sành"
歐,ÂU,洲歐 Châu Âu
謳,ÂU,謳歌 âu ca
謳,âu,"謳拱 âu cũng
謳！𥄬𠫾𡥵 Âu! Ngủ đi con"
鷗,ÂU,海鷗 hải âu
幼,ẤU,苴幼 thơ ấu
巴,BA,巴戟 ba kích
巴,bơ,"巴𤷵 bơ phờ
[翻]"
芭,BA,芭蕉 ba tiêu
𠀧,ba,"𠀧𱑕 ba mươi
次𠀧 thứ ba
𠀧沛 ba phải
𠄼𠀧 dăm ba
𠀧被 ba bị"
爸,ba,爸媽 ba má
波,BA,"風波 phong ba
奔波 bôn ba
微波 vi ba
波蘭 Ba Lan
波花 ba hoa
[翻]"
耙,ba,釘耙 đinh ba
蚆,ba,𡥵蚆蚆 con ba ba
伯,BÁ,"伯父 bá phụ
師伯 sư bá
伯爵 bá tước
河伯 hà bá"
伯,bác,"注伯 chú bác
伯胡 Bác Hồ
伯𡛔 bác gái
[異]博"
播,BÁ,傳播 truyền bá
霸,BÁ,"稱雄稱霸 xưng hùng xưng bá
霸主 bá chủ
霸王 bá vương"
婆,BÀ,"婆外 bà ngoại
翁婆 ông bà
婆𫅷 bà già
𠄩婆徵 Hai Bà Trưng
襖婆𠀧 áo bà ba"
琶,BÀ,琵琶 tì bà
粑,bã,"𣷯粑 cặn bã
粑𨢇 bã rượu"
𢗌,bạ,𫌶𢗌 bậy bạ
簿,BẠ,名簿 danh bạ
簿,BỘ,"登簿 đăng bộ
鄉簿 hương bộ"
礮,bác,大礮 đại bác
薄,BẠC,"負薄 phụ bạc
背薄 bội bạc
薄𤾷 bạc phếch
薄殍 bạc bẽo"
礴,BẠC,磅礴 bàng bạc
北,BẮC,"方北 phương bắc
東北 đông bắc
北愛縺 Bắc Ai-len"
北,bấc,𩙍北 gió bấc
𢫣,bắc,𢫣橋 bắc cầu
堛,bậc,"級堛 cấp bậc
越堛 vượt bậc
𠬠堛聖人 một bậc thánh nhân
[翻]"
堛,bực,⇔堛bậc[翻]
百,BÁCH,"百合 bách hợp
百科 bách khoa
百貨 bách hoá
百姓 bách tính"
迫,BÁCH,"急迫 cấp bách
逼迫 bức bách
窘迫 quẫn bách
滌迫 sạch bách"
柏,BÁCH,"松柏 tùng bách
柏傘 bách tán"
白,BẠCH,"白金 bạch kim
明白 minh bạch
辯白 biện bạch
剒白 tách bạch"
㕷,bạch,𤃝㕷 lạch bạch
沛,BÁI,安沛 Yên Bái
沛,phải,"邊沛 bên phải
沛債 phải trái
沛𫜵哰 phải làm sao
沛如勢 phải như thế"
拜,BÁI,"崇拜 sùng bái
拜別 bái biệt
[翻]"
拜,vái,"懇拜 khấn vái
拜𥚄 vái lạy"
排,BÀI,"安排 an bài
排除 bài trừ
排兵布陣 bài binh bố trận"
排,bài,"排習 bài tập
排詩 bài thơ"
排,bày,"呈排 trình bày
𤐃排 giãi bày
徵排 trưng bày"
排,bầy,⇔排bày
牌,BÀI,"金牌 kim bài
牌位 bài vị
牌博 bài bạc"
罷,BÃI,"罷工 bãi công
罷兵 bãi binh
()"
𡓁,bãi,"𡓁𡋥 bãi cát
𡓁㴜 bãi biển
()"
敗,BẠI,"打敗 đánh bại
敗露 bại lộ
𥟹敗 lụi bại
勝敗 thắng bại
敗將 bại tướng
腐敗 hủ bại"
𢒎,bay,"𣛠𢒎 máy bay
𢒎𧊉 bay bướm
𢒎𫅤 bay lượn
[異]𠖤𩙻"
𠎩,bay,衆𠎩 chúng bay
𠎩,bây,⇔𠎩bay
𠤩,bảy,"𠤩𱑕 bảy mươi
次𠤩 thứ bảy
()"
𠤩,bẩy,⇔𠤩bảy
𱢤,bấy,"𱢤𣇞 bấy giờ
𱢤𱍿 bấy lâu
[異]閉"
𠍣,bầy,"𠍣碎 bầy tôi
𠍣𤢿 bầy sói
𠍣𤞺 bầy cáo"
擺,bẫy,"蹉𠓨擺 sa vào bẫy
()"
𫌶,bậy,𫌶𢗌 bậy bạ
𢵉,bám,"咹𢵉 ăn bám
[翻]"
稟,BẨM,"稟報 bẩm báo
賦稟 phú bẩm
𡀫稟 lẩm bẩm
[翻]"
班,BAN,"班𣎀 ban đêm
班曥 ban trưa
班頭 ban đầu
班編輯 ban biên tập
[翻]"
班,buôn,班迷屬 Buôn Ma Thuột
𦶾,ban,"花𦶾 hoa ban
𦶾西北 Ban Tây Bắc"
頒,BAN,"頒朱 ban cho
頒發 ban phát
𠸒頒 bảo ban"
本,BẢN,"基本 cơ bản
日本 Nhật Bản"
本,BỔN,"本分 bổn phận
本王 bổn vương
本報 bổn báo"
坂,bản,"坂廊 bản làng
坂社 bản xã"
板,BẢN,"木板 mộc bản
板𦃾 bản lề"
板,phản,板楛 phản gỗ
板,ván,𬌓板 tấm ván
版,BẢN,"出版 xuất bản
版草 bản thảo
再版 tái bản"
半,BÁN,"半島 bán đảo
北半球 bắc bán cầu
半𤯩半𣩂 bán sống bán chết"
𬥓,bán,"𧷸𬥓 mua bán
𬥓行 bán hàng"
𠴞,bàn,"𠴞𠳚 bàn cãi
𠴞博 bàn bạc
𠴞論 bàn luận
𠴞𠾎 bàn tán
[異]𡂑"
槃,BÀN,涅槃 niết bàn
磐,BÀN,磐石 bàn thạch
盤,BÀN,"盤羅 bàn là
琫盤 bóng bàn
地盤 địa bàn
盤棋 bàn cờ
盤𧦕 bàn ghế
()"
伴,BẠN,"伴佊 bạn bè
結伴 kết bạn
伴共笠 bạn cùng lớp"
伴,vạn,伴䊷 vạn chài
叛,BẠN,叛逆 bạn nghịch
𠺚,băn,𠺚𡂷 băn khoăn
𢏑,bắn,"𢏑銃 bắn súng
𢏑信 bắn tin
𢏑箭 bắn tên"
𣵲,bẩn,"𣵲吵 bẩn thỉu
洳𣵲 nhơ bẩn
垢𣵲 cáu bẩn
膠𣵲 keo bẩn"
邦,BANG,"小邦 tiểu bang
聯邦 liên bang
番邦 phiên bang"
幫,BANG,"丐幫 cái bang
幫會 bang hội
幫派 bang phái"
榜,BẢNG,"榜眼 bảng nhãn
副榜 phó bảng
榜黰 bảng đen
榜統計 bảng thống kê
𤥑鬥榜 vòng đấu bảng"
榜,bảng,榜𨅉 bảng lảng
榜,BÀNG,彷徨 bàng hoàng
榜,PHẢNG,"彷彿 phảng phất
[翻]"
榜,vưởng,沕彷 vất vưởng
㥬,bàng,"𢜢㥬 bẽ bàng
坌㥬 bộn bàng"
膀,BÀNG,膀胱 bàng quang
磅,BÀNG,磅礴 bàng bạc
龐,BÀNG,"鴻龐 Hồng Bàng
𣱆龐 họ Bàng"
氷,BĂNG,"㨂氷 đóng băng
氷𬰊 băng giá
氷翁 băng ông"
氷,bâng,"氷傾 bâng khuâng
氷撾 bâng quơ"
崩,BĂNG,"崩遐 băng hà
崩駕 băng giá
崩血 băng huyết
𣇟崩 sao băng"
繃,BĂNG,"繃抪 băng bó
繃𢬣 băng tay
㧅繃 đeo băng
𧦕繃 ghế băng
茹繃 nhà băng"
𬦋,băng,"𬦋過 băng qua
消𬦋 tiêu băng
𬦋涳 băng xăng
越𤂬𬦋嵃 vượt suối băng ngàn"
朋,BẰNG,"朋友 bằng hữu
[翻]"
憑,BẰNG,"憑證 bằng chứng
文憑 văn bằng
證明憑事寔 chứng minh bằng sự thực"
鵬,BẰNG,𪀄鵬 chim bằng
捠,banh,"捠眜 banh mắt
𤏬捠 sáng banh
跢捠 đá banh"
餅,bánh,"餅蒸 bánh chưng
餅麪 bánh mì
餅車 bánh xe
餅梩 bánh lái
[異]𩛄"
彭,BÀNH,𣱆彭 họ Bành
彭,bành,"𧦕彭 ghế bành
腥彭 tanh bành"
包,BAO,"包襆 bao bọc
包劍 bao kiếm
包含 bao hàm
包容 bao dung
[翻]"
包,bao,"包饒 bao nhiêu
包𣇞 bao giờ
炳包 bảnh bao
[翻]"
保,BẢO,"保護 bảo hộ
擔保 đảm bảo
保持 bảo trì
保行 bảo hành"
保,BỬU,⇔保bảo[翻]
保,bầu,"保舉 bầu cử
評保 bình bầu
𠫾保 đi bầu
[翻]"
𠸒,bảo,"勸𠸒 khuyên bảo
𠰺𠸒 dạy bảo"
寶,BẢO,"寶物 bảo vật
寶劍 bảo kiếm
()"
寶,BỬU,"文房四寶 văn phòng tứ bửu
寶貝 bửu bối
⇔寶bảo"
寶,báu,"貴寶 quý báu
寶物 báu vật
珠寶 châu báu"
豹,BÁO,"豹𤜬 báo săn
豹獅子 báo sư tử"
報,BÁO,"報誌 báo chí
報恩 báo ân
報讎 báo thù
茹報 nhà báo
報夢 báo mộng
報信 báo tin"
刨,BÀO,"刨楛 bào gỗ
丐刨 cái bào"
袍,BÀO,炮製 bào chế
袍,PHÁO,"炮臺 pháo đài
炮花 pháo hoa"
袍,BÀO,襖袍 áo bào
抱,BÃO,懷抱 hoài bão
雹,bão,"𩙍雹 gió bão
雹𡋥 bão cát
𩘪雹 dông bão
𤴬雹 đau bão
雹咂 bão táp"
怉,bạo,"怉𢢀 bạo dạn
怉𠰘 bạo miệng
舉止窒怉 cử chỉ rất bạo"
暴,BẠO,"暴力 bạo lực
粗暴 thô bạo
暴動 bạo động
暴行 bạo hành
殘暴 tàn bạo
暴虐 bạo ngược"
𣔟,bắp,"𣔟荎 bắp chuối
𣔟芥 bắp cải
𣔟蹎 bắp chân
[翻]"
八,BÁT,"七八 thất bát
八仙 bát tiên
八角 bát giác
八索 bát sách
八𬇣 bát nháo
八𬳜 bát ngát"
八,bạch,八足 bạch tuộc
八,bét,"八 bét
數點𥪝㗂㑝俚𤞼。Sốđếmtrongtiếnglóngláilợn."
般,BÁT,般若 Bát Nhã
鉢,BÁT,"鉢𥐨 bát đĩa
鉢𩚵 bát cơm"
潑,BÁT,"活潑 hoạt bát
[翻]"
拔,BẠT,"提拔 đề bạt
拔劍 bạt kiếm"
拔,bạt,"拔𤽶 bạt vía
拔艚 bạt tầu
拔命 bạt mạng
𨄂拔 lang bạt
拔𦖻 bạt tai
拔𡶀拫瀧 bạt núi ngăn sông"
扒,bắt,"扒𫃚 bắt buộc
扒着 bắt chước
扒脈 bắt mạch
扒𡃓 bắt bớ
扒﨤 bắt gặp
[異]撥抔"
不,BẤT,"不安 bất an
不期 bất kì
不執 bất chấp
不𥓉𥘃 bất thình lình"
弼,bật,"弼焒 bật lửa
弼畑 bật đèn
[翻]"
匏,bầu,"匏𡗶 bầu trời
彈匏 đàn bầu
固匏 có bầu
匏欲 bầu dục
匏苾 bầu bí
匏空氣 bầu không khí"
𠾦,be,𠾦𠾦 be be
𣛥,be,"𣛥𨢇 be rượu
𣛥𦩰 be xuồng"
𡮣,bé,"𡮣𡮈 bé nhỏ
𡮣𤊡 bé bỏng
[異]𡮤"
佊,bè,"佊伴 bè bạn
佊黨 bè đảng"
𤿤,bè,"艚𤿤 tầu bè
船𤿤 thuyền bè
𤿤𥫭 bè nứa"
𠶎,bê,𠶎𦁀 bê bối
閉,BẾ,"封閉 phong bế
閉關 bế quan
閉幕 bế mạc"
嬖,bế,"捧嬖 bồng bế
嬖㛪 bế em"
陛,BỆ,"陛下 bệ hạ
陛衛 bệ vệ
堂陛 đường bệ
下陛 hạ bệ
陛𨷯 bệ cửa
陛平 bệ bằng
[翻]"
䏶,bệ,"䏶𫄈 bệ rạc
䏶䐭 bệ sệ"
𠷊,bèn,"應意、𠷊𧷸𬆄 ưng ý, bèn mua ngay
[異]卞𠂪"
𤅶,bến,"𤅶渃 bến nước
𤅶艔 bến đò
𤅶港 bến cảng
[異]𡔖()"
𥾽,bền,"𥾽凭 bền vững
𥾽比 bền bỉ
[翻]"
𦛼,bênh,"𦛼掝 bênh vực
乏𦛼 bấp bênh
㑲𦛼𦛼 nằm bênh bênh"
病,BỆNH,"病疾 bệnh tật
病感 bệnh cảm
病院 bệnh viện
病人 bệnh nhân"
病,bịnh,⇔病bệnh
脿,béo,脿𦡡 béo ngậy
𠰏,bép,𠰏㴙 bép xép
𠰏,bom,"𠰏彈 bom đạn
[翻]"
𤇮,bếp,"茹𤇮 nhà bếp
𤇮焒 bếp lửa
刀𤇮 dao bếp
[翻]"
啤,bi,"筆啤 bút bi
[翻]"
悲,BI,"悲劇 bi kịch
悲哀 bi ai
悲慘 bi thảm
悲觀 bi quan
愁悲 sầu bi
悲切 bi thiết"
碑,BI,"碑記 bi kí
碑文 bi văn"
碑,bia,"碑墓 bia mộ
𢏑碑 bắn bia"
比,BỈ,"渃比 nước Bỉ
𥾽比 bền bỉ"
比,TỈ,"比對 tỉ đối
比例 tỉ lệ
比喻 tỉ dụ
比如 tỉ như
比丘 tỉ khưu"
比,TÌ,比丘 tì kheo
比,TỊ,推比 suy tị
比,bì,"分比 phân bì
𬧺比 so bì
推比 suy bì"
鄙,BỈ,粗鄙 thô bỉ
秘,BÍ,"秘傳 bí truyền
秘密 bí mật
秘訣 bí quyết
秘書 bí thư
秘名 bí danh
秘𡌀 bí bết"
被,BÍ,植物被子 thực vật bí tử
被,BỊ,"𠀧被 ba bị
被動 bị động
被告 bị cáo"
皮,BÌ,"封皮 phong bì
包皮 bao bì
陳皮 trần bì
下皮 hạ bì"
皮,bề,"皮𩈘 bề mặt
皮外 bề ngoài
坌皮 bộn bề"
備,BỊ,"準備 chuẩn bị
設備 thiết bị"
𣖾,bị,𠹌抇𬘋𣖾 năng nhặt chặt bị
𨡕,bia,𨢇𨡕 rượu bia
碧,BÍCH,"玉碧 ngọc bích
[翻]"
碧,biếc,"青碧 xanh biếc
𦬩碧 lộc biếc"
礔,bịch,"礔𦙏 bịch ngực
𠐔礔 lố bịch
砰礔 bình bịch
𬦮礔𠬠丐 nhảy bịch một cái"
編,BIÊN,"正編 chính biên
編撰 biên soạn"
邊,BIÊN,"邊界 biên giới
邊防 biên phòng
邊疆 biên cương
()"
邊,bên,"邊𥪝 bên trong
邊𨑗 bên trên
邊沛 bên phải"
邊,ven,"邊瀧 ven sông
邊㴜 ven biển"
匾,BIỂN,"匾號 biển hiệu
匾數 biển số
匾廣告 biển quảng cáo"
㴜,biển,"㴜𪥘󠄁 biển cả
𩈘㴜 mặt biển
坡㴜 bờ biển
[異]𤅶"
遍,BIẾN,普遍 phổ biến
變,BIẾN,"變𠅒 biến mất
應變 ứng biến
變化 biến hoá
政變 chính biến
()"
辨,BIỆN,辨別 biện biệt
辦,BIỆN,"辦法 biện pháp
辦𨢇 biện rượu"
辯,BIỆN,"辯論 biện luận
雄辯 hùng biện
辯白 biện bạch
辯駁 biện bác"
怲,biếng,𢜞怲 lười biếng
別,BIỆT,"𠫾別 đi biệt
別離 biệt li
別吣 biệt tăm
駢別 biền biệt
別墅 biệt thự"
別,biết,"別讀 biết đọc
別條 biết điều
曉別 hiểu biết"
表,BIỂU,"代表 đại biểu
表現 biểu hiện
表圖 biểu đồ
時課表 thời khoá biểu"
表,bẻo,"表𣱾 bẻo lẻo
棹表 chèo bẻo"
俵,BIẾU,"敬俵 kính biếu
俵釧 biếu xén"
兵,BINH,"兵士 binh sĩ
憲兵 hiến binh
兵𪜯 binh lính"
秉,bỉnh,嗙秉 bướng bỉnh
平,BÌNH,"平安 bình an
平原 bình nguyên
不平 bất bình
平等 bình đẳng
和平 hoà bình
[翻]"
平,bằng,"平僥 bằng nhau
垌平 đồng bằng
公平 công bằng
平𢚸 bằng lòng
𠬠共𠬠平𠄩 một cộng một bằng hai"
屏,BÌNH,𬌓屏風 tấm bình phong
瓶,BÌNH,"瓶渃 bình nước
瓶𨢇 bình rượu"
評,BÌNH,"評論 bình luận
評品 bình phẩm"
𧦟,bịp,"驢𧦟 lừa bịp
𧦟姂 bịp bợm"
𧦟,mớp,縸𧦟 mắc mớp
蔽,bít,"𭇛蔽 bưng bít
蔽膝 bít tất
[翻]"
莂,bịt,"莂𦖻 bịt tai
莂𩈘 bịt mặt
莂𤿰 bịt trống
𪖫箭莂鉄 mũi tên bịt sắt"
褓,bịu,"𠬠褓裙襖 một bịu quần áo
泮褓 bận bịu"
𠬃,bỏ,"恄𠬃 ghét bỏ
𠬃過 bỏ qua
辭𠬃 từ bỏ
𨑥𠬃 vứt bỏ
[異]補"
抪,bó,"繃抪 băng bó
[異]𥿠咘"
𤙭,bò,"𤙭𡣨 bò cái
𤙭㴜 bò biển
裙𤙭 quần bò
餅𤙭 bánh bò"
𨁏,bò,"𧋻𨁏 rắn bò
𨁏𨑜𡐙 bò dưới đất
[異]𨆶"
𧌂,bọ,螻𧌂 sâu bọ
俌,bô,俌老 bô lão
𥮉,bô,䈵𥮉 ống bô (pô)
捕,bổ,"捕檜 bổ củi
捕洆 bổ chửng"
補,BỔ,"補充 bổ sung
修補 tu bổ
補血 bổ huyết
補語 bổ ngữ"
補,bù,"搷補 đền bù
補㙮 bù đắp"
布,BỐ,"布告 bố cáo
布置 bố trí
頒布 ban bố
布局 bố cục
分布 phân bố"
菩,BỒ,"菩薩 bồ tát
菩提 bồ đề"
𪁭,bồ,"𪁭鳩 bồ câu
𪁭𪇌 bồ nông
𡨸𥱬㗂輔𠓀𥪝詞（只得使用𥪝𠸜𧵑各類𪀄）Chữghitiếngphụtrướctrongtừ(chỉđượcsửdụngtrongtêncủacácloàichim)"
步,BỘ,"𠫾步 đi bộ
百步 bách bộ
同步 đồng bộ
塘步 đường bộ
步兵 bộ binh
𪜯水打步 lính thuỷ đánh bộ"
步,bộ,步𠏭𠎩𧡊𢥇𡗋咍哰丕？ Bộ tụi bây thấy chán lắm hay sao vậy?
部,BỘ,"部分 bộ phận
幹部 cán bộ
部樣 bộ dạng
𫜵部 làm bộ
全部 toàn bộ
部裙襖 bộ quần áo"
部,bậu,"部𨷯 bậu cửa
部𠫾共戈 bậu đi cùng qua"
𠴙,bở,"𧃷𠴙 khoai bở
想𠴙 tưởng bở
𫼻𠴙 vớ bở"
坡,bờ,"坡㴜 bờ biển
坡𬏇 bờ ruộng
坡梨俱 Bờ-lây-cu (Pleiku)"
𭢨,bợ,"暫𭢨 tạm bợ
佞𭢨 nịnh bợ"
剝,bóc,"剝蛻 bóc lột
剝𤿭 bóc vỏ"
襆,bọc,"包襆 bao bọc
𦅰襆 đùm bọc"
扑,bốc,"扑籤 bốc thăm
扑𫇿 bốc thuốc"
僕,BỘC,奴僕 nô bộc
爆,BỘC,爆發 bộc phát
𧴤,bói,䀡𧴤 xem bói
𫽗,bôi,"𫽗渘 bôi nhọ
𫽗駁 bôi bác"
貝,BỐI,寶貝 bảo bối
貝,với,"對貝 đối với
𠫾貝埃 đi với ai"
背,BỐI,背景 bối cảnh
背,BỘI,"背約 bội ước
背薄 bội bạc
背恩 bội ơn"
𦁀,bối,"𦁀𦇒 bối rối
𠶎𦁀 bê bối"
輩,BỐI,"前輩 tiền bối
後輩 hậu bối
長輩 trưởng bối"
培,BỒI,"培養 bồi dưỡng
培補 bồi bổ
培㙮 bồi đắp
紙培 giấy bồi"
徘,BỒI,"徘徊 bồi hồi
徘盤 bồi bàn"
賠,BỒI,"賠償 bồi thường
賠還 bồi hoàn"
佩,BỘI,"佩服 bội phục
玉佩 ngọc bội"
佩,bội,喝佩 hát bội
倍,BỘI,"倍數 bội số
扱倍 gấp bội
[翻]"
𬈺,bơi,"𣘊𬈺 đồ bơi
𬈺過瀧 bơi qua sông
[翻]"
𤳸,bởi,"𤳸爲 bởi vì
𤳸在 bởi tại
[異]𤳷()"
捭,bới,"捭𢪮 bới móc
掏捭 đào bới"
𢱎,bời,"𦇒𢱎 rối bời
𨔈𢱎 chơi bời"
姂,bợm,"𧦟姂 bịp bợm
姂𫅷 bợm già
姂𠻼 bợm nhậu"
𨁼,bon,𨁼𢫔 bon chen
𢫆,bón,"𢫆糞 bón phân
[翻]"
𡇐,bọn,"結𡇐 kết bọn
𡇐𠋥 bọn mày"
𦊚,bốn,"𦊚方 bốn phương
茹𦊚層 nhà bốn tầng"
盆,BỒN,"盆栽 bồn tài
盆地 bồn địa
蘿搽盆 lá chà bồn
臨盆 lâm bồn
瀧秋盆 sông Thu Bồn
盆𤶐 bồn chồn"
𤊡,bỏng,"被𤊡 bị bỏng
𤊡吳 bỏng ngô"
𤊡,phỏng,⇔𤊡bỏng
𡞗,bóng,"僮𡞗 đồng bóng
[異]俸"
𣈖,bóng,"𨅸𣈖 đứng bóng
𤏬𣈖 sáng bóng
𣈖𪵅 bóng lộn
𣈖𣘃 bóng cây
𣈖𠖾 bóng mát
[異]䏾"
葻,bông,"葻花 bông hoa
𧜖葻 chăn bông
𤠰葻 gấu bông
[異]芃"
俸,BỔNG,"糧俸 lương bổng
學俸 học bổng"
𩗴,bổng,"𢒎𩗴 bay bổng
𢩮𩗴 nhấc bổng"
唪,bỗng,"唪𡎺 bỗng chốc
唪然 bỗng nhiên
𦰟畑唪𤎕 ngọn đèn bỗng tắt
[異]俸"
𢯒,bóp,𢯒𭡽 bóp thắng
渤,bọt,"渃渤 nước bọt
䕯渤 bèo bọt
渤㳥 bọt sóng"
𥩾,bốt,𥩾擱 bốt gác
勃,BỘT,"勃麪 bột mì
勃𦭷青 bột màu xanh
蓬勃 bồng bột
勃發 bột phát
勃起 bột khởi
[翻]"
抔,bớt,"減抔 giảm bớt
添抔 thêm bớt
咹抔 ăn bớt
抔稅 bớt thuế"
䈻,bu,丐䈻抵𡳝𪃿 cái bu để rốt gà
咘,bú,"咘𣼺 bú mớm
[翻]"
耚,bừa,"𦓿耚 cày bừa
耚𡓁 bừa bãi"
𩛷,bữa,"𩛷咹 bữa ăn
𩛷席 bữa tiệc"
逼,BỨC,"逼供 bức cung
逼迫 bức bách"
幅,BỨC,"幅幀 bức tranh
幅墻 bức tường"
煏,bức,𤎏煏 nóng bức
輻,BỨC,輻射 bức xạ
愊,bực,"𢞂愊 buồn bực
愊𨂔 bực dọc"
裴,BÙI,𣱆裴 họ Bùi
裴,bùi,裴𦖻 bùi tai
𡏧,bụi,"𡏧𠁀 bụi đời
𡏧𠹰 bụi bặm"
𦹷,bụi,"𦹷葚 bụi rậm
𣘃𦹷 cây bụi
[翻]"
䮇,buýt,車䮇 xe buýt
湓,bùn,"𡐙湓 đất bùn
湓浰 bùn lầy
[翻]"
熢,bùng,"熢砮 bùng nổ
熢發 bùng phát"
䏾,bụng,"䏾胣 bụng dạ
𩟡䏾 đói bụng"
𭇛,bưng,"𭇛蔽 bưng bít
[異]𢬄"
𤇊,bừng,"𧹻𤇊 đỏ bừng
熷𤇊 tưng bừng"
𫃚,buộc,"抪𫃚 bó buộc
繓𫃚 trói buộc
扒𫃚 bắt buộc
[異]纀𦂿𥾾"
𨀈,bước,"𨀈𠫾 bước đi
𨀈𬧐 bước tới
拮𨀈 cất bước"
𣇜,buổi,"𣇜𣋁 buổi tối
𣇜𤏬 buổi sáng"
帆,buồm,𦑃帆 cánh buồm
𧊉,bướm,"𧊉𧊉 bươm bướm
𧊉𣎀 bướm đêm
𢒎𧊉 bay bướm"
𧊉,bươm,"𧊉𧊉 bươm bướm
⇔𧊉bướm"
販,buôn,"販𬥓 buôn bán
販轉 buôn chuyến
[異]奔"
𢞂,buồn,"𢞂𱟓 buồn rầu
信𢞂 tin buồn
𢞂𥄬 buồn ngủ"
捹,buông,"捹挵 buông lỏng
捹赦 buông tha
捹㗰 buông tuồng
捹𣵶 buông xuôi"
椖,buồng,"椖浸 buồng tắm
椖梩 buồng lái
椖絁 buồng the
椖絩 buồng thêu
椖𱑛 buồng trứng
椖荎 buồng chuối
[異]蓬𢩣𱟧"
嗙,bướng,嗙秉 bướng bỉnh
嗙,phèng,嗙嗙 phèng phèng
𫄂,buột,"𫄂𠰘 buột miệng
𫄂𢬣 buột tay"
芣,búp,"茶芣 chè búp
芣笀 búp măng
[翻]"
芣,bụp,"㡴芣 lụp bụp
[翻]"
筆,BÚT,"筆啤 bút bi
筆𣛠 bút máy
筆鈘 bút chì
隨筆 tuỳ bút
[翻]"
侼,bụt,"翁侼 ông Bụt
𩂐侼 dâm bụt"
郵,BƯU,"郵件 bưu kiện
郵帖 bưu thiếp
郵影 bưu ảnh
郵電 bưu điện"
迦,CA,德釋迦 Đức Thích Ca
迦,ga,"𦎡迦逋 Xinh-ga-po(bo)
[翻]"
哥,CA,大哥 đại ca
哥,KHA,"楊三哥 Dương Tam Kha
蒙哥 Mông Kha"
喀,ca,"叫喀 kêu ca
交喀 giao ca
[翻]"
歌,CA,"歌士 ca sĩ
山歌 sơn ca
歌𠿿 ca ngợi
歌頌 ca tụng
凱歌 khải ca
唱歌 xướng ca"
歌,cà,"歌毛 Cà Mau
𡨸尼得讀如格發音尼只𥪝名詞𥢆尼。Chữnàyđượcđọcnhưcáchphátâmnàychỉtrongdanhtừriêngnày."
𪥘󠄁,cả,"悉𪥘󠄁 tất cả
𪥘󠄁茹 cả nhà
仉𪥘󠄁 kẻ cả
[異]奇"
亇,cá,"亇度 cá độ
亇挶 cá cược
亇𥅘 cá nháy"
個,CÁ,"個別 cá biệt
個人 cá nhân
個性 cá tính"
𩵜,cá,"𡥵𩵜 con cá
𩵜馭 cá ngựa
𩵜𩸄 cá quả"
茄,cà,"茄𦻳 cà tím
茄䣷 cà chua
茄𡳝 cà-rốt"
㧝,cà,"㧝椒 cà tiêu
𤛠㧝𨉞𠓨𣘃 trâu cà lưng vào cây"
袈,CÀ,袈裟 cà sa
各,CÁC,"各伴 các bạn
各位 các vị"
閣,CÁC,"內閣 nội các
閨閣 khuê các
[翻]"
閣,gác,閣𠻴 gác lửng
革,CÁCH,"革命 cách mạng
革職 cách chức"
格,CÁCH,"格式 cách thức
特格 đặc cách
性格 tính cách
規格 quy cách
攊格 lách cách"
隔,CÁCH,"隔賒 cách xa
隔低 cách đây
隔音 cách âm
隔別 cáchbiệt
隔離 cách li
隔阻 cách trở"
骼,CÁCH,骨骼 cốt cách
改,CẢI,"改善 cải thiện
改良 cải lương
改正 cải chính
改𡏢 cải mả"
丐,cái,"丐尼 cái này
丐茹 cái nhà
丐𢃱 cái mũ"
蓋,CÁI,蓋世 cái thế
𡣨,cái,"𡨸𡣨 chữ cái
𤙭𡣨 bò cái
蕊𡣨 nhị cái
[異]𡛔"
𠳚,cãi,"爭𠳚 tranh cãi
𠴞𠳚 bàn cãi"
𨐮,cay,"𨐮䔲 cay đắng
𨐮勾 cay cú"
𦓿,cày,"捁𦓿 kéo cày
𫁵𦓿 điếu cày"
𦓿,cầy,⇔𦓿cày
𣘃,cây,"𣘃樻 cây cối
𣘃樋 cây thông"
𥝽,cấy,"𥝽穭 cấy lúa
[翻]"
甘,CAM,"甘願 cam nguyện
甘結 cam kết
不甘 bất cam
甘𠹾 cam chịu
甘露 cam lộ
[翻]"
柑,CAM,"䏧柑 da cam
柑桔 cam quýt
柑𡊳 cam sành
𦭷柑 màu cam"
疳,CAM,"病疳 bệnh cam
疳㾹 cam sài"
感,CẢM,"感恩 cảm ơn
感想 cảm tưởng
感動 cảm động"
感,cám,"感景 cám cảnh
感誘 cám dỗ
感恩 cám ơn"
𥽇,cám,𥺑𥽇 tấm cám
橄,cạm,橄擺 cạm bẫy
㤌,căm,"㤌㘋 căm hờn
㤌𢚷 căm giận"
㩒,cắm,"㩒寨 cắm trại
塢㩒 ổ cắm"
扲,cặm,"扲𢷴 cặm cụi
扲𪲍 cặm nêu"
噤,câm,"噤𠰘 câm miệng
劇噤 kịch câm
噤𦖡 câm điếc"
唫,cẩm,"𡀫唫 lẩm cẩm
𫣅唫 ngài cẩm"
錦,CẨM,"錦繡 cẩm tú
[翻]"
錦,gấm,錦𦄾 gấm vóc
禁,CẤM,"禁斷 cấm đoán
禁忌 cấm kị
嚴禁 nghiêm cấm
禁止 cấm chỉ
禁地 cấm địa
禁口 cấm khẩu"
芩,CẦM,黃芩 hoàng cầm
琴,CẦM,"洋琴 dương cầm
古琴 cổ cầm"
禽,CẦM,"禽獸 cầm thú
家禽 gia cầm"
擒,CẦM,"擒權 cầm quyền
監擒 giam cầm
擒𢬣 cầm tay
擒囚 cầm tù"
干,CAN,"干犯 can phạm
干係 can hệ
干戈 can qua
干拫 can ngăn
天干 Thiên Can
干打僥 can đánh nhau
[翻]"
杆,CAN,"欄杆 lan can
紙杆 giấy can"
肝,CAN,"心肝 tâm can
肝腸 can trường
肝膽 can đảm"
肝,gan,𫰅肝𡘯𦟽 to gan lớn mật
捍,cản,捍阻 cản trở
桿,cán,"桿斤 cán cân
桿刀 cán dao"
擀,CÁN,"擀𨨧 cán thép
擀麪𥾘 cán mì sợi
被車擀 bị xe cán"
㨴,càn,"𫜵㨴 làm càn
㨴𢭯 càn quét"
𣴓,cạn,"噥𣴓 nông cạn
北𣴓 Bắc Kạn (Cạn)"
根,CĂN,"根源 căn nguyên
根病 căn bệnh
根房 căn phòng
根腳 căn cước
根𢱨 căn vặn
根吲 căn dặn"
哏,cắn,"哏𪘵 cắn răng
㹥哏 chó cắn"
𣝀,cằn,"𣝀𦓊 cằn cỗi
𣝀㧢 cằn nhằn"
巾,CÂN,巾帶 cân đai
巾,khăn,"巾襖 khăn áo
巾𢬣 khăn tay
巾㨂 khăn đóng"
斤,CÂN,"淬斤 sút cân
𬨠斤 lên cân
桿斤 cán cân
斤𢩮 cân nhắc
斤對 cân đối
三角斤 tam giác cân"
筋,CÂN,筋肉 cân nhục
筋,gân,"筋骨 gân cốt
筋槶 gân guốc"
謹,CẨN,"信謹 tin cẩn
謹慎 cẩn thận
不謹 bất cẩn
謹密 cẩn mật
[翻]"
芹,CẦN,"蔞芹 rau cần
芹苴 Cần Thơ
芹沙 cần sa"
竿,cần,"竿鉤 cần câu
竿𫽚 cần cẩu"
勤,CẦN,"殷勤 ân cần
勤儉 cần kiệm
後勤 hậu cần
勤劬 cần cù"
懃,cần,"不懃 bất cần
懃急 cần kíp
懃切 cần thiết
[異]勤"
近,CẬN,"接近 tiếp cận
附近 phụ cận
親近 thân cận
近代 cận đại
近視 cận thị"
近,gần,"近𨗥 gần gũi
近如 gần như
近低 gần đây
[翻][異]𧵆"
近,gận,"近近 gần gận
⇔近gần[翻]"
港,CẢNG,"海港 hải cảng
𤅶港 bến cảng
港軍事 cảng quân sự"
𪨈,càng,"𪨈欣 càng hơn
𪨈佟𪨈𢝙 càng đông càng vui
薑𪨈𫅷𪨈𨐮 gừng càng già càng cay
[異]強彊"
𫋙,càng,"𫋙𧍆 càng cua
蜆𫋙 kiến càng
𫋙車𤙭 càng xe bò
𫋙炮 càng pháo
𢬣𫋙𧵑鉗共力 tay càng của kìm cộng lực"
矜,CĂNG,"驕矜 kiêu căng
[翻]"
矜,găng,"𠄩邊矜 hai bên găng
情形抔矜 tình hình bớt găng
矜𢬣 găng tay"
更,CANH,"更𣌉 canh khuya
擒更 cầm canh
更新 canh tân
更博 canh bạc
更𨷯 canh cửa
更庫 canh kho"
更,CÁNH,自力更生 tự lực cánh sinh
耕,CANH,"耕作 canh tác
深耕 thâm canh"
羹,CANH,"羹䣷 canh chua
𩚵羹 cơm canh
餅羹 bánh canh
羹𫇿 canh thuốc
羹蜜 canh mật"
景,CẢNH,"風景 phong cảnh
景觀 cảnh quan
背景 bối cảnh
配景 phối cảnh"
景,kiểng,⇔景cảnh
境,CẢNH,"環境 hoàn cảnh
入境 nhập cảnh
境遇 cảnh ngộ"
境,kiểng,⇔境cảnh
警,CẢNH,"警察 cảnh sát
警報 cảnh báo
警醒 cảnh tỉnh
警官 cảnh quan"
警,kiểng,⇔警cảnh
耿,cánh,耿耿 canh cánh
耿,canh,"耿耿 canh cánh
⇔耿cánh"
梗,CÁNH,桔梗 cát cánh
梗,ngành,"𦰟梗 ngọn ngành
梗工業 ngành công nghiệp
共梗 cùng ngành"
梗,nhành,⇔梗ngành
竟,CÁNH,究竟 cứu cánh
𦑃,cánh,"拮𦑃 cất cánh
𦑃𢬣 cánh tay
𦑃垌 cánh đồng
花梅固𠄼𦑃 hoa mai có năm cánh"
莄,cành,"莄𣘃 cành cây
莄幡 cành phan
莄蘔 cành nhánh
[異]梗"
𧣲,cạnh,"邊𧣲 bên cạnh
𧣲𥉯 cạnh khoé
㓶𧣲 khía cạnh"
高,CẠNH,競爭 cạnh tranh
高,ganh,"競𨅮 ganh đua
競比 ganh tị"
高,CAO,"高𡘯 cao lớn
高度 cao độ
歲高 tuổi cao
𣘃高粱 cây cao lương
[翻]"
膏,CAO,"膏虎骨 cao hổ cốt
膏粱美味 cao lương mĩ vị
膏蒭 cao-su"
告,CÁO,"告別 cáo biệt
廣告 quảng cáo
抗告 kháng cáo
被告 bị cáo
告辭 cáo từ
告官 cáo quan"
𤞺,cáo,"𤞺𫅷 cáo già
𡥵𤞺 con cáo"
誥,CÁO,平吳大誥 Bình Ngô đại cáo
搞,cào,蒲搞 bồ cào
哈,cáp,哈光 cáp quang
哈,ngáp,"哈𨱽 ngáp dài
[翻]"
𢲩,cắp,"咹𢲩 ăn cắp
仉𢲩 kẻ cắp
[異]𠎨"
笈,cặp,"笈𥰇 cặp kè
笈對 cặp đôi
[翻]"
笈,kíp,秘笈 bí kíp
靸,cặp,"靸䏧 cặp da
靸𠫾學 cặp đi học"
急,CẤP,"急迫 cấp bách
危急 nguy cấp"
急,gấp,"急𢰽 gấp gáp
急捽 gấp rút"
急,kíp,懃急 cần kíp
級,CẤP,"上級 thượng cấp
中級 trung cấp
超級 siêu cấp
[翻]"
給,CẤP,供給 cung cấp
及,CẬP,"追及 truy cập
不及 bất cập
提及 đề cập
及笄 cập kê"
及,kịp,"及時 kịp thời
𦤾及 đến kịp
蹺及 theo kịp
[翻]"
及,vập,橅及 vồ vập
忣,cập,"𤇥忣 lập cập
忣𢙼 cập kễnh
憞忣忣 run cầm cập"
忣,cầm,"忣忣 cầm cập
⇔忣cập"
吉,CÁT,"吉祥 cát tường
[翻]"
𡋥,cát,"雹𡋥 bão cát
𡓁𡋥 bãi cát"
葛,CÁT,"葛藤 cát đằng
𣱆諸葛 họ Gia Cát"
割,CÁT,割據 cát cứ
割,cắt,"割𦹯 cắt cỏ
割義 cắt nghĩa"
詰,CẬT,詰問 cật vấn
詰,gạt,"𬐸詰 lừa gạt
量詰 lường gạt
[翻]"
槹,cau,"𣘃槹 cây cau
𦺓槹 trầu cau"
勾,CÂU,勾結 câu kết
勾,cú,"膠勾 keo cú
𨐮勾 cay cú
勾癒 cú rũ"
句,CÂU,"句𠳨 câu hỏi
句詩 câu thơ
句文 câu văn"
句,CÚ,"句句 câu cú
句格 cú cách
句法 cú pháp
𠬠句電話 một cú điện thoại"
拘,CÂU,"拘泥 câu nệ
拘束 câu thúc"
拘,CÂU,俱樂部 câu lạc bộ
拘,CỤ,"俱備 cụ bị
俱全 cụ toàn"
拘,cu,"坡梨俱 Bờ-lây-cu (Pleiku)
𡨸尼得讀如格發音尼只𥪝名詞𥢆尼。Chữnàyđượcđọcnhưcáchphátâmnàychỉtrongdanhtừriêngnày."
拘,cụ,"俱翁 cụ ông
俱嫩 cụ non
師俱 sư cụ"
鉤,CÂU,"鉤𩵜 câu cá
𦧜鉤 lưỡi câu"
鳩,câu,"𪁭鳩 bồ câu
翁鳩 ông câu"
苟,CẨU,苟且 cẩu thả
㧨,cấu,"搞㧨 cào cấu
㧨㧼 cấu véo
㧨扯 cấu xé"
媾,CẤU,交媾 giao cấu
構,CẤU,"機構 cơ cấu
構造 cấu tạo
虛構 hư cấu
構成 cấu thành
構結 cấu kết
構思 cấu tứ"
求,CẦU,"要求 yêu cầu
求奇 cầu kì
求救 cầu cứu
請求 thỉnh cầu"
球,CẦU,"形球 hình cầu
球𣯡 cầu lông
跢球 đá cầu
半球 bán cầu"
球,giu,阮福永球 Nguyễn Phúc Vĩnh Giu
舅,cậu,"舅𫲎 cậu mợ
舅𪥘󠄁 cậu cả"
𢮩,co,𢮩肌 co cơ
𦹯,cỏ,"𡓁𦹯 bãi cỏ
𦹯𦱊 cỏ tranh
[異]𦹵"
瞿,cò,"瞿銃 cò súng
瞿鋸 cò cưa
瞿𥰇 cò kè"
𪂲,cò,"𡥵𪂲 con cò
𪂲𩝇 cò mồi
爐𪂲 lò cò
濁渃脿𪂲 đục nước béo cò"
孤,CÔ,"孤獨 cô độc
孤兒 cô nhi
孤單 cô đơn
孤立 cô lập
孤魂 cô hồn
摩孤 ma-cô"
姑,CÔ,"姑教 cô giáo
姑娘 cô nương
尼姑 ni cô"
菇,CÔ,冬菇 đông cô
辜,CÔ,報辜 báo cô
古,CỔ,"𣘊古 đồ cổ
古傳 cổ truyền
城古 thành cổ
古敬 cổ kính
埃及古 Ai Cập cổ
[翻]"
古,gổ,𨠳古 gây gổ
股,CỔ,"股份 cổ phần
股東 cổ đông"
𦙶,cổ,"㹯高𦙶 hươu cao cổ
𦙶𢬣 cổ tay
𦙶襖 cổ áo
[異]股"
鼓,CỔ,"鼓動 cổ động
鼓舞 cổ vũ
鼓吹 cổ xuý"
固,CỐ,"加固 gia cố
固定 cố định
頑固 ngoan cố
鞏固 củng cố
固守 cố thủ
固執 cố chấp"
固,có,"固体 có thể
固𫯳 có chồng
固錢 có tiền
固欺 có khi
固歲 có tuổi
皐固 cau có"
故,CỐ,"事故 sự cố
故鄉 cố hương
俱故 cụ cố
故總秘書 cố Tổng Bí thư"
故,cớ,"故事 cớ sự
摱故 mượn cớ
原故 nguyên cớ
緣故 duyên cớ"
雇,CỐ,"雇主 cố chủ
雇農 cố nông
擒雇 cầm cố"
痼,CỐ,痼疾 cố tật
錮,CỐ,禁錮 cấm cố
顧,CỐ,照顧 chiếu cố
飢,CƠ,"飢極 cơ cực
飢寒 cơ hàn"
姬,CƠ,嫗姬 Âu Cơ
基,CƠ,"基礎 cơ sở
基業 cơ nghiệp
基數 cơ số
基督 Cơ Đốc
[翻]"
幾,CƠ,"幾乎 cơ hồ
幾萬 cơ man"
機,CƠ,"時機 thời cơ
飛機 phi cơ
機關 cơ quan
投機 đầu cơ
專機 chuyên cơ
無機 vô cơ"
𢤫,cỡ,"縸𢤫 mắc cỡ
()"
櫸,cỡ,"戟櫸 kích cỡ
尋櫸 tầm cỡ
()"
唂,cóc,"扒唂 bắt cóc
唂𫜵得 cóc làm được
𠯿唂 lóc cóc"
谷,CỐC,"山谷 sơn cốc
深山窮谷 thâm sơn cùng cốc
椂谷 lốc cốc
[翻]"
穀,CỐC,"嗛穀 kem cốc
辟穀 tịch cốc
炭穀 than cốc"
䁛,coi,"䁛冊 coi sách
䁛茹 coi nhà
[異]𥋳"
𩲡,còi,"𠀲𡮣𩲡 đứa bé còi
𩲡梮 còi cọc
𩲡𩩫 còi xương"
𧥇,còi,"㗂𧥇 tiếng còi
𠺙𧥇 thổi còi"
𡎝,cõi,"𡎝𠁀 cõi đời
膁𡎝 còm cõi"
瑰,CÔI,玟瑰 mân côi
樻,cối,𣘃樻 cây cối
檜,cội,"檜源 cội nguồn
()"
檜,củi,檜焒 củi lửa
檜,cỗi,⇔檜cội
𢶒,cởi,"𢶒襖 cởi áo
𢶒𢲫 cởi mở
()"
𥖜,cộm,"𪠗𥖜 dày cộm
礷𥖜 lộm cộm
浽𥖜 nổi cộm"
𥖜,cồm,"𥖜𥖜 cồm cộm
⇔𥖜cộm"
𩚵,cơm,"咹𩚵 ăn cơm
𠺙𩚵 thổi cơm"
慬,cỡm,𥗌慬 kệch cỡm
慬,ngẩn,𢠐慬 ngơ ngẩn
慬,dẩn,"𠽐慬 dớ dẩn
⇔慬ngẩn"
𡥵,con,"𤯰𡥵 đẻ con
𡥵丐 con cái
婆𡥵 bà con
𡥵博 con bạc
[異]昆"
𡥵,cỏn,"𡥵𡥵 cỏn con
⇔𡥵con"
𡀳,còn,"𡀳徠 còn lại
𡀳之 còn gì
𦓡𡀳 mà còn
[異]群"
昆,CÔN,"昆蟲 côn trùng
銃昆 súng côn
[翻]"
崑,CÔN,崑崙 Côn Lôn
崑,con,"崑嵩 Con (Kon) Tum
𡨸尼得讀如格發音尼只𥪝名詞𥢆尼。Chữnàyđượcđọcnhưcáchphátâmnàychỉtrongdanhtừriêngnày."
棍,CÔN,"遊棍 du côn
棍徒 côn đồ
棍拳 côn quyền"
棍,gòn,柴棍 Sài Gòn
𩂀,cơn,"𩂀𩄎 cơn mưa
𩂀𩙍 cơn gió
源𩂀 nguồn cơn
[異]干"
工,CÔNG,"工役 công việc
工人 công nhân
工具 công cụ"
公,CÔNG,"公司 công ti
公安 công an
公園 công viên"
功,CÔNG,"功勞 công lao
功名 công danh"
䲲,công,𪀄䲲 chim công
𨶛,cổng,"𨶛𥯌 cổng tre
𨶛嘲 cổng chào"
𣹟,cống,"塘𣹟 đường cống
橋𣹟 cầu cống
𤝞𣹟 chuột cống"
𨫋,cồng,"丐𨫋 cái cồng
㗂𨫋 tiếng cồng
𨫋倞 cồng kềnh"
共,CỘNG,"共產 cộng sản
𠄩共𠀧平𠄼 hai cộng ba bằng năm"
共,cùng,"共僥 cùng nhau
共歲 cùng tuổi
[異]拱"
𤜯,cọp,𤜯𧴋 cọp beo
骨,CỐT,"𩩫骨 xương cốt
骨幹 cốt cán
骨肉 cốt nhục
骨𣑳 cốt lõi
至骨 chí cốt
骨𨨧 cốt thép"
傦,cốt,僮傦 đồng cốt
榾,cột,"榾𩩖 cột sống
柱榾 trụ cột"
𠹳,cợt,𢴉𠹳 đùa cợt
𠹳,kẹt,嘺𠹳 kẽo kẹt
𪀊,cu,"𪀄𪀊 chim cu
僶𪀊 thằng cu"
矩,CỦ,規矩 quy củ
𫚱,cú,"𡥵𫚱 con cú
𫚱貓 cú mèo
𫚱鶩 cú vọ"
劬,CÙ,"劬勞 cù lao
勤劬 cần cù
[翻]"
氍,cù,"氍𠓨腋 cù vào nách
氍𥉬 cù lét
氍㾄 cù rù"
𫇰,cũ,"𠸗𫇰 xưa cũ
伴𫇰 bạn cũ
𫇰𪨈 cũ càng
南斯𫇰 Nam Tư cũ
[異]𦧃𡳵𬞺"
具,CỤ,"用具 dụng cụ
工具 công cụ
醫具 y cụ
具體 cụ thể
具距 cụ cựa"
居,CƯ,"家居 gia cư
居住 cư trú
居民 cư dân
居處 cư xử"
舉,CỬ,"保舉 bầu cử
舉行 cử hành
舉擔 cử tạ
割舉 cắt cử
舉動 cử động
舉坐 cử toạ
()"
據,CỨ,"占據 chiếm cứ
憑據 bằng cứ
根據 căn cứ
據點 cứ điểm
捽軍𧗱據 rút quân về cứ"
據,cứ,"據𫜵 cứ làm
據𠫾 cứ đi
據如 cứ như
𩈘據𡍚𡍚 mặt cứ lầm lầm
[異]據"
拒,CỰ,"𢶢拒 chống cự
拒𠯆 cự nự
拒絕 cự tuyệt
抗拒 kháng cự"
距,CỰ,距離 cự li
距,cựa,"具距 cụ cựa
距揆 cựa quậy"
𧵑,của,"𧵑伮 của nó
𧵑𣒵 của cải
𧵑𧴱 của nợ
懷𧵑 hoài của
𧵑𥢆 của riêng"
鋸,cưa,鋸𠠚 cưa xẻ
𨷯,cửa,"𨷯茹 cửa nhà
𨷯行 cửa hàng
[異]𨷶𬮌()"
菊,CÚC,"花菊 hoa cúc
[翻]"
局,CỤC,"布局 bố cục
郵局 bưu cục
局面 cục diện
結局 kết cục
奇局 kì cục
總局 tổng cục"
局,cuộc,"局𠁀 cuộc đời
戰局 chiến cuộc
局棋 cuộc cờ
打局 đánh cuộc"
𫪐,cục,"𫪐𣝀 cục cằn
𠬠𫪐𡐙 một cục đất"
極,CỰC,"𢝙極 vui cực
極苦 cực khổ
積極 tích cực
極端 cực đoan
電極 điện cực
[翻]"
儈,cúi,"儈頭 cúi đầu
㩒儈 cắm cúi
掄儈 luồn cúi
𡥵儈 con cúi
[異]𫏱()"
𢷴,cụi,"扲𢷴 cặm cụi
𥟹𢷴 lụi cụi"
𤻎,cúm,病𤻎 bệnh cúm
檎,cùm,杠檎 gông cùm
㯲,cụm,"㯲花 cụm hoa
㯲詞 cụm từ
[翻]"
弓,CUNG,"弓箭 cung tiễn
弓道 cung đạo"
供,CUNG,"𠳨供 hỏi cung
口供 khẩu cung
供應 cung ứng
供給 cung cấp
供養 cung dưỡng
供奉 cung phụng"
供,CÚNG,供拜 cúng bái
恭,CUNG,"恭敬 cung kính
恭喜 cung hỉ
恭祝 cung chúc
[翻]"
宮,CUNG,"宮殿 cung điện
子宮 tử cung"
窮,CÙNG,"𡳳窮 cuối cùng
困窮 khốn cùng
貧窮 bần cùng
窮窘 cùng quẫn"
拱,cũng,"拱丕 cũng vậy
拱𢧚 cũng nên"
拱,ngõng,扢拱 ngặt ngõng
勁,cứng,"剛勁 cương cứng
勁哈 cứng cáp"
勁,cưng,"勁勁 cưng cứng
⇔勁cứng"
𡠣,cưới,𡌽𡠣 đám cưới
唭,cười,"弼唭 bật cười
𠲶唭 mỉm cười"
捲,cuốn,"捲冊 cuốn sách
膾捲 gỏi cuốn
餅捲 bánh cuốn"
淃,cuồn,淃淃 cuồn cuộn
淃,cuộn,"淃縺 cuộn len
淃圇 cuộn tròn
淃淃 cuồn cuộn"
狂,CUỒNG,"狂𤵺 cuồng dại
顒狂 ngông cuồng
癲狂 điên cuồng
狂怒 cuồng nộ"
剛,CƯƠNG,"剛勁 cương cứng
剛硬 cương ngạnh
剛毅 cương nghị
剛決 cương quyết
剛直 cương trực
金剛 kim cương"
剛,cang,"金剛 kim cang
剛強 cang cường
⇔剛cương"
綱,CƯƠNG,"大綱 đại cương
綱領 cương lĩnh
綱常 cương thường"
疆,CƯƠNG,"邊疆 biên cương
疆域 cương vực
萬壽無疆 vạn thọ vô cương"
繮,CƯƠNG,"絏繮 dây cương
繮馭 cương ngựa
鞍繮 yên cương"
強,CƯỜNG,"倔強 quật cường
強國 cường quốc
強壯 cường tráng
強調 cường điệu
𡥵渃強 con nước cường"
強,CƯỠNG,"勉強 miễn cưỡng
牽強 khiên cưỡng"
強,gượng,"𠡚強 gắng gượng
強押 gượng ép
強檤 gượng gạo"
強,gường,"強強 gường gượng
⇔強gượng"
鈒,cúp,"鈒琫跢洲亞 Cúp bóng đá châu Á
[翻]"
𡭕,cụt,"𡭕興 cụt hứng
𩩫𡭕 xương cụt
𥣛𡭕 mống cụt
[翻]"
扏,cưu,扏𫼳 cưu mang
九,CỬU,"瀧九龍 sông cửu long
九品 cửu phẩm
九泉 cửu tuyền"
九,cẩu,牌九 bài-cẩu
九,khươm,"九 khươm
數點𥪝㗂㑝俚𤞼。Sốđếmtrongtiếnglóngláilợn."
九,khơm,"九 khơm
⇔九khươm"
久,CỬU,"永久 vĩnh cửu
長久 trường cửu
[翻]"
灸,CỨU,"針灸 châm cứu
艾灸 ngải cứu"
究,CỨU,"研究 nghiên cứu
追究 truy cứu
究竟 cứu cánh"
救,CỨU,"救助 cứu trợ
救兵 cứu binh
救危 cứu nguy"
仇,CỪU,"仇敵 cừu địch
仇恨 cừu hận
仇視 cừu thị"
裘,CỪU,"𡥵裘 con cừu
裘茹 cừu nhà
𬦮裘 nhảy cừu"
裘,cưu,"羊裘 Dương Cưu
⇔裘cừu"
舊,CỰU,"守舊 thủ cựu
舊部長 cựu bộ trưởng"
仛,cha,"仛𡥵 cha con
[翻][異]吒"
鮓,chả,"𥻸鮓 bún chả
鮓𩵜 chả cá"
搽,chà,搽嚓 chà xát
搽,trà,搽𢶿 trà trộn
嗏,chà,"噯嗏 ái chà
噯嗏嗏 ái chà chà
喂嗏 úi chà
嗏噃 chà bá
喂嗏 ối chà
嗏吧 Chà Và"
𣗪,chà,𣗪蘿 chà là
㧻,chác,𢷮㧻 đổi chác
擢,chạc,"咹擢 ăn chạc
擢錢 chạc tiền
𨀧擢 chững chạc
[翻]"
𢡠,chắc,"信𢡠 tin chắc
𢡠𥗜 chắc chắn
𣩂𢡠 chết chắc
[異]聀"
𥑂,chai,"𥑂𤮗 chai lọ
[翻]"
䊷,chài,𩝇䊷 mồi chài
侢,chãi,凭侢 vững chãi
沚,chảy,"沚𧖱 chảy máu
𥺿沚 ỉa chảy"
𪸔,cháy,"𪸔茹 cháy nhà
𡌽𪸔 đám cháy"
𧼋,chạy,"𧼋試 chạy thi
𧼋賊 chạy giặc
𧼋𢬮 chạy chọt
𧼋𢵻 chạy chữa"
𪮻,chạm,撝𪮻 va chạm
𢟙,chăm,"𢟙只 chăm chỉ
𢟙𡭧chăm chút
𥆾𢟙𢟙 nhìn chăm chăm
[翻]"
𢲥,chằm,𢲥擡𢪷渃 chằm đài múc nước
針,CHÂM,"方針 phương châm
針灸 châm cứu
針砭 châm biếm"
針,kim,"針黹 kim chỉ
摸針底𣷭 mò kim đáy bể"
𠝻,châm,"𠝻擉 châm chọc
𠝻針 châm kim"
斟,CHÂM,"斟酌 châm chước
[翻]"
箴,CHÂM,箴言 châm ngôn
㴨,chấm,"㴨點 chấm điểm
㴨𠞹 chấm dứt
[異]枕"
踸,chậm,"𠫾踸 đi chậm
踸踸 chầm chậm
艚踸 tàu chậm"
踸,chầm,"踸踸 chầm chậm
⇔踸chậm"
滇,chan,"滇羹 chan canh
滇貯 chan chứa
斧㧺滇𠹗 búa đập chan chát"
𢥇,chán,"𢥇𩜽 chán ngán
𩛂𢥇 no chán
𢥇悜 chán chường
𢥇𢥪 chán nản
𢥇腓 chán phè
𢥇𧡊墓 chán thấy mồ"
𤛇,chăn,𤛇羝 chăn dê
𧜖,chăn,"𧜖葻 chăn bông
𧜖𥴜 chăn chiếu
[翻]"
𥗜,chắn,"𢡠𥗜 chắc chắn
𤇪𥗜 chín chắn
鏡𥗜𩙍 kính chắn gió"
浱,chặn,拫浱 ngăn chặn
浱,chận,⇔浱chặn
真,CHÂN,"真正 chân chính
真理 chân lí
真容 chân dung
真相 chân tướng
真質 chân chất
[翻]"
真,chơn,"真實 chơn thật
真理 chơn lí
⇔真chân[翻]"
蹎,chân,"蹎𨱽 chân dài
盤蹎 bàn chân"
振,CHẤN,振動 chấn động
桭,chấn,桭窻 chấn song
震,CHẤN,"地震 địa chấn
震傷 chấn thương"
㖘,chần,㖘𪡷 chần chừ
𣆮,chang,"依𣆮 y chang
𣌝𣆮𣆮 nắng chang chang"
庄,chăng,別庄？ Biết chăng?
拯,chẳng,"拯別 chẳng biết
拯𡀨 chẳng bõ
[異]庄庒"
𦁢,chằng,"𦁢㑜 chằng chịt
[翻]"
𦁢,dằng,"𦁢㑜 dằng dịt
⇔𦁢chằng"
𣑕,chặng,"𣑕塘 chặng đường
𣑕絏 chặng dây
𣑕𣘃 chặng cây"
正,CHÁNH,"正義 chánh nghĩa
正文房 chánh văn phòng
翁正總 ông chánh tổng"
正,CHÍNH,"意正 ý chính
正式 chính thức
正確 chính xác
[翻]"
正,giêng,𣎃正 tháng giêng
挍,chao,挍倒 chao đảo
𨥿,chảo,鐣𨥿 xanh chảo
𥺊,cháo,𥺊𩹎 cháo ám
𬗵,chắp,"𬗵綏 chắp nối
𬗵𢬣 chắp tay
[翻]"
執,CHẤP,"執認 chấp nhận
執𤈪 chấp chới
不執 bất chấp
貯執 chứa chấp
執法 chấp pháp
爭執 tranh chấp
[翻]"
執,xọp,邑執 óp xọp
𥊝,chập,𥊝𥌬 chập chờn
𥊝,chợp,𥊝眜 chợp mắt
𠹗,chát,沓𠹗 đốp chát
質,CHẤT,"質量 chất lượng
變質 biến chất
本質 bản chất
質毒 chất độc
[翻]"
㩫,chất,"㩫貯 chất chứa
㩫埬 chất đống"
𡒻,chật,𡒻𠱤 chật chội
𡥙,cháu,"𡥙𡦫 cháu chắt
𡥵𡥙 con cháu"
州,CHÂU,"交州 Giao Châu
神州 thần châu"
周,CHÂU,"𡓇周𨨦 lỗ châu mai
格讀𧵑「周chu」爲𠼤諱時𠸗。Cáchđọccủa""周chu""vìkiênghuýthờixưa.[翻]"
周,CHU,"周圍 chu vi
周到 chu đáo
㐱周 chỉn chu
周給 chu cấp
周遊 chu du
周期 chu kì"
洲,CHÂU,"洲亞 Châu Á
洲陸 châu lục"
珠,CHÂU,"珍珠 trân châu
珠寶 châu báu
火珠 hoả châu"
𧎝,chấu,"𧎝𧎝 châu chấu
[異]螻"
𧎝,châu,⇔𧎝chấu
𩂏,che,"𩂏𢭳 che giấu
𨔾𩂏 chở che
𩂏𩂠 che đậy
𩂏𥗜 che chắn
[翻]"
䊼,chẽ,𬘋䊼 chặt chẽ
吱,chê,"吱唭 chê cười
吱𢴾 chê bai
吱責 chê trách
空吱得 không chê được"
制,CHẾ,"制度 chế độ
𢶢制 chống chế
制御 chế ngự"
制,chay,抵制 tẩy chay
𠶜,chế,"𠶜嘋 chế giễu
𠶜油𠓨焒 chế dầu vào lửa"
製,CHẾ,"製造 chế tạo
製變 chế biến"
㓠,chém,"劕㓠 chặt chém
[翻][異]𪟂"
𢫔,chen,"𢫔𨃷 chen chúc
𢫔添𠬠句 chen thêm một câu
[翻]"
盞,chén,"盞𥐨 chén đĩa
茶盞 chè chén
𩐛盞 ấm chén
[異]𡃹"
㙻,chèn,"㙻押 chèn ép
㙻𨷯 chèn cửa
㙻𢭹 chèn lấn"
佂,chênh,"佂𬿈 chênh chếch
蔠佂 chông chênh
[翻]"
佂,tranh,佂儝 tranh vanh
棹,chèo,"𠃅棹 mái chèo
喝棹 hát chèo
[翻][異]𢴿"
嘖,chép,"嘖𠰘 chép miệng
[翻]"
𩺗,chép,𩵜𩺗 cá chép
𣩂,chết,"𣩂𤯩 chết sống
𣩂𠺷 chết chóc"
支,CHI,"支費 chi phí
支離 chi li
地支 địa chi
支部 chi bộ"
支,giê,"擱笀支 gác-măng-giê
[翻]"
支,giề,"𤐃支 giãi giề
[翻]"
芝,CHI,"靈芝 linh chi
[翻]"
肢,CHI,"四肢 tứ chi
肢𠓀 chi trước"
止,CHỈ,"禁止 cấm chỉ
舉止 cử chỉ"
只,CHỈ,"空只 không chỉ
𢟙只 chăm chỉ"
旨,CHỈ,"奉旨 phụng chỉ
詔旨 chiếu chỉ"
指,CHỈ,"指引 chỉ dẫn
指數 chỉ số
𠬠指平 3,75𨭺 một chỉ bằng 3,75 gam"
枳,CHỈ,𣘃枳 cây chỉ
紙,CHỈ,"信紙 tín chỉ
證紙 chứng chỉ"
紙,giấy,"紙詞 giấy tờ
花紙 hoa giấy
紙衛生 giấy vệ sinh"
趾,CHỈ,交趾 Giao Chỉ
黹,CHỈ,"𥾘黹 sợi chỉ
𫃚黹股𢬣 buộc chỉ cổ tay"
至,CHÍ,"甚至 thậm chí
冬至 đông chí
至孝 chí hiếu
至情 chítình
至公 chí công
至㫼 chí choé"
志,CHÍ,"固志 có chí
志氣 chí khí
意志 ý chí
同志 đồng chí"
姉,chị,"姉㛪 chị em
姉𡛔 chị gái"
𢺹,chia,"𢺹𢬣 chia tay
𢺹𥘶 chia rẽ
分𢺹 phân chia
[異]𢺺"
匙,chìa,"匙銙 chìa khoá
匙𪿙 chìa vôi"
匙,thìa,"匙羹 thìa canh
匙劅𩚵 thìa xúc cơm"
𢹌,chìa,"𢹌𢬣 chìa tay
𢹌錢 chìa tiền
鮓𢹌 chả chìa"
𬷩,chích,"𪀄𬷩 chim chích
𬷩𪄦 chích choè"
占,CHIÊM,占城 Chiêm Thành
占,CHIẾM,"占卜 chiêm bốc
占星 chiêm tinh
占據 chiếm cứ
占有 chiếm hữu
占用 chiếm dụng
占領 chiếm lĩnh"
占,chàm,"民族占 dân tộc Chàm
塔占 Tháp Chàm"
占,chăm,𠊛占 người Chăm
瞻,CHIÊM,瞻仰 chiêm ngưỡng
羶,chiên,𡥵羶 con chiên
戰,CHIẾN,"戰爭 chiến tranh
戰鬥 chiến đấu
戰略 chiến lược"
招,CHIÊU,"招𠻀 chiêu trò
招待 chiêu đãi
招安 chiêu an
招牌 chiêu bài"
招,chiu,𤁩招 chắt chiu
詔,CHIẾU,"詔書 chiếu thư
詔旨 chiếu chỉ"
照,CHIẾU,"照𤏬 chiếu sáng
對照 đối chiếu
照例 chiếu lệ
護照 hộ chiếu
參照 tham chiếu
照顧 chiếu cố"
照,chiểu,"照之 chiểu chi
照議定施行 chiểu nghị định thi hành"
𣊿,chiều,"𣇜𣊿 buổi chiều
𣊿𣈕 chiều mai"
𪀄,chim,"𪀄𠺷 chim chóc
坥𪀄 tổ chim
[翻]"
𤇪,chín,"𤍇𤇪 nấu chín
𬃻𤇪 trái chín"
征,CHINH,"征戰 chinh chiến
出征 xuất chinh
遠征 viễn chinh"
整,CHỈNH,"嚴整 nghiêm chỉnh
調整 điều chỉnh
整齊 chỉnh tề
整理 chỉnh lí"
整,chểnh,"整莽 chểnh mảng
偅整 chổng chểnh"
整,chệnh,整𫏈 chệnh choạng
政,CHÍNH,"政府 chính phủ
政治 chính trị"
政,CHÁNH,"財政 tài chánh
⇔政chính"
𠽃,chíp,"𠽃𠽃 chíp chíp
[翻]"
㑜,chịt,"𦁢㑜 chằng chịt
[翻]"
㑜,dịt,"𦁢㑜 dằng dịt
⇔㑜chịt"
𠹾,chịu,"𠹾撜 chịu đựng
𠹾焒 chịu lửa
𠹾𨔈 chịu chơi
[翻]"
㹥,chó,"𡥵㹥 con chó
㹥業務 chó nghiệp vụ
[異]𤠚"
𡊲,chỗ,"𡊲𱖗 chỗ ngồi
𡊲伴佊 chỗ bạn bè
[翻]"
𨔾,chở,"𨖇𨔾 chuyên chở
𨔾行 chở hàng
𩂏𨔾 che chở"
䟻,chờ,"䟻待 chờ đợi
䟻懞 chờ mong
䟻車 chờ xe
[異]徐"
𢄂,chợ,"𠫾𢄂 đi chợ
𢄂𡗶 chợ trời
番𢄂 phiên chợ
𢄂浽 chợ nổi"
𠺷,choạc,𠯿𠺷 loạc choạc
𠺷,chóc,"𪀄𠺷 chim chóc
[翻]"
𤶜,choáng,𤶜𤷮 choáng váng
𧝎,choàng,襖𧝎 áo choàng
𤈛,choạng,𤌀𤈛 chập choạng
𤈛,loang,𤈛𤈛 loang loáng
𤈛,loáng,"𤈛洸 loáng thoáng
𤏬𤈛 sáng loáng"
擉,chọc,"擉𡗶 chọc trời
𠝻擉 châm chọc
擉𠺒 chọc tức
擉血 chọc tiết"
擉,chòng,"擉擉 chòng chọc
⇔擉chọc"
𡎺,chốc,"𠇍𡎺 mấy chốc
𡎺𡛤 chốc nữa
𡎺𣋩 chốc lát
𡎺夢 chốc mòng
[異]祝"
𤹙,chốc,"𤴪𤹙 ghẻ chốc
𤹙頭 chốc đầu
[異]祝"
熶,chói,𤏬熶 sáng chói
㩡,chọi,"𪃿㩡 gà chọi
𱑛㩡𥒥 trứng chọi đá"
䇛,chổi,𣇟䇛 sao chổi
挃,chối,辭挃 từ chối
𨔈,chơi,"𨔈𢱎 chơi bời
𨔈春 chơi xuân
𨔈潙 chơi vơi
𠹾𨔈 chịu chơi
𨔈𥱬嗟 chơi ghi-ta
[翻][異]制"
譔,chọn,"譔漉 chọn lọc
譔攄 chọn lựa
評譔 bình chọn
[異]撰"
墫,chôn,"墫拮 chôn cất
墫蹎 chôn chân
墫掊 chôn vùi
[翻]"
坉,chốn,坭坉 nơi chốn
𤞐,chồn,"𡥵𤞐 con chồn
虎豹𤞺𤞐 hổ báo cáo chồn"
𤶐,chồn,盆𤶐 bồn chồn
𥌬,chờn,𥌬溳 chờn vờn
𫏢,chóng,"𫏢𮛕 chóng vánh
𣭻𫏢 mau chóng"
𫏢,chong,"𫏢𫏢 chong chóng
⇔𫏢chóng"
𢶢,chống,"𢶢對 chống đối
棹𢶢 chèo chống
𢶢制 chống chế
𢶢案 chống án"
𫯳,chồng,𱙡𫯳 vợ chồng
𩮿,chóp,"𩮿𡶀 chóp núi
𩮿䈻 chóp bu
𩮿嘖 chóp chép
[翻]"
𩅀,chớp,"𩅀晄 chớp nhoáng
𩅀眜 chớp mắt
𩅀琫 chớp bóng
𩆐𩅀 sấm chớp"
㟮,chót,"限㟮 hạn chót
㟮𤬪 chót ngói
㟮𡻋 chót vót"
𢱝,chốt,"𢱝𨷯 chốt cửa
主𢱝 chủ chốt
杄𢱝 then chốt
𥭏𢱝 mấu chốt
[翻]"
眣,chợt,"扒眣 bắt chợt
不眣 bất chợt
[異]秩"
朱,CHU,"朱砂 chu sa
朱雀 Chu Tước
[翻]"
朱,cho,"朱法 cho phép
𫜵朱 làm cho"
主,CHỦ,"主義 chủ nghĩa
主茹 chủ nhà
主𢱝 chủ chốt
主筆 chủ bút"
主,chúa,"公主 công chúa
主宰 chúa tể
螉主 ong chúa
主山林 chúa sơn lâm
咹𬡶主 ăn mặc chúa"
咒,CHÚ,"符咒 bùa chú
念咒 niệm chú"
注,CHÚ,"注心 chú tâm
注意 chú ý
注目 chú mục
注重 chú trọng"
注,chú,"仛注 cha chú
注伯 chú bác"
注,chua,注添 chua thêm
諸,CHƯ,"諸位 chư vị
諸侯 chư hầu"
諸,GIA,𣱆諸葛 họ Gia Cát
渚,chứ,"𠫾渚 đi chứ
伴劸渚 bạn khoẻ chứ
渚𡀳之𡛤 chứ còn gì nữa"
渚,chớ,"渚𢭁 chớ hề
⇔渚chứ"
𪡷,chừ,㖘𪡷 chần chừ
𡨸,chữ,"𡨸𢪏 chữ viết
𡨸𡣨 chữ cái
𡨸喃 chữ Nôm
[異]𫳘"
䣷,chua,茄䣷 cà chua
𫷨,chùa,"𫷨廛 chùa chiền
景𫷨 cảnh chùa
咹𫷨 ăn chùa
[異]廚庤"
𣗓,chưa,"𣗓得 chưa được
吻𣗓 vẫn chưa
[異]渚諸"
𣗓,chửa,"𣗓𠫾 chửa đi
𣗓𫜵 chửa làm"
𢵻,chữa,"𢯢𢵻 sửa chữa
𢵻𢢆 chữa thẹn
𢵻病 chữa bệnh
𧼋𢵻 chạy chữa
[異]渚"
准,CHUẨN,"批准 phê chuẩn
准尉 chuẩn uý
准都督 chuẩn đô đốc
部㐌准役𢲫㢅房試驗於場大學 bộ đã chuẩn việc mở rộng phòng thí nghiệm ở trường đại học"
准,chỏn,"𫐮准 lỏn chỏn
准𠮬 chỏn hỏn"
准,chủn,侖准 lủn chủn
祝,CHÚC,"恭祝 cung chúc
祝𢜠 chúc mừng
祝福 chúc phúc
[翻]"
𨃷,chúc,"𨃷𬺗𡐙 chúc xuống đất
𢫔𨃷 chen chúc"
𨔿,chục,"𠬠𨔿 một chục
𠄩𨔿𠊛 hai chục người"
職,CHỨC,"職務 chức vụ
在職 tại chức
職員 chức viên"
織,CHỨC,"組織 tổ chức
織女 chức nữ
[翻]"
𨄺,chui,"橋𨄺 cầu chui
[翻]"
𠯽,chửi,𠻵𠯽 mắng chửi
專,CHUYÊN,"專家 chuyên gia
專制 chuyên chế
專勤 chuyên cần
專門 chuyên môn"
𨖇,chuyên,"𨖇𨔾 chuyên chở
𩐛𨖇 ấm chuyên
[異]專"
轉,CHUYỂN,"移轉 di chuyển
銓轉 thuyên chuyển
轉動 chuyển động"
轉,CHUYẾN,"轉艔 chuyến đò
轉𢒎 chuyến bay
轉車 chuyến xe
販轉 buôn chuyến"
𡀯,chuyện,"𡀯𠻀 chuyện trò
𡀯晚 chuyện vãn
𠶄𡀯 gạ chuyện
生𡀯 sinh chuyện
𦘧𡀯 vẽ chuyện
吶𡀯 nói chuyện
[異]傳"
終,CHUNG,"終結 chung kết
臨終 lâm chung"
終,chung,"𧵑終 của chung
吶終 nói chung
終終 chung chung
終僥 chung nhau"
鐘,CHUNG,"鐘情 chung tình
[翻]"
鐘,chuông,"鐘𤿰 chuông trống
樂鐘 nhạc chuông
𣎷鐘 ớt chuông"
種,CHỦNG,"種類 chủng loại
絕種 tuyệt chủng
種族 chủng tộc
雜種 tạp chủng
尖種 tiêm chủng"
衆,CHÚNG,"衆些 chúng ta
衆生 chúng sinh"
烝,chưng,"爲烝 vì chưng
[翻]"
洆,chửng,𨁟捕洆 ngã bổ chửng
症,CHỨNG,症病 chứng bệnh
證,CHỨNG,"證據 chứng cứ
證明 chứng minh
證紙 chứng chỉ
()"
𨀧,chững,"𥊝𨀧 chập chững
𨀧擢 chững chạc
咹𬡶𨀧 ăn mặc chững"
贖,chuộc,"贖罪 chuộc tội
𧷸贖 mua chuộc"
酌,CHƯỚC,"斟酌 châm chước
酌禮 chước lễ"
荎,chuối,"荎蕉 chuối tiêu
榘荎 củ chuối"
𠁻,chuỗi,𠁻籺𧕚 chuỗi hạt (hột) trai
𧋃,chuồn,𧋃𧋃 chuồn chuồn
㮔,chuồng,"㮔寨 chuồng trại
糞㮔 phân chuồng
㮔廁 chuồng xí"
𡮶,chuộng,"𢛨𡮶 ưa chuộng
𫻎𡮶 ham chuộng"
章,CHƯƠNG,"印章 ấn chương
章程 chương trình
文章 văn chương
憲章 hiến chương"
障,CHƯỚNG,"業障 nghiệp chướng
孽障 nghiệt chướng
障礙 chướng ngại
障壘 chướng luỹ
𩙍障 gió chướng
障𦖻 chướng tai"
悜,chường,"悜𩈘 chường mặt
𢥇悜 chán chường"
𱐟,chuốt,"𦃀𱐟 chải chuốt
𢫵𱐟 trau chuốt"
𤝞,chuột,"𤝞白 chuột bạch
荼𤝞 dưa chuột
𪀄𤝞 chim chuột"
𠌷,chụp,"𠌷𣈖 chụp bóng
𠌷影 chụp ảnh
[翻]"
𡭧,chút,"𠬠𡭧 một chút
𢟙𡭧 chăm chút
𡭧𡭰 chút xíu
[翻][異]𡮍𡮇"
耶,DA,"耶蘇 Da Tô
[翻]"
㤎,da,㤎悊 da diết
㤎,gia,⇔㤎da
䏧,da,"䏧𤙭 da bò
䏧熟 da thuộc"
沲,dã,沲洟 dã dượi
沲,rã,"𠖿沲 ròng rã
沲𨖨 rã rời"
野,DÃ,"野蠻 dã man
荒野 hoang dã
野心 dã tâm
野獸 dã thú
𡥵野長 con dã tràng"
夜,DẠ,"夜曲 dạ khúc
夜宴 dạ yến
夜光 dạ quang
夜叉 dạ xoa
夜明珠 dạ minh châu"
胣,dạ,"䏾胣 bụng dạ
胣𡥵 dạ con
胣𪠗 dạ dày
凭胣 vững dạ
𢚸狼胣獸 lòng lang dạ thú"
𦁹,dạ,"縺𦁹 len dạ
裙𦁹 quần dạ
𢃱𦁹 mũ dạ"
𢖺,dạc,"𢘭𢖺 dõng dạc
[翻]"
𦂄,dai,"𦂄養 dai dẳng
吶𦂄 nói dai
𱖗𦂄 ngồi dai
[翻]"
𨱽,dài,"𨱽𱍿 dài lâu
朝𨱽 chiều dài
𨱽𣳔 dài dòng
襖𨱽 áo dài"
𣹘,dãi,"掩𣹘 yếm dãi
易𣹘 dễ dãi"
𤵺,dại,"荒𤵺 hoang dại
狂𤵺 cuồng dại"
𠻇,dại,"𤷙𠻇 ngây dại
𠻇𣔻 dại dột"
𢴐,day,"𢴐𠞹 day dứt
𢴐眜 day mắt
𢴐穴 day huyệt"
𪠗,dày,"𪠗𭉪 dày đặc
胣𪠗 dạ dày
[異]𠫅𪠗苔"
𪠗,dầy,⇔𪠗dày[異]𠫅𠫆
𡉏,dãy,"𡉏數 dãy số
𡉏𡶀 dãy núi"
𠰺,dạy,"𠰺𠸒 dạy bảo
𠰺誘 dạy dỗ
𠰺喝 dạy hát"
絏,dây,"絏繩 dây thừng
絏電 dây điện
絏𦄇 dây nịt
絏𨉞 dây lưng
絏荼 dây dưa
[翻][異]𦀊"
𧻭,dậy,"𥅞𧻭 thức dậy
醒𧻭 tỉnh dậy
𧻭苿 dậy mùi
歲𧻭時 tuổi dậy thì"
噉,dám,"噉𫜵 dám làm
空噉 không dám
[異]敢"
𠄼,dăm,𠄼𠀧 dăm ba
𠄼,lăm,"𱑕𠄼 mười lăm
包𠄼 bao lăm
[異]𠄻"
𠄼,năm,"𠄼𱑕 năm mươi
計劃𠄼𢆥 kế hoạch năm năm"
𠄼,nhăm,⇔𠄼lăm
𨤮,dặm,"𠦳𨤮 nghìn dặm
𨤮長 dặm trường
[翻][異]𨤵埮"
淫,DÂM,"姦淫 gian dâm
邪淫 tà dâm"
淫,dầm,𩄎淫 mưa dầm
𩂐,dâm,"𩂐侼 dâm bụt
霖𩂐 lâm dâm
[翻]"
𩂐,râm,⇔𩂐dâm
𥻂,dán,"楛𥻂 gỗ dán
膏𥻂 cao dán"
𢵧,dàn,"𢵧樂 dàn nhạc
𢵧攝 dàn xếp"
𢵧,giàn,⇔𢵧dàn
𢢀,dạn,怉𢢀 bạo dạn
𠇁,dằn,𠇁伆 dằn vặt
𠇁,giằn,𠇁𢢊 giằn giỗi
吲,dặn,"根吲 căn dặn
吲𪭴 dặn dò
[翻]"
民,DÂN,"殖民 thực dân
民主 dân chủ"
𢪉,dấn,"𢪉身 dấn thân
𢪉𢪉 dân dấn"
𢪉,dân,"𢪉𢪉 dân dấn
⇔𢪉dấn"
𢪉,rân,"𢪉𢪉 rân rấn
⇔𢪉rấn"
𢪉,rấn,"𢪉𢪉 rân rấn
⇔𢪉dấn"
寅,DẦN,𣇞寅 giờ Dần
引,DẪN,"引𢴑 dẫn dắt
向引 hướng dẫn
吸引 hấp dẫn
[翻]"
扛,dang,"扛𢬣 dang tay
𡁎扛 dở dang
[翻]"
扛,giang,⇔扛dang
𠍵,dáng,"𠍵𨤔 dáng vẻ
形𠍵 hình dáng"
樣,DẠNG,"同樣 đồng dạng
形樣 hình dạng
異樣 dị dạng"
𤼸,dâng,"獻𤼸 hiến dâng
[翻]"
𤼸,dưng,⇔𤼸dâng[翻]
名,DANH,"功名 công danh
名㗂 danh tiếng
名人 danh nhân
名利 danh lợi"
𧶄,dành,"𧶄呫 dành dụm
𧶄時間 dành thời gian
誘𧶄 dỗ dành"
搖,DAO,搖動 dao động
搖,DIÊU,飄搖 phiêu diêu
遙,DAO,逍遙 tiêu dao
瑤,DAO,"瓊瑤 quỳnh dao
𠊛瑤 người Dao
[翻]"
謠,DAO,"歌謠 ca dao
童謠 đồng dao"
𤁠,dào,"搣𤁠 dạt dào
𣼭𤁠 dồi dào"
𡏽,dập,"𡏽𤎕 dập tắt
掊𡏽 vùi dập
𡏽𢭼 dập dìu
[翻]"
搣,dạt,搣𤁠 dạt dào
𢴑,dắt,"引𢴑 dẫn dắt
𢭼𢴑 dìu dắt
[翻]"
逸,DẬT,"隱逸 ẩn dật
淫逸 dâm dật
逸史 dật sử"
妯,dâu,"姉妯 chị dâu
𡥵妯 con dâu
㛪妯 em dâu
姑妯 cô dâu"
妯,du,⇔妯dâu
𣘛,dâu,"𣘛蠶 dâu tằm
𣘛西 dâu tây"
𣘛,đâu,⇔𣘛dâu
𨁪,dấu,"𨁪蹎 dấu chân
𨁪銫 dấu sắc
𨁪玄 dấu huyền
𨁪𨁟 dấu ngã
𫇿𨁪 thuốc dấu"
𨣥,dấu,㤇𨣥 yêu dấu
油,dầu,"油焒 dầu lửa
豉油 xì dầu"
唒,dẫu,"唒哴 dẫu rằng
唒哰 dẫu sao
[翻]"
𦘺,dẻ,"𤗖𦘺 mảnh dẻ
䏧𦘺 da dẻ"
𠽮,dè,"𠽮迭 dè dặt
𠽮㦃 dè sẻn
㥋𠽮 e dè
𠽮澄 dè chừng
𠼤𠽮 kiêng dè
埃𠽮 ai dè"
羝,dê,"𡥵羝 con dê
𤛇羝 chăn dê
羝𩮕 dê xồm"
喈,dê,"鼓鐘喈喈 cổ chung dê dê
[翻]"
𥻠,dẻo,"繌𥻠 mềm dẻo
[翻]"
揲,dẹp,"𰔫揲 dọn dẹp
[翻]"
揲,gièm,"揲揲 gièm giẹp
⇔揲giẹp"
揲,giẹp,"揲揲 gièm giẹp
⇔揲dẹp"
𦂾,dệt,"𦂾𡲫 dệt vải
𦂾針 dệt kim
絩𦂾 thêu dệt
[翻][異]𦄅"
夷,DI,"蠻夷 man di
誅夷 tru di"
移,DI,"移轉 di chuyển
移民 di dân
移移 di dời"
移,dời,"轉移 chuyển dời
移移 di dời"
遺,DI,"遺產 di sản
遺傳 di truyền
遺精 di tinh"
彌,DI,"彌勒 Di Lặc
阿彌陀佛 A Di Đà Phật
[翻]"
哩,dí,哩𠼖 dí dỏm
哩,lí,哩𡭺 lí nhí
哩,rí,哩𧛊 rí rách
哩,ri,"哩哩 ri rí
⇔哩rí"
姨,dì,姨𡒬 dì ghẻ
以,DĨ,"可以 khả dĩ
所以 sở dĩ
以和爲貴 dĩ hoà vi quý"
易,DỊ,平易 bình dị
易,DỊCH,"交易 giao dịch
貿易 mậu dịch
經易 Kinh Dịch
[翻]"
易,dễ,"易傷 dễ thương
易揚 dễ dàng
易𥒮 dễ vỡ"
異,DỊ,"奇異 kì dị
異常 dị thường
怪異 quái dị
異議 dị nghị
離異 li dị"
𥐨,dĩa,"𥐨𬚸 dĩa thịt
𥐨撜硨葻 dĩa đựng xà-bông
𢲠𣹓𥐨𥸷 đơm đầy dĩa xôi"
𥐨,đĩa,"盞𥐨 chén đĩa
𥐨喝 đĩa hát
[異]𥒦"
役,DỊCH,"役務 dịch vụ
勞役 lao dịch
奴役 nô dịch
服役 phục dịch"
役,việc,"工役 công việc
役𫜵 việc làm"
疫,DỊCH,"瘟疫 ôn dịch
防疫 phòng dịch
檢疫 kiểm dịch"
液,DỊCH,"溶液 dung dịch
液胃 dịch vị
液肌體 dịch cơ thể"
譯,DỊCH,演繹 diễn dịch
譯,dếch,"阿繹拜間 A-déc-bai-gian
𡨸尼主要得使用抵翻音。䀡附錄。Chữnàychủyếuđượcsửdụngđểphiênâm.XemPhụlục.[翻]"
譯,DỊCH,"通譯 thông dịch
譯述 dịch thuật"
琰,DIỆM,吳廷琰 Ngô Đình Diệm
演,DIỄN,"演說 diễn thuyết
演員 diễn viên
演壇 diễn đàn
演寫 diễn tả
推演 suy diễn"
面,DIỆN,"交面 giao diện
徵面 trưng diện
方面 phương diện
咹面 ăn diện
面貌 diện mạo
現面 hiện diện"
悊,diết,㤎悊 da diết
悊,giết,⇔悊diết
滅,DIỆT,"滅賊 diệt giặc
滅亡 diệt vong
消滅 tiêu diệt"
鷂,diều,鷂𬷎 diều hâu
妙,diệu,"奇妙 kì diệu
妙計 diệu kế
絕妙 tuyệt diệu
玄妙 huyền diệu"
渺,diệu,渺𡸏 diệu vợi
營,DINH,"營署 dinh thự
營奇 dinh cơ
營壘 dinh luỹ
營獨立 Dinh Độc Lập
[翻]()"
營,DOANH,"經營 kinh doanh
營業 doanh nghiệp
營利 doanh lợi
軍營 quân doanh
本營 bản doanh"
䊅,dính,"䊅𠍵 dính dáng
𤘁䊅 mỏng dính"
𣋑,dịp,"𣋑𠶣 dịp may
因𣋑 nhân dịp"
𣋑,ríp,"基𣋑尊 cơ-ríp-tôn
𡨸尼主要得使用抵翻音。䀡附錄。Chữnàychủyếuđượcsửdụngđểphiênâm.XemPhụlục.[翻]"
𢭼,dìu,"𢭼迭 dìu dặt
𢭼𢴑 dìu dắt"
𪶋,dịu,"淹𪶋 êm dịu
𪶋揚 dịu dàng
捘𪶋 xoa dịu
[翻]"
𪶋,dìu,"𪶋𪶋 dìu dịu
⇔𪶋dịu"
由,DO,"由妬 do đó
原由 nguyên do
役由坭𠊛𫜵 việc do nơi người làm"
猶,DO,"猶豫 do dự
猶太 Do Thái
[翻]"
𪭴,dò,"𪭴邏 dò la
探𪭴 thăm dò
𪭴𨂘 dò dẫm"
𪭴,dọ,"𪭴𨂘 dọ dẫm
⇔𪭴dò"
𡁎,dở,"怏𡁎 ương dở
𡁎唏 dở hơi"
𢷣,dỡ,"𢷣行 dỡ hàng
扑𢷣 bốc dỡ"
唑,doạ,"唑𨂘 doạ dẫm
唑㖏 doạ nạt
𠴓唑 đe doạ"
𨂔,dọc,"𪖫𨂔椰 mũi dọc dừa
朝𨂔 chiều dọc
𨂔卬 dọc ngang
愊𨂔 bực dọc
[翻]"
𡾬,dốc,"蹽𡾬 leo dốc
𡾬襊 dốc túi
𡾬𢚸 dốc lòng"
𠼲,dõi,"𣳔𠼲 dòng dõi
蹺𠼲 theo dõi
綏𠼲 nối dõi"
嚉,dối,"嚉詐 dối trá
假嚉 giả dối
𬐸嚉 lừa dối"
𢬗,dồi,𢫵𢬗 trau dồi
𣾶,dội,"㘇𣾶 vang dội
[翻]"
𣾶,giội,"𣾶𩄎 giội mưa
𣾶渃 giội nước
𣾶𫧂渃冷 giội gáo nước lạnh
㗂𣾶自壁𡶀 tiếng giội từ vách núi"
𣾶,nhụi,𣼴𣾶 nhẵn nhụi
𥉰,dòm,"𥉰𥄭 dòm ngó
䈵𥉰 ống dòm
[翻]"
𥉰,nhòm,⇔𥉰dòm
𰔫,dọn,"𰔫揲 dọn dẹp
𢭯𰔫 quét dọn
收𰔫 thu dọn
[翻][異]𢶿"
拵,dồn,"拵𡏽 dồn dập
拵搌 dồn nén
𢭰拵 đổ dồn"
容,DONG,"从容 thong dong
形容 hình dong
包容 bao dong"
容,DUNG,"容量 dung lượng
內容 nội dung
形容 hình dung
包容 bao dung
容赦 dung tha
容貌 dung mạo
[翻]"
𣳔,dòng,"𣳔淚 dòng lệ
𣳔電 dòngđiện
𣳔㴜 dòng biển
𣳔歷史 dòng lịch sử"
𣳔,giòng,⇔𣳔dòng
𢘭,dõng,𢘭𢖺 dõng dạc
詘,dốt,"詘捏 dốt nát
[翻]"
詘,giốt,詘詘 giôn giốt
詘,dôn,"詘詘 dôn dốt
⇔詘dốt"
詘,giôn,"詘詘 giôn giốt
⇔詘giốt"
攸,DU,阮攸 Nguyễn Du
悠,DU,"悠揚 du dương
悠久 du cửu
[翻]"
悠,đu,"打悠 đánh đu
𦀗悠 xích đu
𤥑悠𢮿 vòng đu quay"
遊,DU,"遊歷 du lịch
夢遊 mộng du
遨遊 ngao du
周遊 chu du
生物浮游 sinh vật phù du"
游,DU,"上游 thượng du
下游 hạ du
游擊 du kích"
游,do,游探 do thám
榆,DU,"枌榆 phần du
桑榆 tang du"
蝣,DU,部蜉蝣 bộ Phù du
𢂎,dù,"𢄓𢂎 ô dù
𩂏𢂎 che dù"
怞,dù,"怞朱 dù cho
怞哴 dù rằng
[異]油"
怞,dàu,"怞怞傷𢖵 dàu dàu thương nhớ
⇔怞dù"
怞,dầu,"嚜怞 mặc dầu
⇔怞dù"
誘,DỤ,"誘誘 dụ dỗ
引誘 dẫn dụ"
誘,dỗ,"誘𧶄 dỗ dành
𠰺誘 dạy dỗ
誘誘 dụ dỗ"
諭,DỤ,"諭旨 dụ chỉ
曉諭 hiểu dụ"
餘,DƯ,"剩餘 thặng dư
業餘 nghiệp dư
殘餘 tàn dư
餘地 dư địa"
與,DỮ,與料 dữ liệu
與,DỰ,"參與 tham dự
干與 can dự"
㺞,dữ,"獸㺞 thú dữ
兇㺞 hung dữ
信㺞 tin dữ
㺞𣾶 dữ dội
𢚷㺞 giận dữ"
預,DỰ,"預案 dự án
預草 dự thảo
預算 dự toán
預律 dự luật"
豫,DỰ,猶豫 do dự
譽,DỰ,"名譽 danh dự
[翻]"
荼,dưa,"荼梨 dưa lê
荼茩 dưa hấu
蔞荼 rau dưa
[異]𤫿"
澦,dựa,"澦𨂘 dựa dẫm
澦𠓨 dựa vào"
育,DỤC,"教育 giáo dục
體育 thể dục
養育 dưỡng dục
[翻]"
欲,DỤC,"欲望 dục vọng
匏欲 bầu dục
欲望 dục vọng
淫欲 dâmdục
肉欲 nhục dục"
錐,dùi,"錐𣔞 dùi cui
[翻][異]𣟩"
錐,giùi,⇔錐dùi
唯,DUY,"唯物 duy vật
唯心 duy tâm
唯一 duy nhất"
維,DUY,"維持 duy trì
思維 tư duy
維新 duy tân"
沿,DUYÊN,"沿海 duyên hải
沿革 duyên cách"
緣,DUYÊN,"押緣 ép duyên
前緣 tiền duyên
姻緣 nhân duyên
隨緣 tuỳ duyên
結緣 kết duyên"
閱,DUYỆT,"檢閱 kiểm duyệt
閱兵 duyệt binh
程閱 trình duyệt
歷閱 lịch duyệt"
閱,dượt,習閱 tập dượt
閱,dợt,⇔閱dượt
庸,DUNG,"庸俗 dung tục
中庸 trung dung"
蓉,DUNG,芙蓉 phù dung
溶,DUNG,"溶液 dung dịch
溶媒 dung môi
溶解 dung giải"
熔,DUNG,"熔解 dung giải
熔點 dung điểm"
融,DUNG,融合 dung hợp
涌,dùng,渃涌 nước dùng
𨀍,dùng,"𨀍𨀊 dùng dằng
𨀍溋 dùng dình (dềnh)"
𨀍,nhùng,"𨀍𨀊 nhùng nhằng
⇔𨀍dùng"
勇,DŨNG,"勇士 dũng sĩ
勇將 dũng tướng
勇敢 dũng cảm
勇氣 dũng khí"
用,DỤNG,"使用 sử dụng
壓用 áp dụng
重用 trọng dụng
無用 vô dụng
信用 tín dụng"
用,dùng,"信用 tin dùng
常用 thường dùng
用茶 dùng trà
用𩚵 dùng cơm
𣘊用 đồ dùng"
𠮨,dưng,"唪𠮨 bỗng dưng
𢘩𠮨 dửng dưng
𠊛𠮨 người dưng"
仃,dừng,"仃筆 dừng bút
仃車 dừng xe
仃徠 dừng lại"
𥩯,dựng,"𡏦𥩯 xây dựng
𢵧𥩯 dàn dựng
[異]孕"
藥,DƯỢC,"藥品 dược phẩm
醫藥 y dược
彈藥 đạn dược
火藥 hoả dược
毒藥 độc dược
藥性 dược tính"
𨑜,dưới,"𱘃𨑜 phía dưới
於𨑜 ở dưới
[異]𠁑𤲂"
羊,DƯƠNG,"山羊 sơn dương
羚羊 linh dương"
洋,DƯƠNG,"大洋 đại dương
海洋 hải dương
洋琴 dương cầm
太平洋 Thái Bình Dương
洋洋自得 dương dương tự đắc"
陽,DƯƠNG,"陰陽 âm dương
電陽 điện dương
夕陽 tịch dương
陽曆 dương lịch"
揚,DƯƠNG,"宣揚 tuyên dương
悠揚 du dương
讚揚 tán dương
表揚 biểu dương
揚弓箭 dương cung tên"
揚,dàng,易揚 dễ dàng
楊,DƯƠNG,"楊柳 dương liễu
𣱆楊 họ Dương"
楊,giang,"河楊 Hà Giang
𡨸尼得讀如格發音尼只𥪝名詞𥢆尼。Chữnàyđượcđọcnhưcáchphátâmnàychỉtrongdanhtừriêngnày."
羕,dường,"羕如 dường như
羕𱜢 dường nào"
羕,nhường,⇔羕dường
養,DƯỠNG,"保養 bảo dưỡng
修養 tu dưỡng
養育 dưỡng dục
教養 giáo dưỡng
養氣 dưỡng khí"
養,dẳng,𦂄養 dai dẳng
𠞹,dứt,"㴨𠞹 chấm dứt
𠞹點 dứt điểm
[翻][異]𢴑"
多,ĐA,"多數 đa số
最多 tối đa
多情 đa tình
多禮 đa lễ
多黨 đa đảng
[翻]"
多,đà,"多樂 Đà Lạt
𡨸尼得讀如格發音尼只𥪝名詞𥢆尼。Chữnàyđượcđọcnhưcáchphátâmnàychỉtrongdanhtừriêngnày.[翻]"
𥹠,đa,餅𥹠 bánh đa
打,ĐẢ,"毆打 ẩu đả
打擊 đả kích"
打,đánh,"打慳 đánh ghen
打盞 đánh chén
𪜯水打步 lính thuỷ đánh bộ"
𥒥,đá,"𡉕𥒥 hòn đá
渃𥒥 nước đá
咖啡𥒥 cà phê đá"
陀,ĐÀ,"頭陀 đầu đà
阿彌陀佛 a di đà phật"
沱,ĐÀ,沱㶞 Đà Nẵng
柁,đà,"柁車 đà xe
丐柁 cái đà
柁鉄 đà sắt
囉柁 la đà
柁發展 đà phát triển"
駝,ĐÀ,駱駝 lạc đà
㐌,đã,"㐌𢝜 đã đành
㐌歱 đã xong"
度,ĐẠC,"勘度 khám đạc
𣘊度 đồ đạc"
度,ĐỘ,"過度 quá độ
澄度 chừng độ"
得,ĐẮC,"得意 đắc ý
得罪 đắc tội
自得 tự đắc
得勒 Đắk Lắk (Đắc Lắc)"
得,được,"得𢚸 được lòng
空得 không được
[異]特"
得,đặng,"𠫾空得 đi không đặng
⇔得được"
特,ĐẶC,"特別 đặc biệt
特有 đặc hữu
[翻]"
特,đực,"𤙭特 bò đực
動特 động đực
特𨮌 đực rựa"
𭉪,đặc,"𪠗𭉪 dày đặc
𣷱𭉪 sữa đặc
[異]特"
帶,đai,帶襖 đai áo
帶,đới,"熱帶 nhiệt đới
連帶 liên đới"
墆,đai,"𡐙墆 đất đai
[翻]"
臺,ĐÀI,"殿臺 đền đài
炮臺 pháo đài
臺花 đài hoa
臺𨢇 đài rượu
臺發聲 đài phát thanh
𢪏臺𠇍𡨸 viết đài mấy chữ
()"
擡,ĐÀI,"擡授 đài thọ
𢲥擡𢪷渃 chằm đài múc nước
()"
𣲠,đãi,"𣲠𥽌 đãi gạo
𣲠𡋥尋鐄 đãi cát tìm vàng"
待,ĐÃI,"別待 biệt đãi
優待 ưu đãi
對待 đối đãi
待遇 đãi ngộ
虐待 ngược đãi
接待 tiếp đãi"
待,đợi,"䟻待 chờ đợi
懞待 mong đợi"
大,ĐẠI,"大概 đại khái
𫜵大 làm đại
大學 đại học
大家 đại gia
大路 đại lộ
大使 đại sứ"
代,ĐẠI,"古代 cổ đại
代表 đại biểu
代面 đại diện
代數 đại số"
杕,đại,𣘃杕 cây đại
𢰥,đày,囚𢰥 tù đày
𢩽,đẩy,"𢩽𨀤 đẩy lùi
𢩽船 đẩy thuyền
𢩽𨷯𫥨 đẩy cửa ra"
𢩽,rạy,𥱨𢩽 rọ rạy
蒂,đấy,"於蒂 ở đấy
謹慎蒂 cẩn thận đấy
[異]帝"
𣹓,đầy,"𣹓𨁥 đầy đủ
𣼼𣹓 tràn đầy
𣹓憚 đầy đặn
[異]苔"
擔,ĐẢM,"擔任 đảm nhậm
擔保 đảm bảo
擔當 đảm đang
()"
擔,tạ,"𠬠擔𥟉 một tạ thóc
舉擔 cử tạ"
𡌽,đám,"𡌽𡠣 đám cưới
𡌽𪸔 đám cháy"
談,ĐÀM,"談話 đàm thoại
談道 đàm đạo
談判 đàm phán
談笑 đàm tiếu
談論 đàm luận"
淡,ĐẠM,黯淡 ảm đạm
冘,đăm,"冘昭 đăm chiêu
蹎冘跢蹎昭 chân đăm đá chân chiêu"
㴷,đắm,"㴷濧 đắm đuối
沈㴷 chìm đắm"
𠛌,đâm,𠛌𨦭 đâm lao
抌,đấm,"打抌 đánh đấm
抌𨉞 đấm lưng"
嘾,đầm,"嘾夜會 đầm dạ hội
𬡶嘾 mặc đầm
車踏嘾 xe đạp đầm
幃嘾 ví đầm"
潭,đầm,"潭𫮒 đầm phá
潭渧 đầm đề"
潭,đằm,"潭池 đằm đìa
𤛠潭 trâu đằm
⇔潭đầm"
𭯺,đẫm,"㲸𭯺 ướt đẫm
沁𭯺 thấm đẫm
[翻]"
酖,đậm,"漊酖 sâu đậm
酖沱 đậm đà"
丹,ĐAN,"丹田 đan điền
丹鳳 đan phượng
丹麥 Đan Mạch
[翻]"
丹,ĐƠN,"靈丹 linh đơn
膏丹 cao đơn
紅丹 hồng đơn
牡丹 mẫu đơn"
撣,đan,"撣𬅀 đan lát
撣䋥 đan lưới"
誕,ĐẢN,佛誕 phật đản
僤,đàn,"僤婆 đàn bà
僤翁 đàn ông
落僤 lạc đàn
[異]彈"
彈,ĐÀN,"彈匏 đàn bầu
彈箏 đàn tranh
打彈 đánh đàn"
彈,ĐẠN,"𠰏彈 bom đạn
炸彈 tạc đạn
中彈 trúng đạn
彈藥 đạn dược
彈道 đạn đạo
炮彈 pháo đạn"
當,ĐANG,"當欺 đang khi
當𫜵 đang làm
當心 đang tâm
當𢬣 đang tay
擔當 đảm đang"
當,ĐÁNG,"當惜 đáng tiếc
當㤇 đáng yêu
適當 thích đáng
𫆥當 cáng đáng
正當 chính đáng"
當,ĐƯƠNG,"當代 đương đại
當任 đương nhiệm
㤇當 yêu đương
當今 đương kim
當歸 đương quy
當然 đương nhiên"
黨,ĐẢNG,"佊黨 bè đảng
同黨 đồng đảng
黨派 đảng phái
黨員 đảng viên
()"
堂,ĐÀNG,"堂皇 đàng hoàng
天堂 thiên đàng"
堂,ĐƯỜNG,"堂陛 đường bệ
祠堂 từ đường
天堂 thiên đường
堂皇 đường hoàng
堂堂 đường đường"
蕩,ĐÃNG,光蕩 quang đãng
登,ĐĂNG,"登記 đăng kí
登載 đăng tải
登報 đăng báo
登出 đăng xuất
[翻]"
燈,ĐĂNG,"海燈 hải đăng
花燈 hoa đăng
燈光 đăng quang"
等,ĐẲNG,"平等 bình đẳng
初等 sơ đẳng
高等 cao đẳng
等級 đẳng cấp"
䔲,đắng,"𨐮䔲 cay đắng
𦲾䔲 mướp đắng"
滕,đằng,"滕𠓀 đằng trước
滕𧘇 đằng ấy
滕滕 đằng đẵng
滕罪人𦓡打 đằng tội nhân mà đánh
滕响 đằng hắng"
滕,đàng,⇔滕đằng
滕,đẵng,"滕滕 đằng đẵng
⇔滕đằng"
騰,ĐẰNG,騰雲駕雨 đằng vân giá vũ
鄧,ĐẶNG,𣱆鄧 họ Đặng
𢝜,đành,"𢝜哼 đành hanh
𢝜𢚸 đành lòng
𢝜哼 đành hanh
[異]停"
刀,ĐAO,"兵刀 binh đao
大刀 đại đao
刀劍 đao kiếm
刀亭 đao đình
𩵜刀 cá đao"
刀,dao,"刀𤇮 dao bếp
刀𠞟 dao cạo"
倒,ĐẢO,"倒𩚵 đảo cơm
倒牌 đảo bài
倒政 đảo chính
𬐸倒 lừa đảo
打倒 đả đảo
逆倒 nghịch đảo"
島,ĐẢO,"半島 bán đảo
𡉕島 hòn đảo
群島 quần đảo"
到,ĐÁO,"獨到 độc đáo
駕到 giá đáo
周到 chu đáo"
逃,ĐÀO,"逃走 đào tẩu
逃脫 đào thoát
逃伍 đào ngũ
逃走 đào tẩu"
桃,ĐÀO,"櫻桃 anh đào
胡桃 hồ đào
𦟐桃 má đào
𬃻桃 trái đào
數桃花 số đào hoa"
陶,ĐÀO,"姑陶 cô đào
妸陶 ả đào
陶造 đào tạo"
陶,đầu,姑陶 cô đầu
掏,ĐÀO,"掏捭 đào bới
掏井 đào giếng
涇掏 kênh đào"
淘,ĐÀO,淘汰 đào thải
濤,ĐÀO,"波濤 ba đào
()"
道,ĐẠO,"道理 đạo lí
道德 đạo đức
軌道 quỹ đạo
[翻]"
盜,ĐẠO,"強盜 cường đạo
盜賊 đạo tặc"
導,ĐẠO,"導演 đạo diễn
領導 lãnh đạo"
蹈,ĐẠO,舞蹈 vũ đạo
搭,đáp,"搭艚 đáp tầu
搭車焒 đáp xe lửa
搭𬺗 đáp xuống
𧋃𧋃搭渃 chuồn chuồn đáp nước
搭𠄩頭𨆝 đáp hai đầu gối
搭榴彈𠓨𡓇周𨨦 đáp lựu đạn vào lỗ châu mai"
答,ĐÁP,"𢪏書答 viết thư đáp
回答 hồi đáp
應答 ứng đáp
答𠳒 đáp lời
答禮 đáp lễ
[翻]"
踏,ĐẠP,"車踏 xe đạp
踏青 đạp thanh"
㙮,đắp,補㙮 bù đắp
㧺,đập,"打㧺 đánh đập
㧺穭 đập lúa
㧺破 đập phá
橅㧺𡐙 vồ đập đất
[翻]"
𡌩,đập,"𡌩渃 đập nước
㙮𡌩 đắp đập"
怛,ĐÁT,悲怛 bi đát
達,ĐẠT,"傳達 truyền đạt
表達 biểu đạt
演達 diễn đạt
發達 phát đạt
運達 vận đạt
達紙 đạt giấy
[翻]"
達,đật,𮞶達 lật đật
達,thợt,㗖達 thào thợt
𮙻,đắt,"𮙻錢 đắt tiền
𮙻客 đắt khách"
撻,đặt,"撻𠸜 đặt tên
壓撻 áp đặt
詖撻 bịa đặt
𢲠撻 đơm đặt
[異]達"
𡐙,đất,"𡐙墆 đất đai
𬏇𡐙 ruộng đất
𬃻𡐙 Trái Đất
[異]坦"
𤴬,đau,"𤴬傷 đau thương
𤴬𤴬 đau đáu
𤴬眜 đau mắt
𤴬𢚸 đau lòng"
𤴬,đáu,"𤴬𤴬 đau đáu
⇔𤴬đau"
兜,đâu,"於兜 ở đâu
兜固 đâu có"
斗,ĐẨU,"𧦕斗 ghế đẩu
北斗 Bắc Đẩu
泰斗 thái đẩu
小斗 tiểu đẩu
斗山 đẩu sơn"
斗,ĐẤU,"斗𥽌 đấu gạo
斗𥟉 đấu thóc"
斗,tẩu,"䈵斗 ống tẩu
𨂔斗 dọc tẩu"
鬥,ĐẤU,"鬥口 đấu khẩu
戰鬥 chiến đấu
鬥爭 đấu tranh
鬥武 đấu võ"
投,ĐẦU,"投降 đầu hàng
投軍 đầu quân"
頭,ĐẦU,"頭𩯀 đầu tóc
頭先 đầu tiên
𨑗頭 trên đầu
頭脽 đầu đuôi"
豆,ĐẬU,"豆𧰗 đậu nành
豆腐 đậu phụ
豆蔻 đậu khấu
豆漿đậu tương
豆腐 đậu hũ
豆花 đậu pha
[翻]"
豆,tào,豆胕 tào-phớ
豆,tàu,豆胕 tàu-hủ
豆,đỗ,"豆青 đỗ xanh
⇔豆đậu"
痘,ĐẬU,痘𬁒 đậu mùa
𠴓,đe,𠴓唑 đe doạ
𤯰,đẻ,㗂媄𤯰 tiếng mẹ đẻ
碮,đè,碮搌 đè nén
低,ĐÊ,"低下 đê hạ
低賤 đê tiện"
低,đây,"隔低 cách đây
𠓀低 trước đây"
堤,ĐÊ,"𡥵堤 con đê
坡堤 bờ đê
堤條 đê điều
護堤 hộ đê
[翻]"
抵,ĐỂ,大抵 đại để
抵,để,"抵朱 để cho
抵𦓡 để mà
抵意 để ý
[異]底"
抵,tẩy,抵制 tẩy chay
柢,ĐẾ,"柢𩌂 đế giày
柢畑 đế đèn
深根固柢 thâm căn cố đế"
帝,ĐẾ,"皇帝 hoàng đế
上帝 thượng đế
帝國 đế quốc
帝王 đế vương"
諦,ĐẾ,真諦 chân đế
提,ĐỀ,"提出 đề xuất
提防 đề phòng
提携 đề huề
提舉 đề cử
提抗 đề kháng"
提,re,唵提 im re
啼,ĐỀ,夜啼 dạ đề
渧,đề,潭渧 đầm đề
醍,ĐỀ,醍醐 đề hồ
題,ĐỀ,"頭題 đầu đề
題試 đề thi
題詩 đề thơ
問題 vấn đề"
弟,ĐỆ,"弟子 đệ tử
兄弟 huynh đệ
師弟 sư đệ
賢弟 hiền đệ"
第,ĐỆ,"次第 thứ đệ
門第 môn đệ
第一 đệ nhất"
遞,ĐỆ,遞呈 đệ trình
𨑻,đem,"𨑻𠫾 đem đi
𨑻𢚸 đem lòng
𨑻錢𠫾𧷸行 đem tiền đi mua hàng
[異]冘"
𣎀,đêm,"𣎀𣋚 đêm hôm
班𣎀 ban đêm
𣇜𣎀 buổi đêm
[翻][異]𣈘"
黰,đen,"𦭷黰 màu đen
鏡黰 kính đen
𩄲黰 mây đen
[異]顚"
畑,đèn,"𤎕畑 tắt đèn
琫畑 bóng đèn
架畑 giá đèn
[翻]"
𦤾,đến,"𦤾自 đến từ
𦤾坭 đến nơi
𨁲𦤾 ập đến
[異]旦典𦥃"
搷,đền,"搷恩 đền ơn
搷補 đền bù"
汀,đênh,"泠汀 lênh đênh
[翻]"
汀,thinh,"汀𣼽 thinh lặng
𫜵汀 làm thinh"
㧅,đeo,"㧅繃 đeo băng
[翻]"
惵,đẹp,"𦎡惵 xinh đẹp
高惵 cao đẹp
惵悌 đẹp đẽ
惵對 đẹp đôi
惵𩈘 đẹp mặt
[翻][異]𫅠"
𠫾,đi,"𠫾步 đi bộ
𠫾𨅸 đi đứng
𠫾修 đi tu
𠫾𢄂 đi chợ"
地,ĐỊA,"地址 địa chỉ
地理 địa lí
翁地 ông địa"
地,rịa,婆地 Bà Rịa
的,ĐÍCH,"的確 đích xác
目的 mục đích
的寔 đích thực
[翻]"
嫡,ĐÍCH,"嫡派 đích phái
嫡母 đích mẫu
嫡名 đích danh"
敵,ĐỊCH,"讎敵 thù địch
情敵 tình địch
迎敵 nghênh địch"
點,ĐIỂM,"粧點 trang điểm
點頭 điểm đầu
點名 điểm danh
交點 giao điểm
點心 điểm tâm
要點 yếu điểm
()"
點,đếm,"點錢 đếm tiền
點數件行李 đếm số kiện hành lí"
店,ĐIẾM,"店更 điếm canh
黑店 hắc điếm
𡛔店 gái điếm
滕店 đàng điếm
僶妬店𡗋！ Thằng đó điếm lắm!
㙮店 đắp điếm"
店,tiệm,"店咹 tiệm ăn
店鐄 tiệm vàng"
恬,ĐIỀM,"恬靜 điềm tĩnh
恬淡 điềm đạm
恬然 điềm nhiên"
恬,đềm,淹恬 êm đềm
恬,đim,"呢烏恬 nê-ô-đim
𡨸尼主要得使用抵翻音。䀡附錄。Chữnàychủyếuđượcsửdụngđểphiênâm.XemPhụlục.[翻]"
顛,ĐIÊN,倒顛 đảo điên
癲,ĐIÊN,"發癲 phát điên
癲狂 điên cuồng"
典,ĐIỂN,"詞典 từ điển
字典 tự điển
典型 điển hình
典故 điển cố
古典 cổ điển
典𤳆 điển trai"
田,ĐIỀN,"田主 điền chủ
田野 điền dã
借田 tá điền"
填,ĐIỀN,"填詞 điền từ
填𠓨 điền vào"
奠,ĐIỆN,奠邊府 Điện Biên Phủ
電,ĐIỆN,"電子 điện tử
車電 xe điện
郵電 bưu điện
無線電 vô tuyến điện"
殿,ĐIỆN,"宮殿 cung điện
殿下 điện hạ"
殿,đền,"殿廟 đền miếu
殿𫷨 đền chùa"
蝶,ĐIỆP,"蝴蝶 hồ điệp
𧎷蝶 sò điệp"
疊,ĐIỆP,"重疊 trùng điệp
疊曲 điệp khúc"
凋,ĐIÊU,"凋殘 điêu tàn
凋𨅸 điêu đứng
凋零 điêu linh"
雕,ĐIÊU,"雕刻 điêu khắc
浮雕 phù điêu
𪀄雕 chim điêu"
條,ĐIỀU,"條尼 điều này
條件 điều kiện
條約 điều ước
別條 biết điều
條㗂 điều tiếng"
條,tiếu,粿條 hủ tiếu
樤,điều,𣘃樤 cây điều
調,ĐIỀU,"調製 điều chế
調查 điều tra
調遣 điều khiển"
調,ĐIỆU,"調步 điệu bộ
單調 đơn điệu
強調 cường điệu
格調 cách điệu"
調,đều,"調憚 đều đặn
調僥 đều nhau
同調 đồng đều
調𢝙𢜠 đều vui mừng"
悼,ĐIỆU,追悼 truy điệu
窕,ĐIỆU,窈窕 yểu điệu
丁,ĐINH,"丁香 đinh hương
窮丁 cùng đinh
[翻]"
釘,ĐINH,"釘耙 đinh ba
頭釘 đầu đinh
㨂釘 đóng đinh"
釘,đanh,"釘𥒥 đanh đá
釘𨨧 đanh thép"
䟓,đỉnh,𨆟䟓 đủng đỉnh
頂,ĐỈNH,"頂𡶀 đỉnh núi
頂點 đỉnh điểm
崒頂 tột đỉnh
𡭧頂 chút đỉnh
會議上頂 hội nghị thượng đỉnh"
訂,ĐÍNH,"訂正 đính chính
訂婚 đính hôn
考訂 khảo đính"
廷,ĐÌNH,"朝廷 triều đình
廷臣 đình thần"
亭,ĐÌNH,亭𡌽 đình đám
庭,ĐÌNH,家庭 gia đình
停,ĐÌNH,"停滯 đình trệ
調停 điều đình
停止 đình chỉ
調停 điều đình"
霆,ĐÌNH,"雷霆 lôi đình
靈霆 linh đình"
定,ĐỊNH,"定律 định luật
主定 chủ định
定見 định kiến
決定 quyết định"
𢵋,đo,"𢵋度 đo đạc
𢵋量 đo lường"
𧹻,đỏ,"𦭷𧹻 màu đỏ
豆𧹻 đậu đỏ
𮙻𧹻 đắt đỏ
[異]𧺃"
𧹻,đo,"𧹻𧹻 đo đỏ
⇔𧹻đỏ"
妬,đó,"於妬 ở đó
妬低 đó đây"
𥯉,đó,㨂𥯉過瀧 đóng đó qua sông
都,ĐÔ,"京都 kinh đô
故都 cố đô
都市 đô thị
都羅 đô-la
[翻]"
都,đô,"都物 đô vật
[翻]"
嘟,đô,嘟嘟 đô đô
𢭰,đổ,"𢭰步 đổ bộ
𮞶𢭰 lật đổ
𢭰𧅫 đổ rác
𢭰蒲洃 đổ mồ hôi"
妒,ĐỐ,妒忌 đố kị
徒,ĐỒ,"翁徒 ông đồ
偨徒 thầy đồ
生徒 sinh đồ
信徒 tín đồ
師徒 sư đồ
徒愚 đồ ngu"
徒,trò,學徒 học trò
途,ĐỒ,"前途 tiền đồ
世途 thế đồ"
涂,đồ,"涂𥸷 đồ xôi
𩵽涂 tôm đồ"
屠,ĐỒ,"屠宰 đồ tể
屠殺 đồ sát"
塗,ĐỒ,"塗幀 đồ tranh
塗𫇿 đồ thuốc
糊塗 hồ đồ"
𣘊,đồ,"𣘊度 đồ đạc
𣘊咹 đồ ăn
𣘊𨔈 đồ chơi
𣘊數 đồ sộ
㧗𣘊䀡 thử đồ xem
𣘊 đồ"
圖,ĐỒ,"表圖 biểu đồ
版圖 bản đồ
謀圖 mưu đồ
意圖 ý đồ
爭霸圖王 tranh bá đồ vương"
杜,ĐỖ,"杜鵑 đỗ quyên
杜仲 đỗ trọng
𣱆杜 họ Đỗ"
杜,đỗ,試杜 thi đỗ
杜,đậu,"試杜 thi đậu
⇔杜đỗ"
土,ĐỘ,淨土 tịnh độ
土,THỔ,"田土 điền thổ
土地 thổ địa
領土 lãnh thổ
㗂土 tiếng thổ
土耳其 Thổ Nhĩ Kì
𠊛土người Thổ"
渡,ĐỘ,"救渡 cứu độ
過渡 quá độ"
咜,đờ,"勁咜 cứng đờ
希咜𬰹 hi-đờ-rô
[翻]"
咜,xà,"咜刟 xà xẻo
咜𠓨 xà vào
咜錫 xà tích
咜𠳖 xà cạp"
扡,đỡ,"𢴇扡 giúp đỡ
扡𢠤󠄁 đỡ đần
[異]拖"
墮,ĐOẠ,"𢰥墮 đày đoạ
蹉墮 sa đoạ
墮落 đoạ lạc"
墮,đọa,𢰥墮 đày đọa
端,ĐOAN,"端正 đoan chính
甘端 cam đoan
極端 cực đoan
端莊 đoan trang
節端午 tết Đoan Ngọ"
斷,ĐOÁN,"診斷 chẩn đoán
察斷 xét đoán
推斷 suy đoán
判斷 phán đoán
獨斷 độc đoán
禁斷 cấm đoán
()"
斷,ĐOẠN,"䋎斷 đứt đoạn
壟斷 lũng đoạn
間斷 gián đoạn
斷腸新聲 đoạn trường tân thanh"
團,ĐOÀN,"團結 đoàn kết
軍團 quân đoàn
團體 đoàn thể
團聚 đoàn tụ
飛團 phi đoàn
聯團 liên đoàn"
段,ĐOẠN,"段塘 đoạn đường
分段 phân đoạn
手段 thủ đoạn
階段 giai đoạn
首段 thủ đoạn"
奪,ĐOẠT,"占奪 chiếm đoạt
定奪 định đoạt
削奪 tước đoạt
搶奪 sang đoạt
爭奪 tranh đoạt"
督,ĐỐC,"督察 đốc sát
監督 giám đốc
督戰 đốc chiến
基督 cơ đốc"
銩,đốc,"銩劍 đốc kiếm
銩刀 đốc dao"
篤,ĐỐC,"惇篤 đôn đốc
篤症 đốc chứng
[翻]"
毒,ĐỘC,"中毒 trúng độc
質毒 chất độc
投毒 đầu độc"
獨,ĐỘC,"獨立 độc lập
獨身 độc thân
獨話 độc thoại"
𩟡,ĐỘC,讀者 độc giả
𩟡,đọc,"讀冊 đọc sách
音讀 âm đọc"
𩟡,đói,"𩟡歉 đói kém
𩟡䏾 đói bụng
隢𩟡 nghèo đói"
𡡦,đòi,"碎𡡦 tôi đòi
𡥵𡡦 con đòi"
對,ĐÔI,"對箸 đôi đũa
對𩌂 đôi giày
房對 phòng đôi
笈對 cặp đôi
對𢮩 đôi co
[翻]"
對,ĐỐI,"對飲 đối ẩm
對面 đối diện
對待 đối đãi
對作 đối tác
𢶢對 chống đối
[翻]"
𢷮,đổi,"𠊝𢷮 thay đổi
𢷮㧻 đổi chác
𢭂𢷮 trao đổi"
𢷮,giói,捛𢷮 giở giói
𩼷,đối,𩵜𩼷 cá đối
玳,đồi,玳瑁 đồi mồi
頹,ĐỒI,衰頹 suy đồi
頹,tồi,頹弊 tồi tệ
𡾫,đồi,"𡶀𡾫 núi đồi
𦘹𡾫 sườn đồi"
𡑖,đỗi,過𡑖 quá đỗi
隊,ĐỘI,"部隊 bộ đội
隊琫 đội bóng
隊伍 đội ngũ
艦隊 hạm đội"
𠁀,đời,"局𠁀 cuộc đời
𠁀𠸗 đời xưa
姅𠁀 nửa đời"
炶,đóm,"𫁵炶 điếu đóm
炶炶 đom đóm"
炶,đom,"炶炶 đom đóm
⇔炶đóm"
杶,đòn,陣杶 trận đòn
頓,ĐỐN,"困頓 khốn đốn
頓末 đốn mạt
頓劫 đốn kiếp"
屯,ĐỒN,"屯壘 đồn luỹ
屯公安 đồn công an"
沌,ĐỘN,混沌 hỗn độn
沌,độn,"沌𦙏 độn ngực
沌葻𠓨𩠴 độn bông vào gối"
遁,ĐỘN,遁土 độn thổ
遁,trốn,"遁脫 trốn thoát
遁𧴱 trốn nợ
遁𠬉 trốn tránh"
單,ĐƠN,"孤單 cô đơn
襖單 áo đơn
床單 giường đơn
單位 đơn vị
單件 đơn kiện
單𫇿 đơn thuốc
[翻]"
疸,đớn,"疸𢤞 đớn hèn
𤴬疸 đau đớn"
㨂,đóng,"㨂𨷯 đóng cửa
㨂𢵰 đóng góp
㨂氷 đóng băng"
𠘃,đọng,"凝𠘃 ngưng đọng
囚𠘃 tù đọng"
佟,đông,"佟𤒘 đông đúc
佟𠊛 đông người
佟如蜆 đông như kiến"
東,ĐÔNG,"𱘃東 phía đông
方東 phương đông
東北 đông bắc
東洋 Đông Dương"
凍,đông,"凍冷 đông lạnh
凍勁 đông cứng"
埬,đống,𡍢埬 gò đống
同,ĐỒNG,"共同 cộng đồng
同胞 đồng bào
[翻]"
垌,đồng,"垌穭 đồng lúa
垌𬏇 đồng ruộng
垌圭 đồng quê"
桐,ĐỒNG,梧桐 ngô đồng
童,ĐỒNG,"兒童 nhi đồng
童謠 đồng dao"
僮,đồng,婆僮 bà đồng
銅,ĐỒNG,"銅壺 đồng hồ
銅錢 đồng tiền
銅鉑 đồng bạc"
瞳,ĐỒNG,瞳子 đồng tử
洞,ĐỘNG,山洞 sơn động
洞,đồng,洞海 Đồng Hới
動,ĐỘNG,"動腦 động não
摛動 lay động
感動 cảm động
盲動 manh động
不動產 bất động sản"
動,đụng,"終動 chung đụng
動𪮻 đụng chạm"
炪,đốt,"炪焒 đốt lửa
炪畑 đốt đèn
被螉炪 bị ong đốt"
𥯝,đốt,"𥯝𥯌 đốt tre
𥯝𣖙 đốt mía
𥯝𢭫𢬣 đốt ngón tay"
突,ĐỘT,"衝突 xung đột
突然 đột nhiên
突兀 đột ngột
突出 đột xuất
唐突 đường đột
[翻]"
突,đuột,"𣦎突 thẳng đuột
悛突 thuôn đuột"
腯,ĐỘT,𤠲腯 khỉ đột
𦂽,đột,"𥿤𦂽 khâu đột
𦂽斜襖 đột tà áo"
澾,đợt,"澾㳥 đợt sóng
𠄩澾衝鋒 hai đợt xung phong"
𣛭,đu,"𣛭𣛭 đu đủ
[翻]"
𣛭,đủ,𣛭𣛭 đu đủ
𨁥,đủ,"𣹓𨁥 đầy đủ
𨁥𡘯 đủ lớn
[異]覩𨇜"
𨅮,đua,𧼋𨅮 chạy đua
𢴉,đùa,"葻𢴉 bông đùa
𢴉𠹳 đùa cợt
𢴉逆 đùa nghịch"
箸,đũa,"對箸 đôi đũa
[異]𥮊"
迻,đưa,"迻迍 đưa đón
𣁲迻 đongđưa
餞迻 tiễn đưa
迻網 đưa võng"
𠀲,đứa,"𠀲於 đứa ở
𠀲𥘷 đứa trẻ"
𤒘,đúc,"𤒘結 đúc kết
佟𤒘 đông đúc
爐𤒘 lò đúc
燶𤒘 nung đúc
[異]𨯹"
濁,đục,"渃濁 nước đục
磟濁 lục đục
𢭬濁𢵱沖 gạn đục khơi trong
[翻]"
濁,rục,濁𤃝 rục rịch
濁,trộc,濁擲 trộc trệch
德,ĐỨC,"德行 đức hạnh
道德 đạo đức
德佛 đức Phật
㗂德 tiếng Đức
[翻]"
倲,đúng,"倲耒 đúng rồi
倲捵 đúng đắn
倲墨 đúng mực
𠄼𣇞倲 năm giờ đúng"
哃,đùng,哃哃 đùng đùng
𨅸,đứng,"𨅸𧻭 đứng dậy
𨅸𣈖 đứng bóng
勢𨅸 thế đứng
[異]𥪸"
揨,đừng,"揨哭 đừng khóc
揨𠫾 đừng đi
[異]停"
撜,đựng,"𠹾撜 chịu đựng
丐𣛥撜𨢇 cái be đựng rượu
[翻]"
脽,đuôi,"頭脽 đầu đuôi
脽船 đuôi thuyền
[異]𡳪"
𨘗,đuổi,"蹺𨘗 theo đuổi
打𨘗 đánh đuổi
𨁰𨘗 xua đuổi
[異]𨆷"
濧,đuối,"𪽳濧 yếu đuối
㴷濧 đắm đuối"
唐,ĐƯỜNG,"唐突 đường đột
茹唐 nhà Đường"
棠,ĐƯỜNG,海棠 hải đường
塘,đường,"塘圫 đường sá
塘鉄 đường sắt"
塘,đàng,"塘𥪝 Đàng Trong
塘外 Đàng Ngoài
⇔塘đường"
糖,ĐƯỜNG,"質糖 chất đường
𤮾如糖 ngọt như đường"
賥,đút,"賥䘹 đút lót
賥𨨷 đút nút
賥襊 đút túi
[翻]"
䋎,đứt,"割䋎 cắt đứt
䋎𢭮 đứt gãy
[翻]"
㥋,e,"㥋麗 e lệ
㥋懝 e ngại"
𠲖,ê,"𠲖阿 ê a
𠲖痆 ê chề
[翻]"
𤷴,ê,𤷴𤀔 ê ẩm
螠,ếch,"𡥵螠 con ếch
螠橅花 ếch vồ hoa
螠𱖗底井 ếch ngồi đáy giếng
[翻]"
㛪,em,"㛪𡛔 em gái
㛪𤳆 em trai"
淹,êm,"淹妸 êm ả
淹沁 êm thấm
[翻]"
𥩤,ga,𥩤車焒 ga xe lửa
𪃿,gà,"𪃿㹟 gà qué
𪃿𪆼 gà lôi
𪃿𥊚 gà mờ
𥆄𪃿 quáng gà"
𡥚,gã,𠬠𡥚書生 một gã thư sinh
擱,gác,"更擱 canh gác
[翻]"
𩠓,gặc,𩠧𩠓 gục gặc
𩠓,gật,"𩠓𠵎 gật gù
𥄬𩠓 ngủ gật
[翻]"
坧,gạch,"墻坧 tường gạch
坧𧍆 gạch cua"
荄,gai,"荄𧣳 gai góc
㑲荄𫫞𦟽 nằm gai nếm mật
餅荄 bánh gai
[翻]"
𦃮,gai,"𣘃𦃮 cây gai
縐𦃮 sô gai"
𡛔,gái,"𡥵𡛔 con gái
伴𡛔 bạn gái"
垓,gay,"垓𦁣 gay go
垓硍 gay cấn
垓噶 gay gắt"
𢭮,gãy,"𢯏𢭮 bẻ gãy
𢭮𢭰 gãy đổ
䋎𢭮 đứt gãy"
𢭮,gẫy,⇔𢭮gãy
胲,gây,"苿胲 mùi gây
𬚸𤠰胲胲 thịt gấu gây gây"
𨠳,gây,"𨠳戰 gây chiến
𨠳𲂪 gây vốn
𨠳𫥨 gây ra
𨠳𥞖 gây giống
𨠳𥾃 gây men
𨠳古 gây gổ
[異]𨢟"
𤷍,gầy,"𤷍𤷱 gầy mòn
𤷍𪸽 gầy đét"
梞,gậy,"𣘃梞 cây gậy
[翻]"
𧃃,gắm,"𧃃𡶀 gắm núi
絏𧃃 dây gắm
寄𧃃 gửi gắm"
㖗,gầm,"㖗𠯦 gầm thét
[翻]"
檊,gán,"檊𢯖 gán ghép
檊罪 gán tội"
𮇜,gắn,"𮇜抪 gắn bó
焊𮇜 hàn gắn
[翻]"
挭,gánh,桄挭 quang gánh
𪡱,gao,噶𪡱 gắt gao
哠,gào,"哠𠯦 gào thét
叫哠 kêu gào
[翻]"
𥽌,gạo,"籺𥽌 hạt gạo
迆𥽌 giã gạo"
﨤,gặp,"﨤攑 gặp gỡ
﨤𣋑 gặp dịp
常﨤 thường gặp
𱍿過空﨤 lâu quá không gặp
[翻]"
扱,gấp,"扱曲 gấp khúc
扱𱑕 gấpmười
扱冊徠 gấp sách lại
欣扱𠀧吝 hơn gấp ba lần"
𢶆,gạt,"𢶆𠬃 gạt bỏ
𢶆𧴱 gạt nợ"
噶,gắt,"㤧噶 cáu gắt
𤮾噶 ngọt gắt
垓噶 gay gắt"
秸,gặt,秸𢲨 gặt hái
𦵷,gấu,"𦹯𦵷 cỏ gấu
榘𦵷 củ gấu
[翻]"
𤠰,gấu,"𡥵𤠰 con gấu
𤠰竹 gấu trúc"
褠,gấu,"褠襖 gấu áo
褠裙 gấu quần"
踦,ghé,"踦蹎 ghé chân
踦眜 ghé mắt
踦𦖻吶忱 ghé tai nói thầm
船踦𤅶 thuyền ghé bến"
𭌲,ghê,"𩙍𡘯𭌲 gió lớn ghê
[翻]"
𧦕,ghế,"𧦕𱖗 ghế ngồi
𧦕斗 ghế đẩu
𧦕𩚵 ghế cơm
[異]槣"
慳,ghen,"打慳 đánh ghen
慳𡀢 ghen tuông
[翻]"
𢯖,ghép,"𢯖𬄺 ghép mộng
[翻]"
恄,ghét,"讎恄 thù ghét
[翻]"
𥱬,ghi,"𥱬音 ghi âm
𥱬𠸜 ghi tên
𥱬𢖵 ghi nhớ
𦭷𥱬 màu ghi
[翻]"
𦁣,go,"縸𦁣𦂾𡲫 mắc go dệt vải
垓𦁣 gay go
[翻]"
𡍢,gò,"𡍢埬 gò đống
𡍢𦟐 gò má"
𢫈,gõ,"𢫈𨷯 gõ cửa
部𢫈 bộ gõ
[異]𢱗"
𢫈,khỏ,⇔𢫈gõ
楛,gỗ,"𣘃楛 cây gỗ
板楛 phản gỗ
捁楛 kéo gỗ
[異]椇"
攑,gỡ,"攑黹 gỡ chỉ
攑㓢 gỡ gạc
()"
𧣳,góc,"𣃱𧣳 vuông góc
荄𧣳 gai góc"
㭲,gốc,"㭲𣘃 gốc cây
源㭲 nguồn gốc
[翻]"
襘,gói,"麪襘 mì gói
𠓻襘 trọn gói
[翻]()"
噲,gọi,"噲𱺵 gọi là
𠸜噲 tên gọi
()"
𨆝,gối,"頭𨆝 đầu gối
()"
𩠴,gối,"襖𩠴 áo gối
𩠴頭 gối đầu
()"
㨳,gợi,"㨳意 gợi ý
㨳𢖵 gợi nhớ
㨳感 gợi cảm"
𠁟,gồm,"包𠁟 bao gồm
[異]𡗄"
菅,gon,菅埬𥟉 gon đống thóc
緄,gòn,"𧜖棍 chăn gòn
[翻]"
杠,gông,"杠檎 gông cùm
[翻]"
𢵰,góp,"𢵰抇 góp nhặt
𢵰意 góp ý
㨂𢵰 đóng góp
[翻]"
𨃴,gót,"𩌂𠾲𨃴 giầy vẹt gót
[翻]"
𠵎,gù,"㗂𪀄𠵎 tiếng chim gù
𩠓𠵎 gật gù
[翻]"
㖵,gừ,㖗㖵 gầm gừ
𩠧,gục,"𩠧頭 gục đầu
𨁟𩠧 ngã gục
[翻]"
𦎛,gương,"𦎛㑄 gương mẫu
𦎛𩈘 gương mặt
𦎛蓮 gương sen"
之,gì,"丐之 cái gì
空固之 không có gì
[異]咦"
之,chi,⇔之gì
加,GIA,"加速 gia tốc
加恩 gia ân
加倍 gia bội
[翻]"
家,GIA,"家庭 gia đình
家用 gia dụng
儒家 nho gia"
嘉,GIA,"嘉定 Gia Định
嘉隆 Gia Long"
者,GIẢ,"記者 kí giả
聽者 thính giả
作者 tác giả
長者 trưởng giả"
假,GIẢ,"假裝 giả trang
假𫿒 giả vờ
假樣 giả dạng"
假,GIÁ,"假如 giá như
⇔假giả"
架,GIÁ,"架畑 giá đèn
架冊 giá sách"
嫁,GIÁ,出嫁 xuất giá
嫁,gả,"嫁𫯳 gả chồng
嫁𬥓 gả bán"
稼,giá,稼豆 giá đỗ
價,GIÁ,"價值 giá trị
物價 vật giá"
價,cả,嚜價 mặc cả
駕,GIÁ,護駕 hộ giá
𬰊,giá,"冷𬰊 lạnh giá
𬰊洌 giá rét"
伽,GIÀ,伽藍 già lam
𫅷,già,"𫅷𪥘󠄁 già cả
𤞺𫅷 cáo già
[異]𦓅"
偖,giã,𠽖偖 giục giã
角,GIÁC,"三角 tam giác
觸角 xúc giác
獨角 độc giác
犀角 tê giác
[翻]"
覺,GIÁC,"覺官 giác quan
感覺 cảm giác
味覺 vị giác
幻覺 ảo giác
覺悟 giác ngộ
聽覺 thính giác"
𥋏,giấc,"𥋏𢠩 giấc mơ
[翻]"
佳,GIAI,"佳人 giai nhân
佳話 giai thoại
[翻]"
階,GIAI,"階段 giai đoạn
階級 giai cấp
階調 giai điệu"
解,GIẢI,"押解 áp giải
辯解 biện giải
解剖 giải phẫu
𠫾解 đi giải"
螮,giải,𡥵螮 con giải
蟹,GIẢI,笘𣇟巨蟹 chòm sao Cự Giải
𩌂,giày,對𩌂 đôi giày
𩌂,giầy,⇔𩌂giày
𣆰,giây,"𣆰𣋩 giây lát
𣆰丿 giây phút"
監,GIAM,"監擒 giam cầm
茹監 nhà giam
監𡨺 giam giữ
監𠬠數錢𡘯 giam một số tiền lớn
[翻]"
監,GIÁM,"監督 giám đốc
監獄 giám ngục
監察 giám sát
監護 giám hộ
[翻]"
減,GIẢM,"減價 giảm giá
衰減 suy giảm
痊減 thuyên giảm
減抔 giảm bớt
加減 gia giảm"
鑑,GIÁM,"鑑定 giám định
鑑別 giám biệt"
奸,GIAN,"奸嚉 gian dối
奸巧 gian xảo
奸臣 gian thần"
姦,GIAN,"姦淫 gian dâm
強姦 cưỡng gian"
間,GIAN,"時間 thời gian
人間 nhân gian
中間 trung gian
[翻]"
間,GIÁN,"間諜 gián điệp
間接 gián tiếp
離間 li gián
間斷 gián đoạn
[翻]"
艱,GIAN,"艱勞 gian lao
艱苦 gian khổ
艱難 gian nan
艱險 gian hiểm
艱困 gian khốn"
簡,GIẢN,"單簡 đơn giản
簡易 giản dị"
僴,giãn,舒僴 thư giãn
僴,dãn,⇔僴giãn
𢚷,giận,"𢚷㘋 giận hờn
𢚷㺞 giận dữ
𠺒𢚷 tức giận
[翻][異]𢠣"
江,GIANG,"江湖 giang hồ
江山 giang sơn
𠐞江 giỏi giang
[翻]"
江,giàng,"𡨺江 giữ giàng
[翻]"
𥬮,giang,"𣘃𥬮 cây giang
橛𥬮 quạt giang"
講,GIẢNG,"講解 giảng giải
講𠰺 giảng dạy"
降,GIÁNG,"昇降 thăng giáng
降生 giáng sinh
降級 giáng cấp"
降,HÀNG,投降 đầu hàng
掙,giành,"爭掙 tranh giành
掙𪮞 giành giật
掙權利 giành quyền lợi"
交,GIAO,"交易 giao dịch
交通 giao thông
交遊 giao du
結交 kết giao
交和 giao hoà
[翻]"
教,GIÁO,"佛教 Phật giáo
請教 thỉnh giáo"
槊,giáo,"槊𢨃 giáo mác
鎌槊 gươm giáo"
槊,sác,汕槊 sớn sác
甲,GIÁP,"盔甲 khôi giáp
甲冑 giáp trụ
腺甲 tuyến giáp
[翻]"
夾,GIÁP,"夾𩈘 giáp mặt
夾界 giáp giới"
夾,kép,"杈夾 xà kép
[翻]"
𣾹,giặt,"𣾹𱡃 giặt giũ
𣛠𣾹 máy giặt
[翻]"
𪮞,giật,"掙𪮞 giành giật
[翻]"
𪮞,giần,"𪮞𪮞 giần giật
⇔𪮞giật"
𪮞,giựt,⇔𪮞giật[翻]
𢀭,giàu,"𢀭固 giàu có
𢀭猛 giàu mạnh
渃𢀭 nước giàu"
𢀭,giầu,⇔𢀭giàu
𢭳,giấu,"隱𢭳 ẩn giấu
𢭳掂 giấu giếm
[翻][異]𨁪"
𢭳,dấu,⇔𢭳giấu
𢭳,giu,"𢭳𢭳 giu giú
⇔𢭳giú"
𢭳,giú,"𢭳𢭳 giu giú
⇔𢭳giấu"
掂,giếm,"𢭳掂 giấu giếm
[翻]"
掂,diếm,"𢭳掂 giấu diếm
⇔掂giếm"
井,giếng,掏井 đào giếng
井,sểnh,寵井 sổng sểnh
井,tễnh,集井 tập tễnh
𦀚,giềng,𦀚䋦 giềng mối
𪶎,gieo,"𪶎𢳯 gieo rắc
[翻]"
𨦬,giết,"𨦬𣩂 giết chết
𨦬害 giết hại"
𢷹,gìn,"𡨺𢷹 giữ gìn
[翻]"
䇠,giỏ,"丐䇠 cái giỏ
[異]𥶇"
𩙍,gió,"𩙍雹 gió bão
𩙍𬁒 gió mùa
[翻][異]𲋊𩙋"
𥣒,giỗ,"𥣒忌 giỗ kị
𥣒臘 giỗ chạp"
捈,giơ,"捈𢬣 giơ tay
[翻]"
𣇞,giờ,"包𣇞 bao giờ
𣇞𥋏 giờ giấc
現𣇞 hiện giờ
時𣇞 thì giờ
[異]除"
𠐞,giỏi,"𠐞江 giỏi giang
[翻]"
戒,GIỚI,"戒嚴 giới nghiêm
警戒 cảnh giới
破戒 phá giới
勸戒 khuyến giới
五戒 ngũ giới"
戒,cai,"戒𢞆 cai nghiện
戒𣷱 cai sữa"
芥,GIỚI,荊芥 kinh giới
芥,cải,"蔞芥 rau cải
芥花 cải hoa"
界,GIỚI,"界限 giới hạn
邊界 biên giới
女界 nữ giới
境界 cảnh giới"
械,GIỚI,機械 cơ giới
誡,GIỚI,告誡 cáo giới
𧋹,giời,"𡥵𧋹 con giời
𧋹蹽 giời leo
[異]𧐹"
𡅉,giỡn,"吶𡅉 nói giỡn
𡅉𩈘 giỡn mặt
𢴉𡅉 đùa giỡn
𨔈𡅉 chơi giỡn"
梇,gióng,"梇𣖙 gióng mía
梇檜 gióng củi"
梇,lóng,⇔梇gióng
𠰩,giọng,"𪮞𠰩 giật giọng
𠰩吶 giọng nói
[異]喠"
𥞖,giống,"𨠳𥞖 gây giống
𥞖類 giống loài
𣳔𥞖 dòng giống
𥞖僥 giống nhau
𥞖如 giống như
[翻][異]𠏳"
𥞖,giông,"𥞖𥞖 giông giống
⇔𥞖giống[翻]"
湥,giọt,"湥𩄎 giọt mưa
湥淚 giọt lệ
[翻]"
湥,sặt,湥𡊳 sặt sành
𡨺,giữ,"監𡨺 giam giữ
𡨺𥙩 giữ lấy
留𡨺 lưu giữ
扒𡨺 bắt giữ
𡨺𢷹 giữ gìn"
𡧲,giữa,"於𡧲 ở giữa
𡧲澄 giữa chừng
[異]𫡉"
𠽖,giục,"𠽖偖 giục giã
𢭻𠽖 xúi giục
促𠽖 thúc giục
𠽖𢚸 giục lòng
[翻]"
𧉙,giun,𧉙𡐙 giun đất
𧉙,run,⇔𧉙giun
𧉙,trùn,"𡥵𧉙 con trùn
⇔𧉙giun[翻]"
床,giường,"床𥄬 giường ngủ
床𰨂 giường thờ
床單 giường đơn
巾𱱇床 khăn trải giường"
𢴇,giúp,"𢴇扡 giúp đỡ
助𢴇 trợ giúp
[翻][異]執"
哬,ha,哬哬 ha ha
嘑,hả,嘑𭌟 hả hê
𠹛,há,"𠹛𠵘 há mồm
𠹛嘝 há hốc"
何,HÀ,"何必 hà tất
奈何 nại hà
何首烏 hà thủ ô"
苛,HÀ,"苛刻 hà khắc
苛賤 hà tiện
苛脅 hà hiếp
苛濫 hà lạm
苛𠽍 hà rầm"
呵,hà,呵唏 hà hơi
河,HÀ,"山河 sơn hà
河馬 hà mã"
荷,HÀ,"薄荷 bạc hà
荷蘭 Hà Lan"
蚵,hà,"蚵㴜 hà biển
榘𧃷蚵 củ khoai hà
蚵𤔻 hà móng"
遐,HÀ,"崩遐 băng hà
升遐 thăng hà"
下,HẠ,"天下 thiên hạ
候下 hầu hạ
下幔 hạ màn
下價 hạ giá
下決心 hạ quyết tâm"
夏,HẠ,"夏至 hạ chí
春夏秋冬 xuân hạ thu đông"
夏,hè,"頭夏 đầu hè
儗夏 nghỉ hè"
賀,HẠ,"慶賀 khánh hạ
祝賀 chúc hạ
賀功 hạ công"
暇,HẠ,閒暇 nhàn hạ
赫,HÁCH,赫奕 hách dịch
核,HẠCH,"核算 hạch toán
熱核 nhiệt hạch
核索 hạch sách
疫核 dịch hạch"
𠄩,hai,"𣎃𠄩 tháng hai
𠬠𠄩 một hai"
海,HẢI,"海洋 hải dương
海軍 hải quân
沿海 duyên hải
海產 hải sản
海港 hải cảng"
海,hới,洞海 Đồng Hới
𢲨,hái,𦧜𢲨 lưỡi hái
骸,HÀI,"遺骸 di hài
屍骸 thi hài"
諧,HÀI,"諧謔 hài hước
詼諧 khôi hài
諧和 hài hoà
諧𢚸 hài lòng
諧劇 hài kịch"
駭,HÃI,"𢜝駭 sợ hãi
驚駭 kinh hãi"
害,HẠI,"折害 thiệt hại
固害 có hại
侵害 xâm hại"
咍,hay,"朱咍 cho hay
咍𠯖 hay ho
咍𱺵 hay là
[翻][異]𫨩"
𫻎,ham,"𫻎𡮶 ham chuộng
𫻎迷 ham mê
𫻎唬 ham hố"
含,HÀM,"包含 bao hàm
含冤 hàm oan
含意 hàm ý
含笑 hàm tiếu
含量 hàm lượng"
含,ngoàm,岩含 ngồm ngoàm
函,HÀM,"函數 hàm số
函授 hàm thụ
公函 công hàm
[翻]"
函,hòm,"函䇸 hòm xiểng
𢬣函匙銙 tay hòm chìa khoá
撻𠊛𣩂濧𠓨函 đặt người chết đuối vào hòm
𤗆役㐌函耒 mọi việc đã hòm rồi"
𦛜,hàm,"𬗜𦛜 quai hàm
𪘵𦛜 răng hàm"
銜,HÀM,"品銜 phẩm hàm
軍銜 quân hàm
學銜 học hàm"
陷,HÃM,"陷害 hãm hại
監陷 giam hãm
圍陷 vây hãm"
陷,hỏm,陷陷 hom hỏm
陷,hom,"陷陷 hom hỏm
⇔陷hỏm"
啗,hãm,"啗茶 hãm trà
啗血 hãm tiết"
艦,HẠM,戰艦 chiến hạm
𢣇,hăm,"𢣇𡁱 hăm he
𢣇𢠇 hăm hở
𢣇唑 hăm doạ"
歆,HÂM,"歆慕 hâm mộ
[翻]"
𡌢,hầm,"層𡌢 tầng hầm
塘𡌢 đường hầm"
漢,HÁN,"漢喃 Hán Nôm
阿羅漢 A La Hán
𡨸漢 chữ Hán
好漢 hảo hán
漢字 Hán tự"
漢,hớn,好漢 hảo hớn
焊,HÀN,"焊𮇜 hàn gắn
焊口 hàn khẩu
焊堤 hàn đê"
寒,HÀN,"大寒 đại hàn
貧寒 bần hàn
傷寒 thương hàn
寒暄 hàn huyên
寒林所 hàn lâm sở"
翰,HÀN,"院翰林 viện hàn lâm
[翻]"
韓,HÀN,韓國 Hàn Quốc
汗,HÃN,"血汗 huyết hãn
成吉思汗 Thành Cát Tư Hãn"
罕,HÃN,罕有 hãn hữu
罕,hãn,𣗓罕 chưa hãn
悍,HÃN,兇悍 hung hãn
旱,HẠN,旱暵 hạn hán
限,HẠN,"加限 gia hạn
無限 vô hạn
限制 hạn chế"
𠳾,hẳn,"𢡠𠳾 chắc hẳn
𠳾脄 hẳn hoi
[異]罕"
𪝳,hắn,𪝳些 hắn ta
欣,HÂN,"欣幸 hân hạnh
欣歡 hân hoan
[翻]"
欣,hơn,"欣𡛤 hơn nữa
𠃣欣 ít hơn
𥽌欣 gạo hơn
[翻]"
恨,HẬN,"讎恨 thù hận
悔恨 hối hận
怨恨 oán hận"
恨,hằn,"恨學 hằn học
讎恨 thù hằn"
𡎟,hang,"𡎟嘝 hang hốc
𡎟洞 hang động
𡎟漊萬丈 hang sâu vạn trượng"
亙,hàng,"亙𣇞 hàng giờ
亙𠦳𢆥 hàng ngàn năm"
行,HÀNG,"行伍 hàng ngũ
銀行 ngân hàng
𨷯行 cửa hàng
行貨 hàng hoá
渃行 nước hàng"
行,HÀNH,"步行 bộ hành
行程 hành trình
施行 thi hành
行動 hành động
保行 bảo hành"
行,HẠNH,"德行 đức hạnh
節行 tiết hạnh"
行,hãng,"正行 chính hãng
行信 hãng tin
行航空 hãng hàng không"
航,HÀNG,"航海 hàng hải
航空 hàng không"
項,HẠNG,"攝項 xếp hạng
末項 mạt hạng
上項 thượng hạng
𥿯項一 vé hạng nhất
[翻]"
㤚,hăng,"㤚醝 hăng say
兇㤚 hung hăng
㤚𢲨 hăng hái"
恆,HẰNG,"恆𢆥 hằng năm
恆𣎃 hằng tháng
恆數 hằng số"
𬿦,hẫng,"紇𬿦 hụt hẫng
珥𬿦 nhẹ hẫng"
荇,hành,"榘荇 củ hành
荇西 hành tây
[異]蘅"
莖,HÀNH,玉莖 ngọc hành
倖,HÃNH,"倖進 hãnh tiến
倖求 hãnh cầu"
杏,HẠNH,杏仁 hạnh nhân
幸,HẠNH,"幸福 hạnh phúc
欣幸 hân hạnh
不幸 bất hạnh
榮幸 vinh hạnh"
耗,HAO,"損耗 tổn hao
消耗 tiêu hao
耗紇 hao hụt"
滈,hao,"同滈 đồng hao
滈滈 hao hao"
滈,khao,渴滈 khát khao
好,HẢO,"好友 hảo hữu
絕好 tuyệt hảo
美好 mĩ hảo
和好 hoà hảo
好漢 hảo hán"
好,HIẾU,"好學 hiếu học
好客 hiếu khách
好奇 hiếu kì
嗜好 thị hiếu"
好,háo,"好渃 háo nước
好洫 háo hức"
號,HÀO,呼號 hô hào
號,HIỆU,"號令 hiệu lệnh
信號 tín hiệu
暗號 ám hiệu
徽號 huy hiệu
符號 phù hiệu
商號 thương hiệu"
豪,HÀO,"富豪 phú hào
豪傑 hào kiệt
豪放 hào phóng
自豪 tự hào
豪晄 hào nhoáng
[翻]"
餚,HÀO,山餚海味 sơn hào hải vị
壕,HÀO,"戰壕 chiến hào
𡌢壕 hầm hào
壕壘 hào luỹ"
吸,HẤP,"吸引 hấp dẫn
呼吸 hô hấp"
喝,hát,"歌喝 ca hát
喝唱 hát xướng
排喝 bài hát
𠰺喝 dạy hát
[翻]"
籺,hạt,"地籺 địa hạt
籺仁 hạt nhân"
籺,hột,"𠁻籺𧕚 chuỗi hột trai
⇔籺hạt"
轄,HẠT,"地轄 địa hạt
轄下 hạt hạ"
侯,HẦU,"諸侯 chư hầu
爵侯 tước hầu
[翻]"
侯,hầu,"侯歇 hầu hết
侯如 hầu như
[翻]"
候,HẦU,"候下 hầu hạ
候𡛔 hầu gái
候座 hầu toà
候包 hầu bao"
候,HẬU,氣候 khí hậu
喉,HẦU,咽喉 yết hầu
后,HẬU,"皇后 hoàng hậu
母后 mẫu hậu"
厚,HẬU,"忠厚 trung hậu
深厚 thâm hậu
仁厚 nhân hậu"
後,HẬU,"後裔 hậu duệ
後方 hậu phương
後世 hậu thế
後事 hậu sự"
𡁱,he,𢣇𡁱 hăm he
𢬾,hé,𢬾𢬾 he hé
𢬾,he,"𢬾𢬾 he hé
⇔𢬾hé"
𡏘,hè,"𡏘茹 hè nhà
㙔𡏘 vỉa hè
軒𡏘 hiên hè"
嗄,hè,"𠫾嗄 đi hè
會嗄 hội hè
僶𡮈易傷過嗄 thằng nhỏ dễ thương quá hè
[翻]"
𢭁,hề,"𢭁之 hề gì
拯𢭁 chẳng hề
𣗓𢭁 chưa hề"
奚,hề,"僶奚 thằng hề
奚童 hề đồng
𦠘奚 vai hề"
盻,hễ,盻吶𱺵𫜵 hễ nói là làm
系,HỆ,"系統 hệ thống
直系 trực hệ
母系 mẫu hệ"
係,HỆ,"干係 can hệ
關係 quan hệ
係重 hệ trọng"
係,hầy,𠍣係 bầy hầy
繫,HỆ,"聯繫 liên hệ
繫詞 hệ từ"
𢤞,hèn,"𪽳𢤞 yếu hèn
[異]𫣴"
囂,heo,"囂唿 heo hút
囂𠶣 heo may
[翻]"
𪞭,hẻo,𪞭𨀌 hẻo lánh
狹,hẹp,"塘狹 đường hẹp
腰狹 eo hẹp
[翻]"
𠿒,hét,"囉𠿒 la hét
㗅𠿒 hò hét"
歇,hết,"歇錢 hết tiền
𠓀歇 trước hết
侯歇 hầu hết
歇𢚸 hết lòng"
頡,hệt,"依頡 y hệt
[翻]"
希,HI,"希望 hi vọng
希臘 Hi Lạp
[翻]"
稀,HI,稀有 hi hữu
犧,HI,犧牲 hi sinh
喜,HỈ,"恭喜 cung hỉ
雙喜 song hỉ
歡喜 hoan hỉ"
咥,hí,"吁咥 hú hí
𠊛叫馭咥 người kêu ngựa hí"
𠻑,hì,𠻑𡄆 hì hục
險,HIỂM,"危險 nguy hiểm
保險 bảo hiểm
探險 thám hiểm
脫險 thoát hiểm
險惡 hiểm ác"
險,hiếm,"險固 hiếm có
險脄 hiếm hoi"
顯,HIỂN,"顯示 hiển thị
明顯 minh hiển
顯然 hiển nhiên
顯明 hiển minh
顯現 hiển hiện
()"
顯,hển,混顯 hổn hển
獻,HIẾN,"貢獻 cống hiến
文獻 văn hiến
獻計 hiến kế
獻身 hiến thân
()"
賢,HIỀN,"賢厚 hiền hậu
賢令 hiền lành
賢和 hiền hoà
媄賢 mẹ hiền"
現,HIỆN,"現𫢩 hiện nay
現代 hiện đại
現行 hiện hành
現場 hiện trường"
脅,HIẾP,"威脅 uy hiếp
脅淫 hiếp dâm
咹脅 ăn hiếp
啗脅 hãm hiếp
抑脅 ức hiếp"
合,HIỆP,"聯合 liên hiệp
勝𪥘󠄁𠄼合 thắng cả năm hiệp"
合,HỢP,"符合 phù hợp
[翻]"
合,HẠP,⇔合hợp
合,họp,"局合 cuộc họp
合𢄂 họp chợ
合會操 họp hội thao"
協,HIỆP,"協助 hiệp trợ
協會 hiệp hội
協定 hiệp định
協商 hiệp thương"
俠,HIỆP,"豪俠 hào hiệp
俠客 hiệp khách
劍俠 kiếm hiệp
大俠 đại hiệp
義俠 nghĩa hiệp"
曉,HIỂU,"曉別 hiểu biết
通曉 thông hiểu
透曉 thấu hiểu"
孝,HIẾU,"孝順 hiếu thuận
孝傠 hiếu thảo
不孝 bất hiếu"
效,HIỆU,"功效 công hiệu
效果 hiệu quả
有效 hữu hiệu
效驗 hiệu nghiệm"
擤,hỉnh,"擤𪖫 hỉnh mũi
憾擤 hóm hỉnh"
刑,HÌNH,"刑法 hình pháp
極刑 cực hình
行刑 hành hình"
形,HÌNH,"地形 địa hình
情形 tình hình
形𠍵 hình dáng
形體 hình thể
[翻]"
𠲮,hĩnh,唅𠲮 hợm hĩnh
𠯖,ho,"𠯖𠻃 ho hen
𠯖癆 ho lao
咍𠯖 hay ho"
㗅,hò,"喝㗅 hát hò
𭉑㗅 hẹn hò"
𣱆,họ,"𠸜𣱆 tên họ
𣳔𣱆 dòng họ
𣱆行 họ hàng
[異]戶"
呼,HÔ,"呼吸 hô hấp
稱呼 xưng hô
歡呼 hoan hô
呼號 hô hào
呼𡘯 hô lớn
呼喚 hô hoán"
呼,hô,呼𪘵 hô răng
瑚,HÔ,珊瑚 san hô
虎,HỔ,"猛虎 mãnh hổ
熊虎 hùng hổ"
琥,HỔ,琥珀 hổ phách
䗂,hổ,"𧋻䗂 rắn hổ
䗂焒 hổ lửa"
唬,hố,呼唬 hô hố
㙤,hố,"𡌢㙤 hầm hố
㙤黰 hố đen"
乎,HỒ,"幾乎 cơ hồ
況乎 huống hồ
[翻]"
狐,HỒ,"狐狸 hồ li
狐疑 hồ nghi"
胡,HỒ,"胡桃 hồ đào
𣱆胡 họ Hồ"
葫,HỒ,葫蘆 hồ lô
湖,HỒ,"坳湖 ao hồ
江湖 giang hồ
湖還劍 Hồ Hoàn Kiếm"
蝴,HỒ,蝴蝶 hồ điệp
糊,HỒ,"糊裙襖 hồ quần áo
糊塗 hồ đồ
𥺊糊 cháo hồ
糊疏 hồ sơ"
互,HỖ,"互助 hỗ trợ
相互 tương hỗ"
戶,HỘ,"戶籍 hộ tịch
戶口 hộ khẩu"
護,HỘ,"保護 bảo hộ
護送 hộ tống
辯護 biện hộ
護照 hộ chiếu
護堤 hộ đê
擁護 ủng hộ"
汻,hở,"汻𡎟 hở hang
渚汻𠰘 chớ hở miệng
腜汻𪘵冷 môi hở răng lạnh"
𠼯,hở,"㵋𧗱𠼯？ mới về hở?
哰獓丕𠼯僶其？ sao ngáo vậy hở thằng kia?"
𢠇,hở,𢠦𢠇 hớn hở
噓,hờ,"噓𠾿 hờ hững
𨷯𢬱噓 cửa khép hờ"
花,HOA,"花蓮 hoa sen
花魁 hoa khôi
花旗 Hoa Kì
花𢬣 hoa tay
花𠺌 hoa hoè"
花,pha,豆花 đậu pha
花,huê,⇔花hoa
華,HOA,"繁華 phồn hoa
才華 tài hoa
精華 tinh hoa
奢華 xa hoa"
火,HOẢ,"火爐 hoả lò
火速 hoả tốc
防火 phòng hoả
火藥 hoả dược
火患 hoả hoạn"
化,HOÁ,"變化 biến hoá
感化 cảm hoá
化粧 hoá trang
文化 vănhoá
消化 tiêu hoá
他化 tha hoá"
化,huế,城庯化 thành phố Huế
貨,HOÁ,"百貨 bách hoá
行貨 hàng hoá"
和,HOÀ,"共和 cộng hoà
和平 hoàbình
不和 bất hoà
和合 hoà hợp
賢和 hiền hoà"
和,HOẠ,"唱和 xướng hoạ
附和 phụ hoạ
和蹺 hoạ theo"
和,hoạ,和唍 hoạ hoằn
禍,HOẠ,"嫁禍 giá hoạ
慘禍 thảm hoạ
災禍 tai hoạ
禍福 hoạ phúc"
禍,vạ,"咹禍 ăn vạ
災𢒎禍𩙍 tai bay vạ gió"
畫,HOẠ,"幅畫 bức hoạ
圖畫 đồ hoạ
繪畫 hội hoạ
畫士 hoạ sĩ
()"
或,HOẶC,"或𱺵 hoặc là
或者 hoặc giả
或𡗉或𠃣 hoặc nhiều hoặc ít"
惑,HOẶC,"疑惑 nghi hoặc
迷惑 mê hoặc
眩惑 huyễn hoặc"
劃,HOẠCH,"計劃 kế hoạch
規劃 quy hoạch
劃定 hoạch định
籌劃 trù hoạch"
劃,gạch,劃𠬠塘 gạch một đường
穫,HOẠCH,收穫 thu hoạch
懷,HOÀI,"懷抱 hoài bão
哀懷 ai hoài
懷念 hoài niệm
懷疑 hoài nghi"
懷,hoài,"懷𧵑 hoài của
費懷 phí hoài
懷懷 hoài hoài"
壞,HOẠI,"敗壞 bại hoại
毀壞 huỷ hoại
破壞 phá hoại"
揋,hoay,摞揋 loay hoay
歡,HOAN,"歡迎 hoan nghênh
欣歡 hân hoan
追歡 truy hoan
歡喜 hoan hỉ"
丸,HOÀN,"精丸 tinh hoàn
膏單丸散 cao đơn hoàn tán"
完,HOÀN,"完好 hoàn hảo
完畢 hoàn tất
完全 hoàn toàn
完善 hoàn thiện"
還,HOÀN,"還㨋 hoàn trả
還良 hoàn lương
還魂 hoàn hồn"
環,HOÀN,"環境 hoàn cảnh
環球 hoàn cầu
金環 kim hoàn"
鬟,HOÀN,丫鬟 a hoàn
緩,HOÃN,"和緩 hoà hoãn
遲緩 trì hoãn
緩兵 hoãn binh"
患,HOẠN,患難 hoạn nạn
荒,HOANG,"荒𤵺 hoang dại
荒廢 hoang phế
荒蕪 hoang vu
荒野 hoang dã
𡥵荒 con hoang
媎荒 chửa hoang"
慌,HOANG,慌忙 hoang mang
慌,HOẢNG,"恐慌 khủng hoảng
慌𢜝 hoảng sợ"
恍,HOẢNG,恍惚 hoảng hốt
皇,HOÀNG,"皇家 hoàng gia
皇宮 hoàng cung
皇后 hoàng hậu
皇上 hoàng thượng
皇族 hoàng tộc"
凰,HOÀNG,鳳凰 phượng hoàng
隍,HOÀNG,城隍 thành hoàng
黃,HOÀNG,"黃昏 hoàng hôn
黃連 hoàng liên
𣱆黃 họ Hoàng
硫黃 lưu hoàng"
黃,HUỲNH,"硫黃 lưu huỳnh
格讀𧵑「黃hoàng」爲𠼤諱時𠸗。Cáchđọccủa""黃hoàng""vìkiênghuýthờixưa."
徨,HOÀNG,彷徨 bàng hoàng
煌,HOÀNG,輝煌 huy hoàng
潢,HOÀNG,裝潢 trang hoàng
宏,HOÀNH,宏壯 hoành tráng
橫,HOÀNH,"橫行 hoành hành
橫批 hoành phi
橫度 hoành độ
軸橫 trục hoành"
橫,hoạnh,橫𠽡 hoạnh hoẹ
活,HOẠT,"生活 sinh hoạt
復活 phục hoạt
活潑 hoạt bát"
滑,HOẠT,"滑稽 hoạt kê
滑頭 hoạt đầu"
學,HỌC,"場學 trường học
學習 học tập
[翻]()"
𠺌,hoè,花𠺌 hoa hoè
𠺌,khỏi,"𠬉𠺌 tránh khỏi
𠺌病 khỏi bệnh
𨖨𠺌 rời khỏi
[異]塊"
𠳨,hỏi,"句𠳨 câu hỏi
𡠣𠳨 cưới hỏi
學𠳨 học hỏi
𠳨𪡗 hỏi han
餅𠳨 bánh hỏi"
𤞑,hòi,狹𤞑 hẹp hòi
洃,hôi,"苿洃 mùi hôi
蒲洃 mồ hôi
打洃 đánh hôi"
𤍃,hổi,𤎏𤍃 nóng hổi
𤍃,hôi,"𤍃𤍃 hôi hổi
⇔𤍃hổi"
悔,HỐI,"悔恨 hối hận
懺悔 sám hối
悔纇 hối lỗi
悔改 hối cải"
匯,HỐI,匯兌 hối đoái
誨,HỐI,"誨促 hối thúc
誨嘑 hối hả"
回,HỒI,"回答 hồi đáp
回憶 hồi ức
回𠓀 hồi trước
回醒 hồi tỉnh
回教 Hồi giáo
大回 Đại Hồi
[翻]"
茴,HỒI,"茴香 hồi hương
大茴 đại hồi
油茴 dầu hồi"
迴,HỒI,輪迴 luân hồi
徊,HỒI,"徘徊 bồi hồi
徊𪡄 hồi hộp
徊𤿰 hồi trống"
會,HỘI,"禮會 lễ hội
機會 cơ hội
()"
會,hụi,會伴佊 hụi bạn bè
薈,HỘI,"蘆薈 lô hội
()"
繪,HỘI,"繪畫 hội hoạ
()"
唏,hơi,"呵唏 hà hơi
打唏 đánh hơi
歇唏 hết hơi"
憘,hởi,"胡憘 hồ hởi
[翻]"
𢝷,hời,𢝷愒 hời hợt
憾,hóm,"憾擤 hóm hỉnh
舅𡮣憾𡗋 cậu bé hóm lắm"
𣋚,hôm,"𣋚𫢩 hôm nay
𣊿𣋚 chiều hôm
𣋚過 hôm qua
[翻]"
唅,hợm,唅𠲮 hợm hĩnh
唅,ngậm,"唅𠿯 ngậm ngùi
唅秱 ngậm đòng"
𠉣,hon,子𠉣 tí hon
焝,hon,"𤉗焝 héo hon
[翻]"
𡉕,hòn,"𡉕𡐙 hòn đất
𡉕島 hòn đảo"
昏,HÔN,"昏君 hôn quân
昏迷 hôn mê
黃昏 hoàng hôn"
㖧,hôn,㖧𭊪 hôn hít
婚,HÔN,"結婚 kết hôn
婚事 hôn sự
婚夫 hôn phu
婚姻 hôn nhân"
渾,HỒN,"渾厚 hồn hậu
渾然 hồn nhiên"
混,HỖN,"混亂 hỗn loạn
混沌 hỗn độn
混合 hỗn hợp
混血 hỗn huyết
混雜 hỗn tạp
混戰 hỗn chiến"
混,hổn,混顯 hổn hển
溷,HỖN,"溷咾 hỗn láo
溷啅 hỗn xược"
𢠦,hớn,𢠦𢠇 hớn hở
𢠦,hơn,"𢠦𢠦 hơn hớn
⇔𢠦hớn"
㘋,hờn,"㤌㘋 căm hờn
𢚷㘋 giận hờn"
閧,hỏng,"墟閧 hư hỏng
閧𫘲 hỏng hóc"
𦙥,họng,炎𦙥 viêm họng
𠸣,hổng,𡓇𠸣 lỗ hổng
紅,HỒNG,"𦭷紅 màu hồng
帖紅 thiếp hồng
紅葉 hồng diệp
瀧紅 sông Hồng
花紅 hoa hồng
紅塵 hồng trần"
紅,hường,⇔紅hồng
鴻,HỒNG,"𪀄鴻 chim hồng
鴻毛 hồng mao
鴻福 hồng phúc
鴻鵠 hồng hộc
鴻龐 Hồng Bàng
[翻]"
𧩓,hót,"𪀄𧩓 chim hót
佞𧩓 nịnh hót"
忽,HỐT,"忽然 hốt nhiên
[翻]"
惚,HỐT,"恍惚 hoảng hốt
惚恍 hốt hoảng"
㓭,hớt,㓭𣱾 hớt lẻo
愒,hợt,"𢝷愒 hời hợt
[翻]"
愒,hờn,"愒愒 hờn hợt
⇔愒hợt"
冔,hu,哭冔冔 khóc hu hu
朽,HỦ,不朽 bất hủ
旴,hù,"旴唑 hù doạ
𣋁旴 tối hù"
虛,HƯ,"虛無 hư vô
虛榮 hư vinh
虛構 hư cấu"
墟,hư,"墟閧 hư hỏng
𫜵墟 làm hư"
許,HỨA,"許婚 hứa hôn
𠳒許 lời hứa
許𭉑 hứa hẹn
許𠲡 hứa hão"
勳,HUÂN,"勳章 huân chương
勳爵 huân tước"
訓,HUẤN,"整訓 chỉnh huấn
家訓 gia huấn
訓練 huấn luyện
教訓 giáo huấn
特訓 đặc huấn"
洫,hức,"好洫 háo hức
[翻]"
𤍋,hực,"爁𤍋 hậm hực
𬋙𤍋 hừng hực"
惠,HUỆ,恩惠 ân huệ
揮,HUY,"揮動 huy động
指揮 chỉ huy"
輝,HUY,輝煌 huy hoàng
徽,HUY,"國徽 quốc huy
徽章 huy chương"
毀,HUỶ,"毀𠬃 huỷ bỏ
毀滅 huỷ diệt
燒毀 thiêu huỷ
毀謗 huỷ báng"
玄,HUYỀN,"玄機 huyền cơ
玄秘 huyền bí
玄妙 huyền diệu
黰玄 đen huyền
𩯀玄 tóc huyền
𨁪玄 dấu huyền"
縣,HUYỆN,"縣蒞 huyện lị
郡縣 quận huyện"
血,HUYẾT,"血壓 huyết áp
出血 xuất huyết
熱血 nhiệt huyết
心血 tâm huyết"
血,tiết,"血羹 tiết canh
割血 cắt tiết"
兄,HUYNH,"兄弟 huynh đệ
師兄 sư huynh
父兄 phụ huynh"
螢,HUỲNH,"螢光 huỳnh quang
螢鬩 huỳnh huỵch
()"
熏,hun,"熏𤒘 hun đúc
熏𤌋 hun khói
[翻]"
滾,hủn,澊滾 tun hủn
滾,ngổn,滾卬 ngổn ngang
滾,ngôn,"滾滾 ngôn ngổn
⇔滾ngổn"
凶,HUNG,"吉凶 cát hung
凶兆 hung triệu"
兇,HUNG,"兇殘 hung tàn
兇徒 hung đồ
兇手 hung thủ
行兇 hành hung"
雄,HÙNG,"英雄 anh hùng
稱雄 xưng hùng
雄辯 hùng biện
雄偉 hùng vĩ
[翻]"
熊,HÙNG,"熊虎 hùng hổ
熊𡄆 hùng hục"
興,HƯNG,"中興 trung hưng
復興 phục hưng
興奮 hưng phấn
興亡 hưng vong
[翻]"
興,HỨNG,"高興 cao hứng
興趣 hứng thú
雅興 nhã hứng
[翻]"
𬋙,hửng,烝𬋙 chưng hửng
𬋙,hừng,"𬋙東 hừng đông
𬋙𤍋 hừng hực"
𬋙,hưng,"𬋙𬋙 hưng hửng
⇔𬋙hửng"
𢤽,hứng,縱𢤽 tung hứng
𠾿,hững,噓𠾿 hờ hững
況,HUỐNG,"況乎 huống hồ
情況 tình huống"
香,HƯƠNG,"菍香 nấm hương
香案 hương án
藿香 hoắc hương
香𦹳 hương thơm
丁香 đinh hương"
香,húng,香料 húng-lìu
鄉,HƯƠNG,"圭鄉 quê hương
同鄉 đồng hương
故鄉 cố hương"
享,HƯỞNG,"享受 hưởng thụ
享樂 hưởng lạc
享福 hưởng phúc
承享 thừa hưởng
共享 cộng hưởng
享旬𦝄蜜 hưởng tuần trăng mật"
響,HƯỞNG,"影響 ảnh hưởng
音響 âm hưởng
交響 giao hưởng
響應 hưởng ứng"
向,HƯỚNG,"向引 hướng dẫn
方向 phương hướng
志向 chí hướng
偏向 thiên hướng
向上 hướng thượng"
唿,hút,"囂唿 heo hút
唿𫇿 hút thuốc"
紇,hụt,"耗紇 hao hụt
少紇 thiếu hụt
紇唏 hụt hơi
[翻]"
休,HƯU,"𧗱休 về hưu
休致 hưu trí"
友,HỮU,"交友 giao hữu
友誼 hữu nghị
親友 thân hữu"
右,HỮU,"左右 tả hữu
𦑃右 cánh hữu"
有,HỮU,"有用 hữu dụng
所有 sở hữu
有限 hữu hạn"
益,ÍCH,"益利 ích lợi
益己 ích kỉ
公益 công ích
固益 có ích
[翻]"
益,ích,"餅益 bánh ích (ít)
[翻]"
益,ịch,"𪝼益 ình ịch
[翻]"
唵,im,"唵𠹃 im ắng
唵𣼽 im lặng
[翻]"
唵,ỉm,"唵唵 im ỉm
⇔唵im[翻]"
𠃣,ít,"𠃝𠃣 út ít
𠬠𠃣 một ít
𠃣𱔎 ít ỏi
餅𠃣 bánh ít
[翻]"
伊,Y,"𠸜𧵑伊 tên của y
[翻]"
衣,Y,"衣服 y phục
脫衣 thoát y
內衣 nội y"
依,Y,"依如 y như
依案 y án
准依 chuẩn y"
醫,Y,"醫佐 y tá
醫濟 y tế
醫案 y án
()"
意,Ý,"意㦖 ý muốn
意想 ý tưởng
㗂意 tiếng Ý"
掩,YỂM,"掩護 yểm hộ
掩助 yểm trợ"
掩,ém,掩𠇦 ém nhẹm
掩,yếm,"掩𣹘 yếm dãi
憂掩 âu yếm
[異]𧞣裺"
厭,YẾM,"厭世 yếm thế
厭氣 yếm khí"
鞍,YÊN,"鞍繮 yên cương
鞍車 yên xe
鞍馭 yên ngựa"
宴,YẾN,"宴席 yến tiệc
宴飲 yến ẩm"
燕,YẾN,"𪀄燕 chim yến
海燕 hải yến
燕巢 yến sào
燕鶯 yến anh
燕鶯 yến oanh
燕麥 yến mạch"
燕,én,"𪀄燕 chim én
[翻]"
咽,YẾT,咽喉 yết hầu
揭,YẾT,"揭示 yết thị
揭榜 yết bảng"
謁,YẾT,謁見 yết kiến
㤇,yêu,"情㤇 tình yêu
㤇適 yêu thích
㤇𨣥 yêu dấu
㤇貴 yêu quý
[異]腰夭𢞅𬁷"
妖,YÊU,"妖精 yêu tinh
妖術 yêu thuật"
要,YÊU,要求 yêu cầu
要,YẾU,"要點 yếu điểm
主要 chủ yếu
重要 trọng yếu"
𪽳,yếu,"𪽳𢤞 yếu hèn
點𪽳 điểm yếu
[異]要"
𠴜,kẽ,"𠴜汻 kẽ hở
𣷯𠴜 cặn kẽ"
計,KÊ,列計 liệt kê
計,KẾ,"計劃 kế hoạch
計算 kế toán
謀計 mưu kế"
計,kể,"計𡀯 kể chuyện
計功 kể công
計𣠲 kể lể
計開 kê khai"
𣖟,kê,"𣖟徠丐𣗿 kê lại cái tủ
𣖟蹎𬨠𧦕 kê chân lên ghế
𣖟丐盤高𬨠𠬠𡭧 kê cái bàn cao lên một chút
[翻]"
繼,KẾ,"繼續 kế tục
繼承 kế thừa
繼接 kế tiếp
媄繼 mẹ kế
()"
倛,kề,"倛近 kề cận
倛㧝 kề cà"
偈,kệ,嚜偈 mặc kệ
嗛,kem,"供嗛 cúng kem
嗛打𪘵 kem đánh răng
[翻]"
歉,kém,"歉𢜽 kém cỏi
𪽳歉 yếu kém
歉𨤔 kém vẻ
[異]劍"
涇,kênh,"涇掏 kênh đào
[翻]"
倞,kềnh,"𨫋倞 cồng kềnh
倞𪨈 kềnh càng
泠倞 lềnh kềnh
蹸倞 lăn kềnh
車載𢭰倞 xe tải đổ kềnh"
捁,kéo,"捁𨱽 kéo dài
捁僥 kéo nhau
𫼩捁 níu kéo
[異]𢹣"
𨦀,kéo,"丐𨦀 cái kéo
刀𨦀 dao kéo"
𥼱,kẹo,"餅𥼱 bánh kẹo
[翻]"
搩,kẹt,"縸搩 mắc kẹt
噘搩 cọt kẹt"
結,KẾT,"團結 đoàn kết
甘結 cam kết
結伴 kết bạn
結合 kết hợp
結果 kết quả
[翻]"
𭊫,ki,"𭊫逋 ki bo
𡥵𭊫 con ki"
几,KỈ,"丐几 cái kỉ
長几 trường kỉ"
己,KỈ,"益己 ích kỉ
自己 tự kỉ
知己 tri kỉ
克己 khắc kỉ"
紀,KỈ,"世紀 thế kỉ
紀念 kỉ niệm
紀律 kỉ luật
紀物 kỉ vật"
記,KÍ,"日記 nhật kí
記𠸜 kí tên
書記 thư kí
遊記 du kí"
寄,KÍ,"寄寄 kí gửi
寄生 kí sinh"
寄,gửi,"寄書 gửi thư
咹寄㑲𢘾 ăn gửi nằm nhờ
𣘃尋寄 cây tầm gửi
[異]𢭮"
寄,gởi,"寄書 gởi thơ
⇔寄gửi"
圻,KÌ,北圻 Bắc Kì
其,KÌ,"其寔 kì thực
極其 cực kì
[翻]"
其,kia,"𣈜其 ngày kia
𣋚其 hôm kia
[異]箕"
奇,KÌ,"奇跡 kì tích
奇才 kì tài"
奇,cơ,掌奇 chưởng cơ
歧,KÌ,歧視 kì thị
耆,KÌ,耆舊 kì cựu
耆,kị,俱耆 cụ kị
掎,kì,"掎𢮭 kì cọ
掎撟 kì kèo"
期,KÌ,"學期 học kì
期望 kì vọng"
期,cờ,情期 tình cờ
棋,KÌ,"棋手 kì thủ
棋逢敵手 kì phùng địch thủ"
棋,cờ,"棋圍 cờ vây
棋博 cờ bạc"
旗,KÌ,國旗 quốc kì
旗,cờ,"蘿旗 lá cờ
旗祖國 cờ tổ quốc"
畿,KÌ,京畿 kinh kì
麒,KÌ,麒麟 kì lân
技,KĨ,"技術 kĩ thuật
雜技 tạp kĩ
技能 kĩ năng
技倆 kĩ lưỡng
技𪨈 kĩ càng
𢖵技 nhớ kĩ"
技,ghẽ,袞技 gọn ghẽ
忌,KỊ,"忌諱 kị huý
禁忌 cấm kị
妒忌 đố kị
𥣒忌 giỗ kị"
騎,KỊ,"騎兵 kị binh
騎士 kị sĩ
騎馬 kị mã"
騎,cưỡi,"騎馭 cưỡi ngựa
騎𦙶 cưỡi cổ"
騎,cỡi,⇔騎cưỡi
激,KÍCH,"感激 cảm kích
激動 kích động
激活 kích hoạt
激刺 kích thích
[翻]"
激,KHÍCH,"奮激 phấn khích
激勵 khích lệ
挑激 khiêu khích
激駁 khích bác"
擊,KÍCH,"攻擊 công kích
目擊 mục kích
游擊 du kích"
兼,KIÊM,"兼全 kiêm toàn
兼愛 kiêm ái
兼任 kiêm nhiệm"
兼,kèm,"𠫾兼 đi kèm
兼笈 kèm cặp
兼蹺 kèm theo
兼𣲹 kèm nhèm"
檢,KIỂM,"檢查 kiểm tra
檢疫 kiểm dịch
檢驗 kiểm nghiệm"
檢,kiếm,"尋檢 tìm kiếm
檢㧻 kiếm chác
[異]劍"
劍,KIẾM,"錆劍 thanh kiếm
鬥劍 đấu kiếm
劍俠 kiếm hiệp"
鉗,KIỀM,"鉗制 kiềm chế
鉗束 kiềm thúc"
鉗,kìm,"鉗鋏 kìm kẹp
𩵜鉗 cá kìm
鉗共力 kìm cộng lực"
鉗,kềm,⇔鉗kìm
儉,KIỆM,"勤儉 cần kiệm
節儉 tiết kiệm"
堅,KIÊN,"堅固 kiên cố
中堅 trung kiên
堅定 kiên định
堅持 kiên trì
堅決 kiên quyết"
見,KIẾN,"意見 ý kiến
參見 tham kiến
見識 kiến thức"
建,KIẾN,"建議 kiến nghị
建造 kiến tạo
建設 kiến thiết
建立 kiến lập
建築 kiến trúc"
蜆,kiến,"𡥵蜆 con kiến
蜆𦑃 kiến cánh"
件,KIỆN,"條件 điều kiện
事件 sự kiện
疎件 thưa kiện
單件 đơn kiện
件行 kiện hàng
件訟 kiện tụng"
健,KIỆN,"健將 kiện tướng
健康 kiện khang
壯健 tráng kiện"
𠼤,kiêng,"𠼤𠽮 kiêng dè
𠼤𢘝 kiêng nể"
劫,KIẾP,"緣劫 duyên kiếp
數劫 số kiếp
末劫 mạt kiếp"
劫,cướp,"劫錢 cướp tiền
𭍵劫 toán cướp"
拮,KIẾT,"拮据 kiết cư
膠拮 keo kiết"
拮,cất,"拮𨀈 cất bước
拮𢩮 cất nhắc
拮𨢇 cất rượu
[翻]"
傑,KIỆT,"傑作 kiệt tác
俊傑 tuấn kiệt
傑出 kiệt xuất
豪傑 hào kiệt"
竭,KIỆT,"竭力 kiệt lực
衰竭 suy kiệt
枯竭 khô kiệt
磬竭 khánh kiệt
竭飭 kiệt sức"
驕,KIÊU,"驕矜 kiêu căng
驕倖 kiêu hãnh
驕傲 kiêu ngạo"
矯,KIỂU,"矯格 kiểu cách
矯𡨸 kiểu chữ
矯㑄 kiểu mẫu"
矯,KIỀU,"𣱆矯 họ Kiều
矯順 Kiều Thuận
矯公罕 Kiều Công Hãn"
僑,KIỀU,"越僑 Việt kiều
僑胞 kiều bào
外僑 ngoại kiều"
僑,quều,僑𫽿 quều quào
嬌,KIỀU,"妖嬌 yêu kiều
嬌艷 kiều diễm"
橋,KIỀU,"天橋 thiên kiều
橋門 kiều môn"
橋,cầu,"楪橋 nhịp cầu
橋鉄 cầu sắt
橋虹 cầu vồng
橋消 cầu tiêu
橋簜 cầu thang
[異]梂"
翹,KIỀU,"傳翹 Truyện Kiều
連翹 liên kiều"
今,KIM,"當今 đương kim
自古至今 tự cổ chí kim"
金,KIM,"金器 kim khí
金類 kim loại
亞金 á kim
白金 bạch kim
金魚 kim ngư
[翻]"
𠻨,kín,"𠻨到 kín đáo
忱𠻨 thầm kín
漊𠻨 sâu kín
[翻][異]謹"
京,KINH,"京城 kinh thành
京都 kinh đô"
荊,KINH,荊芥 kinh giới
痙,KINH,"動痙 động kinh
痙風 kinh phong"
經,KINH,"經營 kinh doanh
讀經 đọc kinh
經綸 kinh luân
經線 kinh tuyến
[翻]"
驚,KINH,"驚動 kinh động
驚駭 kinh hãi
驚愕 kinh ngạc"
徑,KÍNH,半徑 bán kính
敬,KÍNH,"敬𢘝 kính nể
尊敬 tôn kính
崇敬 sùng kính
恭敬 cung kính
敬重 kính trọng"
鏡,KÍNH,"鏡眜 kính mắt
鏡𧙀 kính lúp
㧅鏡 đeo kính
鏡𥗜𩙍 kính chắn gió"
鏡,KIẾNG,⇔鏡kính
可,KHẢ,"可能 khả năng
可觀 khả quan
可惡 khả ố
[翻]"
可,khá,"可者 khá giả
可𡗋 khá lắm
可𠸦 khá khen
[翻]"
可,kha,"可可 kha khá
⇔可khá[翻]"
恪,khác,"恪僥 khác nhau
恪常 khác thường"
恪,khang,"恪恪 khang khác
⇔恪khác"
克,KHẮC,"克服 khắc phục
[翻]"
刻,KHẮC,"刻印 khắc ấn
刻苦 khắc khổ
即刻 tức khắc
雕刻 điêu khắc
苛刻 hà khắc"
剋,KHẮC,"相剋 tương khắc
衝剋 xung khắc"
咯,khặc,㖆咯 khục khặc
咯,khách,"咯咯 khanh khách
𪀄咯 chim khách"
咯,khanh,"咯咯 khanh khách
⇔咯khách"
客,KHÁCH,"客棧 khách sạn
接客 tiếp khách
客觀 khách quan"
開,KHAI,"開心 khai tâm
開通 khai thông
展開 triển khai
離開 li khai
開花 khai hoa
開塘 khai đường
[翻]"
𫫭,khai,"𫫭㘛 khai khắm
𫫭侱 khai rình
[異]開"
凱,KHẢI,"凱歌 khải ca
凱還 khải hoàn"
坎,KHẢM,卦坎 quái Khảm
勘,KHÁM,"勘度 khám đạc
勘察 khám xét
勘病 khám bệnh
[翻]"
欽,KHÂM,"欽服 khâm phục
欽差 khâm sai
[翻]"
欽,khoăm,欽欽 khoăm khoăm
漧,khan,"漧險 khan hiếm
枯漧 khô khan"
看,KHÁN,看者 khán giả
𫩒,khăn,"𠸋𫩒 khó khăn
[翻]"
墾,KHẨN,"開墾 khai khẩn
墾荒 khẩn hoang"
懇,KHẨN,"求懇 cầu khẩn
誠懇 thành khẩn
[翻]"
懇,khấn,"懇佉 khấn khứa
懇拜 khấn vái
[翻]"
康,KHANG,"康強 khang cường
康健 khang kiện
[翻]"
肮,khảng,肮肮 khang khảng
肮,kháng,"荼肮 dưa kháng
肮肮 khang kháng"
肮,khang,"肮肮 khang kháng
⇔肮kháng"
抗,KHÁNG,"對抗 đối kháng
抗拒 kháng cự
抗菌 kháng khuẩn
抗體 kháng thể
𠊛抗 người Kháng"
抗,gàng,袞抗 gọn gàng
𠻞,khăng,𠻞𠻞 khăng khăng
肯,KHẲNG,"肯定 khẳng định
肯𠰋 khẳng khiu"
肯,ngẳng,肯𠰋 ngẳng nghiu
慶,KHÁNH,"慶祝 khánh chúc
國慶 quốc khánh"
磬,KHÁNH,"鐘磬 chuông khánh
磬竭 khánh kiệt"
考,KHẢO,"參考 tham khảo
考察 khảo sát
考古 khảo cổ
[翻]"
𬨢,khắp,"𬨢坭 khắp nơi
𬨢𡶀𬨢瀧 khắp núi khắp sông
[翻][異]泣"
𨂖,khập,𨂖𨁍 khập khiễng
渴,KHÁT,"解渴 giải khát
渴望 khát vọng
犒渴 khao khát"
𰸑,khắt,"𰸑蹊 khắt khe
[翻]"
乞,KHẤT,"乞食 khất thực
[翻]"
丘,KHÂU,比丘尼 tì khâu ni
丘,KHƯU,比丘 tỉ khưu
丘,kheo,"比丘 tì kheo
[翻]"
𥿤,khâu,"𥿤𦀪 khâu vá
𣛠𥿤 máy khâu"
口,KHẨU,"出口 xuất khẩu
口味 khẩu vị
入口 nhập khẩu
動口động khẩu
人口 nhân khẩu
𨷯口 cửa khẩu"
叩,KHẤU,叩頭 khấu đầu
叩,khạo,𤵕叩 khờ khạo
扣,KHẤU,"折扣 chiết khấu
扣除 khấu trừ
扣留 khấu lưu"
寇,KHẤU,草寇 thảo khấu
蹊,khe,𰸑蹊 khắt khe
溪,KHÊ,"山溪 sơn khê
[翻]"
溪,khe,"溪𤂬 khe suối
溪𡶀 khe núi
[翻]"
契,KHẾ,"契約 khế ước
𫜵詞契𬥓𡐙 Làm tờ khế bán đất"
契,khè,契契 khè khè
𠸦,khen,"𠸦賞 khen thưởng
當𠸦 đáng khen
可𠸦 khá khen
[翻]"
𫩟,khéo,"𫩟嘹 khéo léo
𫩟咹𫩟吶 khéo ăn khéo nói
[異]窖"
𫩟,kheo,"𫩟𫩟 kheo khéo
⇔𫩟khéo"
𢬱,khép,"𢬱𨷯 khép cửa
𢬱罪 khép tội
𢬱𠻨 khép kín
[翻]"
𤋸,khét,"𤋸哷 khét lẹt
𤋸㗂 khét tiếng
[翻]"
欺,KHI,"輕欺 khinh khi
欺君 khi quân"
欺,khi,"欺𱜢 khi nào
每欺 mỗi khi
欺𤍊欺𥊚 khi tỏ khi mờ"
𤠲,khỉ,"𡥵𤠲 con khỉ
𤠲腯 khỉ đột
橋𤠲 cầu khỉ"
氣,KHÍ,"空氣 không khí
氣圈 khí quyển
氣炭 khí than
氣血 khí huyết
氣勢 khí thế
氣概 khí khái
[翻]"
器,KHÍ,"器具 khí cụ
器械 khí giới
樂器 nhạc khí
兵器 binh khí"
隙,KHÍCH,"嫌隙 hiềm khích
隙隙 khinh khích
[翻]"
隙,khinh,"隙隙 khinh khích
⇔隙khích"
謙,KHIÊM,"謙讓 khiêm nhường
謙遜 khiêm tốn"
謙,khòm,謙謙 khòm khòm
譴,KHIỂN,譴責 khiển trách
𨁍,khiễng,𨂖𨁍 khập khiễng
怯,KHIẾP,"恐怯 khủng khiếp
怯𢜝 khiếp sợ"
潔,KHIẾT,精潔 tinh khiết
挑,KHIÊU,"挑戰 khiêu chiến
挑激 khiêu khích"
挑,khêu,"挑畑 khêu đèn
挑㨳 khêu gợi"
跳,KHIÊU,跳舞 khiêu vũ
叫,KHIẾU,"叫訴 khiếu tố
叫奈 khiếu nại"
叫,kêu,"叫噲 kêu gọi
叫喀 kêu ca
叫囉 kêu la
叫救 kêu cứu
叫奈 kêu nài"
輕,KHINH,"輕蔑 khinh miệt
輕重 khinh trọng
輕功 khinh công
輕欺 khinh khi
輕𱞁 khinh rẻ
輕率 khinh suất
[翻]"
𠸋,khó,"𠸋𫩒 khó khăn
𠸋𠹾 khó chịu
𠸋𤹘 khó nhọc
𠸋信 khó tin
[異]苦庫"
𠸋,kho,"𠸋𠸋 kho khó
⇔𠸋khó"
枯,khô,"𤇨枯 phơi khô
枯竭 khô kiệt
枯木 khô mộc"
苦,KHỔ,"刻苦 khắc khổ
困苦 khốn khổ
苦瓜 khổ qua
苦楚 khổ sở
堪苦 kham khổ"
苦,khủ,婁苦瀘傴 lủ khủ lù khù
𥿍,khổ,𥿍𡲫 khổ vải
庫,KHỐ,"國庫 quốc khố
[翻]"
庫,kho,"庫糧食 kho lương thực
入庫 nhập kho
[翻]"
科,KHOA,"科學 khoa học
醫科 y khoa
科試 khoa thi"
誇,KHOA,誇張 khoa trương
誇,khoe,"誇瑪 khoe mẽ
誇色 khoe sắc"
裸,KHOẢ,裸身 khoả thân
裸,loã,裸露 loã lồ
銙,khoá,"匙銙 chìa khoá
銙籔 khoá sổ"
課,KHOÁ,"課生 khoá sinh
稅課 thuế khoá"
𢸠,khoác,"𢸠𢬣僥 khoác tay nhau
𢸠洛 khoác lác"
𧃷,khoai,"榘𧃷 củ khoai
()"
快,KHOÁI,"快樂 khoái lạc
快感 khoái cảm
爽快 sảng khoái
快志 khoái chí"
膾,KHOÁI,"膾炙 khoái chá
()"
膾,gỏi,膾捲 gỏi cuốn
寬,KHOAN,"寬快 khoan khoái
寬台 khoan thai
寬讓 khoan nhượng
寬㐌 khoan đã
寬容 khoan dung"
寬,khoắn,劸寬 khỏe khoắn
款,KHOẢN,"條款 điều khoản
款待 khoản đãi
懇款 khẩn khoản
財款 tài khoản"
券,KHOÁN,"證券 chứng khoán
債券 trái khoán
交券 giao khoán
𫜵券 làm khoán
券𤽸 khoán trắng"
𡂷,khoăn,𠺚𡂷 băn khoăn
𧧯,khoang,誇𧧯 khoe khoang
曠,KHOÁNG,"曠蕩 khoáng đãng
曠達 khoáng đạt
放曠 phóng khoáng"
曠,khoảng,"曠隔 khoảng cách
𠓨曠 vào khoảng
𠬠曠時間 một khoảng thời gian
[異]壙"
鑛,KHOÁNG,"鑛質 khoáng chất
鑛產 khoáng sản
開鑛 khai khoáng"
拀,khoanh,"拀𢬣 khoanh tay
拀餅麪 khoanh bánh mì
拀答案倲 khoanh đáp án đúng"
頃,KHOẢNH,"頃刻 khoảnh khắc
頃園 khoảnh vườn"
頃,khĩnh,𤵕頃 khờ khĩnh
頃,khoảnh,婆些頃𡗋固𢴇扡埃兜 bà ta khoảnh lắm có giúp đỡ ai đâu
闊,KHOÁT,"𠞹闊 dứt khoát
闊達 khoát đạt"
哭,KHỐC,"痛哭 thống khốc
鬼哭神愁 quỷ khốc thần sầu
哭鬼驚神 khốc quỷ kinh thần"
哭,khóc,"哭嘆 khóc than
哭𠯿 khóc lóc"
酷,KHỐC,"酷烈 khốc liệt
殘酷 tàn khốc
枯酷 khô khốc
酷害 khốc hại
慘酷 thảm khốc
[翻]"
劸,khỏe,劸寬 khỏe khoắn
劸,khoẻ,"劸猛 khoẻ mạnh
飭劸 sức khoẻ
[異]跬"
𤌋,khói,"香𤌋 hương khói
霜𤌋 sương khói
𤌋焒 khói lửa"
魁,KHÔI,"渠魁 cừ khôi
亞魁 á khôi
[翻]"
詼,KHÔI,詼諧 khôi hài
塊,khối,"塊𥒥 khối đá
塊立方 khối lập phương"
𢵱,khơi,"𢵱𧻭 khơi dậy
𢵱𦙤 khơi mào
𢭬濁𢵱沖 gạn đục khơi trong"
𣾺,khơi,㴜𣾺 biển khơi
起,KHỞI,"起動 khởi động
起事 khởi sự
起行 khởi hành
奮起 phấn khởi
起始 khởi thuỷ
起點 khởi điểm
[翻]"
坤,KHÔN,"乾坤 càn khôn
[翻]"
坤,khôn,"智坤 trí khôn
坤𠺿 khôn ngoan
坤量 khôn lường
[翻]"
坤,khun,⇔坤khôn
困,KHỐN,"困難 khốn nạn
困窮 khốn cùng
困苦 khốn khổ
困頓 khốn đốn
艱困 gian khốn"
空,KHÔNG,"空固 không có
空得 không được
空氣 không khí"
空,cung,㘉空湯 tít cung thang
孔,KHỔNG,"孔子 Khổng Tử
孔雀 khổng tước
孔路 khổng lồ
[翻]"
控,KHỐNG,"控制 khống chế
誣控 vu khống"
𨨤,khớp,𨨤𩩫 khớp xương
區,KHU,"分區 phân khu
區域 khu vực
[翻]"
驅,KHU,驅逐 khu trục
呿,khư,呿呿 khư khư
去,KHỬ,"除去 trừ khử
去蟲 khử trùng
去菌 khử khuẩn"
去,KHỨ,"過去 quá khứ
𥿯去回 vé khứ hồi"
𢭴,khuấy,𢭴動 khuấy động
菌,KHUẨN,微菌 vi khuẩn
屈,KHUẤT,"冤屈 oan khuất
屈服 khuất phục
不屈 bất khuất"
屈,khoắt,𣌉屈 khuya khoắt
闃,khuất,"闃𣈖 khuất bóng
闃𩙍 khuất gió
闃眜 khuất mắt"
曲,KHÚC,"夜曲 dạ khúc
歌曲 ca khúc
曲折 khúc chiết
樂曲 nhạc khúc
扱曲 gấp khúc
[翻]"
𣌉,khuya,"更𣌉 canh khuya
()"
勸,KHUYẾN,"勸告 khuyến cáo
勸賣 khuyến mại"
勸,khuyên,"勸𠸒 khuyên bảo
勸啂 khuyên nhủ
[異]𡅳"
缺,KHUYẾT,"𦝄缺 trăng khuyết
欠缺 khiếm khuyết
缺少 khuyết thiếu
補缺 bổ khuyết
缺點 khuyết điểm"
傾,KHUYNH,"傾倒 khuynh đảo
傾向 khuynh hướng
左傾 tả khuynh"
傾,khuâng,氷傾 bâng khuâng
椌,khung,"椌景 khung cảnh
椌城 khung thành
[翻]"
恐,KHỦNG,"恐怖 khủng bố
驚恐 kinh khủng
恐怯 khủng khiếp
恐龍 khủng long"
俇,khùng,"癲俇 điên khùng
浽俇 nổi khùng
俇俇 khùng khùng"
卻,KHƯỚC,卻辭 khước từ
𣟂,khuôn,"摺𣟂 rập khuôn
𣟂㑄 khuôn mẫu"
羅,LA,"包羅 bao la
羅盤 la bàn
羅列 la liệt
𣘃沙羅 cây sa la
天羅地網 thiên la địa võng
[翻]"
羅,là,"羅裙襖 là quần áo
𫄎羅 lụa là
𪅴羅 ác là
𣾹羅 giặt là
「𱺵là」𱺵繫詞；「羅là」空沛𱺵繫詞、常𱺵𠬠份𧵑名詞或動詞。""𱺵là""làhệtừ;""羅là""khôngphảilàhệtừ,thườnglàmộtphầncủadanhtừhoặcđộngtừ.[翻]"
邏,LA,"𪭴邏 dò la
巡邏 tuần la
邏咖 la cà
𠠍邏 lê la"
𱺵,là,"即𱺵 tức là
妬𱺵 đó là
「𱺵là」𱺵繫詞；「羅là」空沛𱺵繫詞、常𱺵𠬠份𧵑名詞或動詞。""𱺵là""làhệtừ;""羅là""khôngphảilàhệtừ,thườnglàmộtphầncủadanhtừhoặcđộngtừ.[異]𪜀"
蘿,LÀ,"蒔蘿 thì là
𣗪蘿 chà là"
蘿,lá,"𫇿蘿 thuốc lá
青蘿𣘃 xanh lá cây
鐄蘿 vàng lá
蘿書 lá thư
𣯡蘿 lông lá"
洛,lạ,"奇𨓐 kì lạ
𨓐𨓡 lạ lùng
𨓐常 lạ thường
[異]邏𤴏"
洛,là,"𨓐𨓐 là lạ
⇔𨓐lạ"
落,LẠC,洛陽 Lạc Dương
落,lác,"𢸠洛 khoác lác
𦠱洛 phét lác
洛鐸 lác đác"
落,LẠC,"豆落 đậu lạc
油落 dầu lạc
落類 lạc loài
落塘 lạc đường
落僤 lạc đàn
花落 hoa lạc"
絡,LẠC,"聯絡 liên lạc
籠絡 lung lạc
脈絡 mạch lạc"
鉻,lạc,磟鉻 lục lạc
雒,LẠC,"鴻雒 Hồng Lạc
雒越 Lạc Việt"
樂,LẠC,"樂觀 lạc quan
極樂 cực lạc
快樂 khoái lạc
[翻]"
樂,NHẠC,"音樂 âm nhạc
奏樂 tấu nhạc
樂士 nhạc sĩ"
樂,lạt,"多樂 Đà Lạt
𡨸尼得讀如格發音尼只𥪝名詞𥢆尼。Chữnàyđượcđọcnhưcáchphátâmnàychỉtrongdanhtừriêngnày."
駱,LẠC,駱駝 lạc đà
扐,lắc,"扐頭 lắc đầu
𢫝扐 rung lắc
扐攎 lắc lư"
攊,lách,"掄攊 luồn lách
𢪏攊 viết lách"
來,LAI,"來歷 lai lịch
外來 ngoại lai
將來 tương lai
往來 vãng lai
()"
來,rài,𫄈來 rạc rài
𢯦,lai,"𢯦㫰 lai láng
𢯦褠裙𬺗𠬠𥯝 lai gấu quần xuống một đốt
()"
𢯦,lài,"𢯦啀 lài nhài
⇔𢯦lai"
萊,LAI,"嘉萊 Gia Lai
萊州 Lai Châu
蓬萊 bồng lai
[翻]()"
䅘,lai,"䅘𥞖 lai giống
䅘𧖱 lai máu
()"
俚,lái,俚販 lái buôn
梩,lái,"梩車 lái xe
餅梩 bánh lái"
吏,LẠI,官吏 quan lại
徠,lại,"𠭤徠 trở lại
𠫾徠 đi lại
[異]吏()"
賴,LẠI,"倚賴 ỷ lại
無賴 vô lại"
摛,lay,𭟬摛 lung lay
𥚄,lạy,"𥚄主 lạy chúa
[異]𥛉"
唻,lây,"唻傳 lây truyền
[翻]()"
𥙩,lấy,"𥙩𫯳 lấy chồng
𡨺𥙩 giữ lấy
𥙩錢 lấy tiền
𥙩毒治毒 lấy độc trị độc"
𡅏,lẫy,"𡅏淩 lẫy lừng
𣼰𡅏 lộng lẫy
()"
藍,LAM,"青藍 xanh lam
名藍勝景 danh lam thắng cảnh
伽藍 già lam
[翻]"
藍,lồm,偡藍 thồm lồm
襤,LAM,襤褸 lam lũ
襤,lươm,襤𬗄 lươm bươm
𫜵,làm,"𫜵役 làm việc
𫜵弄 làm lụng"
覽,LÃM,"展覽 triển lãm
遊覽 du lãm"
覽,lổm,覽嚴 lổm ngổm
濫,LẠM,"濫發 lạm phát
濫用 lạm dụng
濫殺 lạm sát"
濫,luôm,濫𠰃 luôm nhuôm
惏,lăm,"惏惏 lăm lăm
惏𠻗 lăm le
咖惏 cà lăm"
惏,nhăm,⇔惏lăm
𡗋,lắm,"𱍿𡗋 lâu lắm
𡗋𠳒 lắm lời"
林,LÂM,"林山 lâm sơn
林業 lâm nghiệp
松林 tùng lâm
武林 võ lâm
院翰林 viện hàn lâm"
臨,LÂM,"臨𠓨 lâm vào
臨危 lâm nguy
臨時 lâm thời
臨陣 lâm trận
臨牀 lâm sàng
[翻]"
𡍚,lầm,"𡍚洡 lầm lội
𡍚炭 lầm than
𡍚湓 lầm bùn
差𡍚 sai lầm
𡍚𢙲 lầm lỡ
𡍚悋 lầm lẫn"
𡍚,nhầm,⇔𡍚lầm
啉,lầm,"啉𠽍 lầm rầm
啉磊 lầm lũi"
攔,lan,"攔傳 lan truyền
𣼼攔 tràn lan
攔𪹟 lan toả
[異]瀾"
蘭,LAN,"花蘭 hoa lan
玉蘭 ngọc lan
木蘭 mộc lan
荷蘭 Hà Lan
[翻]"
欄,LAN,欄杆 lan can
籃,làn,"籃䋥 làn lưới
籃捇 làn xách"
瀾,làn,"瀾㳥 làn sóng
瀾調 làn điệu
瀾塘 làn đường"
蹸,lăn,"車蹸 xe lăn
蹸𫼚 lăn lóc
蹸㳯 lăn tăn"
𣵰,lặn,"𣵰洡 lặn lội
[異]𣵰"
鄰,LÂN,"相鄰 tương lân
鄰近 lân cận
鄰囉 lân la"
燐,LÂN,"燐晶 lân tinh
燐光 lânquang
糞燐 phân lân
氮燐喀璃 đạm lân ca-li"
𧼁,lẩn,"𧼁𠬉 lẩn tránh
𧼁遁 lẩn trốn"
𢭹,lấn,"𢭹遏 lấn át
𢭹𡓃 lấn lối
𢭹迾 lấn lướt"
𨁮,lần,"𨁮摸 lần mò
𨁮𨀈 lần bước
𨁮蹺 lần theo
[異]吝"
悋,lẫn,"悋𪵅 lẫn lộn
𡍚悋 lầm lẫn
悋𠓨𡧲𡌽佟 lẫn vào giữa đám đông
[異]吝"
吝,LẬN,奸吝 gian lận
吝,lần,"吝𦀎 lần lượt
吝尼 lần này
吝嘽 lận đận
𠀧吝𠀧𱺵𠃩 ba lần ba là chín"
郎,LANG,"偨郎 thầy lang
牛郎 ngưu lang
令郎 lệnh lang
郎君 lang quân
新郎 tân lang
官郎 quan lang"
郎,rang,"潘郎 Phan Rang
𡨸尼得讀如格發音尼只𥪝名詞𥢆尼。Chữnàyđượcđọcnhưcáchphátâmnàychỉtrongdanhtừriêngnày."
狼,LANG,"狼藉 lang tạ
類狼𤢿 loài lang sói
𢚸狼胣獸 lòng lang dạ thú"
廊,LANG,行廊 hành lang
廊,làng,"坂廊 bản làng
廊𥯎 làng xóm
廊解智 làng giải trí
廊瓖 làng nhàng"
榔,LANG,"𧃷榔 khoai lang
檳榔 tân lang"
榔,nang,𣘃榔 cây nang
𨄂,LANG,"𨄂拔 lang bạt
𨄂乍 lang chạ
𨄂湯 lang thang"
𨅉,lảng,"𨅉𠬉 lảng tránh
𨅉往 lảng vảng
打𤿰𨅉 đánh trống lảng"
㫰,láng,"㫰𣈖 láng bóng
𢯦㫰 lai láng
㫰𫣂 láng giềng"
浪,LÃNG,"浪費 lãng phí
浪漫 lãngmạn
浪遊 lãng du
浪蕩 lãng đãng
浪人 lãng nhân
浪子 lãng tử
[翻]"
浪,lãng,"浪呃 lãng nhách
浪𨆾 lãng xẹt
[翻]"
浪,loăng,浪挄 loăng quăng
𢥉,lãng,"𢥉悁 lãng quên
嗃𢥉 xao lãng
⇔𢥉nhãng"
𢥉,nhãng,"𢥉悁 nhãng quên
⇔𢥉lãng"
凌,LĂNG,"凌遲 lăng trì
凌亂 lăng loàn
凌辱 lăng nhục"
凌,lâng,凌凌 lâng lâng
陵,LĂNG,"陵墓 lăng mộ
陵寢 lăng tẩm"
掕,lăng,"掕涳 lăng xăng
掕𠲕 lăng nhăng"
棱,LĂNG,"棱鏡 lăng kính
六棱 lục lăng"
稜,lăng,"丁稜 đinh lăng
苓稜 linh lăng"
㥄,lẳng,"㥄𢣻 lẳng lơ
竉㥄 lủng lẳng
㥄𠫾 lẳng đi
㥄𣼽 lẳng lặng
[異]𠳺"
𢠯,lắng,"𢠯𦖑 lắng nghe
𢠯𠘃 lắng đọng
𢥈𢠯 lo lắng
[異]𦗏"
𣼽,lặng,"安𣼽 yên lặng
唵𣼽 im lặng
𣼽𨤰 lặng lẽ
𣼽𠖯 lặng ngắt"
𣼽,lửng,𣼽𢣻 lửng lơ
𨀌,lánh,"𨀌難 lánh nạn
賒𨀌 xa lánh
垃𨀌 lấp lánh"
冷,LÃNH,"冷淡 lãnh đạm
冷宮 lãnh cung"
冷,lạnh,"凍冷 đông lạnh
冷𬰊 lạnh giá
冷𠖭 lạnh lẽo"
冷,liểng,䇸冷 xiểng liểng
冷,lành,"冷冷 lành lạnh
⇔冷lạnh"
領,LÃNH,"領導 lãnh đạo
領事 lãnh sự
領土 lãnh thổ
領糧 lãnh lương
格讀𧵑「領lĩnh」爲𠼤諱時𠸗。Cáchđọccủa""領lĩnh""vìkiênghuýthờixưa."
領,LĨNH,"認領 nhận lĩnh
領糧 lĩnh lương
占領 chiếm lĩnh
將領 tướng lĩnh
領域 lĩnh vực
憭領 liều lĩnh"
嶺,LÃNH,高嶺 Cao Lãnh
嶺,LĨNH,"鴻嶺 Hồng Lĩnh
嶺南 Lĩnh Nam"
牢,LAO,"牢獄 lao ngục
哀牢 Ai Lao"
勞,LAO,"功勞 công lao
勞動 lao động
劬勞 cù lao
[翻]()"
勞,LẠO,"慰勞 uý lạo
[翻]"
嘮,lao,"嘮嗃 lao xao
()"
嘮,lào,嘮樔 lào rào
𨦭,lao,"𠛌𨦭 đâm lao
放𨦭 phóng lao
𧼋𨦭蹺 chạy lao theo
𣘃𨦭 cây lao"
咾,láo,溷咾 hỗn láo
𠈭,lào,"𠊛𠈭 người Lào
𫇿𠈭 thuốc lào"
老,LÃO,"婆老 bà lão
月老 nguyệt lão
長老 trưởng lão
養老 dưỡng lão
敬老 kính lão"
老,lào,"老街 Lào Cai
𡨸尼得讀如格發音尼只𥪝名詞𥢆尼。Chữnàyđượcđọcnhưcáchphátâmnàychỉtrongdanhtừriêngnày."
臘,LẠP,"希臘 Hi Lạp
臘腸 lạp xường
[翻]"
臘,chạp,"𣎃臘 tháng chạp
𥣒臘 giỗ chạp
踸臘 chậm chạp"
擸,lắp,"擸撻 lắp đặt
擸撘 lắp ráp
吶擸 nói lắp"
㕸,lặp,㕸𠫾㕸徠 lặp đi lặp lại
㕸,líp,"菲㕸𠯴 Phi-líp-pin(bin)
[翻]"
垃,lấp,"垃𣹓 lấp đầy
垃𨀌 lấp lánh"
立,LẬP,"自立 tự lập
獨立 độc lập
立法 lập pháp
[翻]"
𤇥,lập,"𤇥𤍶 lập loè
吶𤇥潗 nói lập bập"
𣋩,lát,𡎺𣋩 chốc lát
喇,LẠT,喇嘛 lạt ma
𤁕,lạt,"𤁕𠖭 lạt lẽo
[翻]"
𢳝,lặt,𢹦𢳝 lượm lặt
𮞶,lật,"𮞶𢭰 lật đổ
𮞶弼 lật bật
𮞶達 lật đật
𮞶𢃈 lật lọng"
𦰤,lau,"𡹃𦰤 rừng lau
𦰤𥷒 lau lách"
撈,lau,"撈𰔫 lau dọn
撈滌 lau sạch
()"
𱍿,lâu,"𱍿𨱽 lâu dài
包𱍿 bao lâu
𱍿過空﨤 lâu quá không gặp
()"
嘍,LÂU,"嘍囉 lâu la
()"
樓,LÂU,"樓臺 lâu đài
青樓 thanh lâu
()"
樓,lầu,"樓臺 lầu đài
茹樓 nhà lầu
樓青 lầu xanh
樓𠄼𧣳 Lầu Năm Góc
麪高樓 mì cao lầu"
髏,LÂU,"頭髏 đầu lâu
()"
陋,LẬU,"粗陋 thô lậu
腐陋 hủ lậu"
漏,LẬU,"漏稅 lậu thuế
販漏 buôn lậu
𨢇漏 rượu lậu"
𥛭,lẻ,"𥛭𩁦 lẻ loi
𥢆𥛭 riêng lẻ
數𥛭 số lẻ"
𨤰,lẽ,"𨤰沛 lẽ phải
固𨤰 có lẽ
理𨤰 lí lẽ
𨤰𫥨 lẽ ra"
𨤰,nhẽ,"固𨤰 có nhẽ
𠳒𨤰 nhời nhẽ
⇔𨤰lẽ"
𡤠,lẽ,"𱙡𡤠 vợ lẽ
𡤠𨳒 lẽ mọn
()"
梨,LÊ,"果梨 quả lê
荼梨 dưa lê
雪梨 tuyết lê"
梨,lây,"坡梨俱 Bờ-lây-cu (Pleiku)
𡨸尼得讀如格發音尼只𥪝名詞𥢆尼。Chữnàyđượcđọcnhưcáchphátâmnàychỉtrongdanhtừriêngnày."
璃,LÊ,玻璃 pha lê
璃,LI,"璃𨢇 li rượu
琉璃 lưu li
[翻]"
黎,LÊ,"茹前黎 Nhà Tiền Lê
𣱆黎 họ Lê
黎洋 lê-dương
[翻]"
黎,rê,𢷀黎 rủ rê
𠠍,lê,"捁𠠍 kéo lê
𠠍淒 lê thê
𠠍𨀺 lê lết
𠠍邏 lê la"
𦃾,lề,"板𦃾 bản lề
𦃾塘 lề đường"
禮,LỄ,"禮會 lễ hội
婚禮 hôn lễ
𣇜禮 buổi lễ
免禮 miễn lễ
多禮 đa lễ
禮拜 lễ bái
()"
禮,lễ,禮米 lễ mễ
例,LỆ,"例常 lệ thường
例禁 lệ cấm
前例 tiền lệ
條例 điều lệ
通例 thông lệ
外例 ngoại lệ"
例,lề,例𢟔 lề thói
淚,LỆ,"湥淚 giọt lệ
淶淚 rơi lệ"
厲,LỆ,"厲害 lệ hại
()"
厲,lẹ,"厲廊 lẹ làng
伶厲 lanh lẹ"
麗,LỆ,"壯麗 tráng lệ
㥋麗 e lệ
美麗 mĩ lệ
艷麗 diễm lệ
華麗 hoa lệ"
儮,lệch,"𱎸儮 nghiêng lệch
佂儮 chênh lệch
[翻]"
儮,lịch,⇔儮lệch
𠿳,lèm,"𠿳𣲹 lèm nhèm
[翻]"
𠿳,lìm,唵𠿳 im lìm
蹥,len,"蹥蹎 len chân
蹥𨇒 len lỏi"
𥌦,lén,"𥌦茟 lén lút
𦖑𥌦 nghe lén"
𬨠,lên,"𬨠𨑗 lên trên
𠫾𬨠 đi lên
增𬨠 tăng lên
[異]𨖲"
泠,lênh,泠汀 lênh đênh
泠,lềnh,"泠浧 lềnh sềnh
泠泙 lềnh bềnh"
令,LỆNH,"口令 khẩu lệnh
司令 tư lệnh
命令 mệnh lệnh
打令 đánh lệnh
令嬡 lệnh ái
令郎 lệnh lang
[翻]"
令,lành,"令猛 lành mạnh
卒令 tốt lành
沖令 trong lành
信令 tin lành
令性 lành tính
安令 an lành
[翻][異]苓"
令,lịnh,⇔令lệnh
蹽,leo,"𧋹蹽 giời leo
蹽𥉬 leo lét"
嘹,léo,"𫩟嘹 khéo léo
[翻]"
嘹,trêu,"嘹嘺 trêu ghẹo
嘹𥇹 trêu ngươi
嘹息 trêu tức
嘹肝 trêu gan
咋嘹 trớ trêu"
繚,lèo,"繚梩 lèo lái
繚蕘 lèo nhèo
絏繚 dây lèo
𡨺繚 giữ lèo
繚賞 lèo thưởng"
𠖭,lẽo,冷𠖭 lạnh lẽo
𠖭,nhẽo,"溂𠖭 nhạt nhẽo
⇔𠖭lẽo"
寮,lều,"𦭧寮 túp lều
寮寨 lều trại"
狸,LI,"狐狸 hồ li
海狸 hải li"
釐,LI,"釐絲 li ti
差𠬠釐𠫾𠬠𨤮 sai một li đi một dặm"
離,LI,"離婚 li hôn
離開 li khai
分離 phân li
距離 cự li"
離,lìa,賒離 xa lìa
李,LÍ,"行李 hành lí
桃李 đào lí
茹李 nhà Lí
𣱆李 họ Lí"
里,LÍ,"海里 hải lí
千里 thiên lí
鄉里 hương lí"
理,LÍ,"管理 quản lí
理說 lí thuyết
理𨤰 lí lẽ"
履,LÍ,履歷 lí lịch
蒞,LỊ,省蒞 tỉnh lị
歷,LỊCH,"歷史 lịch sử
歷代 lịch đại
履歷 lí lịch
歷事 lịch sự
遊歷 du lịch
[翻]"
曆,LỊCH,"陰曆 âm lịch
西曆 tây lịch
曆法 lịch pháp"
廉,LIÊM,清廉 thanh liêm
連,LIÊN,"連續 liên tục
連關 liên quan
連結 liên kết
連綿 liên miên
黃連 hoàng liên"
連,liền,"𡐙連 đất liền
麪咹連 mì ăn liền
茹連壁 nhà liền vách"
蓮,LIÊN,白蓮 bạch liên
蓮,sen,"藕蓮 ngó sen
浸花蓮 tắm hoa sen
𡥵蓮 con sen
[翻]"
聯,LIÊN,"聯合 liên hợp
聯邦 liên bang"
聯,liễn,對聯 đối liễn
另,liếng,"𲂪另 vốn liếng
𢤲另 lúng liếng"
列,LIỆT,"羅列 la liệt
系列 hệ liệt"
列,lịt,列喫 lịt khịt
劣,LIỆT,惡劣 ác liệt
冽,LIỆT,凜冽 lẫm liệt
烈,LIỆT,"劇烈 kịch liệt
忠烈 trungliệt
熱烈 nhiệt liệt
烈士 liệt sĩ"
裂,LIỆT,分裂 phân liệt
僚,LIÊU,"官僚 quan liêu
僚友 liêu hữu
僚屬 liêu thuộc"
遼,LIÊU,薄遼 Bạc Liêu
憭,liều,"憭領 liều lĩnh
憭命 liều mạng"
柳,LIỄU,"楊柳 dương liễu
花柳 hoa liễu"
料,LIỆU,"預料 dự liệu
質料 chất liệu
與料 dữ liệu
原料 nguyên liệu
𢥈料 lo liệu
料魂 liệu hồn"
料,liều,"料𫇿 liều thuốc
料量 liều lượng"
料,lìu,香料 húng-lìu
療,LIỆU,治療 trị liệu
𥋲,lim,"𥋲𥇌 lim dim
[翻]"
伶,LINH,伶俐 linh lợi
伶,lanh,"伶俐 lanh lợi
儱伶 long lanh
伶智 lanh trí
伶厲 lanh lẹ"
苓,LINH,"茯苓 phục linh
苓稜 linh lăng"
玲,linh,"瓏玲 lung linh
[翻]"
羚,LINH,羚羊 linh dương
零,LINH,"飄零 phiêu linh
零星 linh tinh"
靈,LINH,"靈牧 linh mục
靈魂 linh hồn
心靈 tâm linh
靈感 linh cảm
靈霆 linh đình
靈牌 linh bài
()"
靈,liêng,𱵭靈 thiêng liêng
𪜯,lính,"兵𪜯 binh lính
軍𪜯 quân lính
𪜯壯 lính tráng
𪜯𢷳 lính quýnh"
紷,lĩnh,"𡲫紷 vải lĩnh
裙紷 quần lĩnh"
𠮩,líu,"𠮩嚧 líu lo
[翻]"
𠮩,rẹo,𠮩轆 rẹo rọc
𠮩,rèo,"𠮩𠮩 rèo rẹo
⇔𠮩rẹo"
嚧,lo,"𠮩嚧 líu lo
()"
𢥈,lo,"餒𢥈 nỗi lo
𢥈𢠯 lo lắng
()"
𤮗,lọ,"𥑂𤮗 chai lọ
𤮗𤈝 lọ nghẹ"
盧,lô,"固亙盧枝節 có hàng lô chi tiết
𠬠盧𥘷𡥵 một lô trẻ con
引渃𠓨層盧𬏇 dẫn nước vào từng lô ruộng
()"
盧,lưa,"盧疎 lưa thưa
𡀳盧包饒？ còn lưa bao nhiêu?"
蘆,LÔ,"葫蘆 hồ lô
蘆薈 lô hội
()"
𠐔,lố,"𠐔礔 lố bịch
𠐔凌 lố lăng
𠬠𠐔柑 một lố cam"
𠐔,nhố,𠐔𠲕 nhố nhăng
𡓇,lỗ,"𡓇𡊲 lỗ chỗ
咹𣯡於𡓇 ăn lông ở lỗ
𡓇賚 lỗ lãi"
露,LỘ,"露𫥨 lộ ra
露喉 lộ hầu
露真相 lộ chân tướng
雨露 vũ lộ
[翻]"
露,lồ,"裸露 loã lồ
露露 lồ lộ
[翻]"
𢣻,lơ,𢣻𠻴 lơ lửng
矑,lờ,"𣉕矑 tảng lờ
()"
𢙲,lỡ,"𢙲廊 lỡ làng
𢙲蹎 lỡ chân
𠬃𢙲 bỏ lỡ"
𢙲,nhỡ,⇔𢙲lỡ
𥉹,loa,過𠼱 qua loa
𥉹,nhoe,𠼱𥹽 nhoe nhoét
𥉹,loà,"𤏬𥉹 sáng loà
霧𥉹 mù loà
𥉹眜 loà mắt
𥉹汊 loà xoà"
𥉹,nhoà,"扠𥉹 xoá nhoà
溂𥉹 nhạt nhoà"
類,LOẠI,"體類 thể loại
同類 đồng loại
種類 chủng loại"
類,loai,類𬿕 loai nhoai
類,loài,"類𠊛 loài người
類物 loài vật
𥞖類 giống loài"
𤄹,loại,"𤄹𠬃 loại bỏ
𤄹𫥨 loại ra
[異]類"
摞,loay,摞揋 loay hoay
鸞,LOAN,"𪀄鸞 chim loan
鸞鳳 loan phượng
()"
鸞,lang,笙鸞 song lang
亂,LOẠN,"亂世 loạn thế
亂臣 loạn thần
混亂 hỗn loạn
擾亂 nhiễu loạn
()"
亂,loàn,凌亂 lăng loàn
刷,LOÁT,"流刷 lưu loát
印刷 ấn loát"
刷,loạt,"𠬠刷 một loạt
𪥘󠄁刷 cả loạt"
漉,lọc,"渃漉 nước lọc
紙漉 giấy lọc
譔漉 chọn lọc"
鹿,LỘC,"鹿茸 lộc nhung
騎鹿 cưỡi lộc"
祿,LỘC,"俸祿 bổng lộc
福祿 phúc lộc
[翻]"
祿,lỏi,蹥𨇒 len lỏi
祿,lủi,"𨇒𠅒 lủi mất
𨄺𨇒 chui lủi
𨇒蹆 lủi thủi"
祿,lui,"𨇒𨇒 lui lủi
⇔𨇒lủi"
雷,LÔI,"地雷 địa lôi
魚雷 ngư lôi
雷雨 lôi vũ"
擂,lôi,"擂捁 lôi kéo
擂催 lôi thôi"
𡓃,lối,"塘𡓃 đường lối
無𡓃 vô lối
吶𡓃 nói lối"
磊,LỖI,磊落 lỗi lạc
磊,lũi,啉磊 lầm lũi
磊,rỏi,𰧄磊 rắn rỏi
纇,LỖI,"𡍚纇 lầm lỗi
吀纇 xin lỗi
赦纇 tha lỗi"
洡,lội,𣵰洡 lặn lội
𠳒,lời,"𠳒吶 lời nói
[異]唎"
𠳒,nhời,"𠳒𨤰 nhời nhẽ
⇔𠳒lời"
利,LỢI,"利息 lợi tức
益利 ích lợi
格讀𧵑「利lị」爲𠼤諱時𠸗。Cáchđọccủa""利lị""vìkiênghuýthờixưa."
利,lì,利市 lì xì
利,lời,"利賚 lời lãi
𠬠𲂪𦊚利 một vốn bốn lời"
俐,LỢI,伶俐 lanh lợi
㖮,lon,"𬨠㖮 lên lon
㖮噂 lon ton
[翻]"
𪵅,lốn,"胡𪵅 hồ lốn
𪵅𥇈 lốn nhốn"
𪵅,lộn,𢪱𪵅 vật lộn
𡘯,lớn,"𡘯嘮 lớn lao
𫰅𡘯 to lớn
𡘯猛 lớn mạnh
[異]𣁔"
𡘯,nhớn,⇔𡘯lớn
𤞼,lợn,"𤞼𤞖 lợn lòi
𤞼𡹃 lợn rừng"
隆,LONG,隆重 long trọng
龍,LONG,"恐龍 khủng long
蛟龍 giao long
龍眼 long nhãn
()"
儱,long,"儱伶 long lanh
儱銊 long nhong
()"
攏,long,"𪘵攏 răng long
攏𣁲 long đong
()"
挵,lỏng,"挵𣱾 lỏng lẻo
挵𥵾 lỏng chỏng
𠬃挵 bỏ lỏng
抯挵 thả lỏng
摕挵 nới lỏng
質挵 chất lỏng"
挵,lòng,挵𢪬 lòng khòng
𢚸,lòng,"𬌓𢚸 tấm lòng
𢚸𦛌 lòngruột
𢝙𢚸 vui lòng
𣃣𢚸 vừa lòng"
𨁦,lõng,落𨁦 lạc lõng
𣯡,lông,"𣯡蘿 lông lá
𣯡𪀄 lông chim
球𣯡 cầu lông"
哢,lồng,"哢㗂 lồng tiếng
哢𪵅 lồng lộn"
𣼰,lộng,"𣼰𡅏 lộng lẫy
𣼰𣼰 lồng lộng"
𣼰,lùng,冷𣼰 lạnh lùng
𣼰,lồng,"𣼰𣼰 lồng lộng
⇔𣼰lộng"
笠,lớp,"笠學 lớp học
𬨠笠 lên lớp
伴共笠 bạn cùng lớp"
䘹,lót,"襖䘹 áo lót
[翻]"
𢯰,lọt,"𢯰𢚸 lọt lòng
𢯰㖭 lọt thỏm
餅𢯰 bánh lọt
[異]律"
蛻,lột,"蛻殼 lột xác
剝蛻 bóc lột"
瞜,lu,"瞜𥊚 lu mờ
()"
褸,LŨ,"襤褸 lam lũ
()"
𬉆󠄁,lũ,"渃𬉆󠄁 nước lũ
𬉆󠄁𣼧 lũ lụt
𬉆󠄁𦀎 lũ lượt
佊𬉆󠄁 bè lũ
𠬠𬉆󠄁𠊛 một lũ người
()"
爐,LƯ,"爐香 lư hương
()"
爐,lò,"丐爐 cái lò
𤇮爐 bếp lò"
侶,LỮ,伴侶 bạn lữ
侶,lứa,"侶對 lứa đôi
共侶 cùng lứa"
旅,LỮ,"旅團 lữ đoàn
旅行 lữ hành"
慮,LỰ,"思慮 tư lự
兩慮 lưỡng lự
智慮 trí lự
[翻]"
穭,lúa,"垌穭 đồng lúa
𥝽穭 cấy lúa
穭𥡗 lúa má"
穭,ló,⇔穭lúa
焒,lửa,"箭焒 tên lửa
焒𤇮 lửa bếp"
驢,lừa,"𡥵驢 con lừa
驢馭 lừa ngựa
驢𨔾行 lừa chở hàng
()"
攄,lựa,"攄譔 lựa chọn
攄𫥨 lựa ra
攄𠳒 lựa lời"
倫,LUÂN,倫理 luân lí
淪,LUÂN,沈淪 trầm luân
輪,LUÂN,"輪流 luân lưu
輪番 luân phiên
輪迴 luân hồi"
踚,luẩn,踚𨆤 luẩn quẩn
論,LUẬN,"討論 thảo luận
𠴞論 bàn luận"
論,lụn,論僎 lụn vụn
律,LUẬT,"律例 luật lệ
律師 luật sư"
𣅶,lúc,"𠬠𣅶 một lúc
𣅶尼 lúc này
𣅶黃昏 lúc hoàng hôn
𣅶冷𣅶𤎏 lúc lạnh lúc nóng"
六,LỤC,"銃六 súng lục
彈三十六 đàn tam thập lục
六角 lục giác"
六,mục,"六 mục
數點𥪝㗂㑝俚𤞼。Sốđếmtrongtiếnglóngláilợn."
陸,LỤC,"陸地 lục địa
大陸 đại lục
洲陸 châu lục
陸軍 lục quân
陸續 lục tục
[翻]"
綠,LỤC,"青綠 xanh lục
𧋻綠 rắn lục
綠撰 lục soạn"
磟,lục,"磟澇 lục lạo
磟詧 lục soát
磟濁 lục đục
磟鉻 lục lạc
磟𥑶 lục lọi"
錄,LỤC,"抄錄 sao lục
紀錄 kỉ lục
錄事 lục sự"
溧,lức,𤅶溧 Bến Lức
溧,rớt,"淶溧 rơi rớt
[翻]"
力,LỰC,"壓力 áp lực
力田 lực điền
[翻]"
𨆢,lui,"𨆢𬧐 lui tới
[翻]"
𨀤,lùi,"𠫾𨀤 đi lùi
𨀤𨀈 lùi bước"
累,LUỸ,"積累 tích luỹ
累乘 luỹ thừa
累進 luỹ tiến"
累,LUỴ,"連累 liên luỵ
係累 hệ luỵ
跪累 quỵ luỵ
抵累朱家庭 để luỵ cho gia đình"
累,luý,醉累 tuý luý
戀,LUYẾN,"留戀 lưu luyến
眷戀 quyến luyến
戀愛 luyến ái
戀惜 luyến tiếc
自戀 tự luyến"
練,LUYỆN,"習練 tập luyện
訓練 huấn luyện"
練,lẹn,伶練 lanh lẹn
鍊,LUYỆN,"熣鍊 tôi luyện
鍊𨨧 luyện thép
鍊鋼 luyện gang"
瓏,lung,"瓏玲 lung linh
()"
朧,LUNG,"朦朧 mông lung
[翻]()"
籠,LUNG,"籠絡 lung lạc
()"
籠,lồng,籠𦙏 lồng ngực
𭟬,lung,"𭟬摛 lung lay
𭟬縱 lung tung
()"
𢤲,lúng,𢤲慫 lúng túng
𨓡,lùng,追𨓡 truy lùng
壟,LŨNG,壟斷 lũng đoạn
𠦻,lưng,"𠦻鉢𩚵 lưng bát cơm
𠦻襊𩙍𦝄 lưng túi gió trăng"
𨉞,lưng,"𢖖󠄁𨉞 sau lưng
絏𨉞 dây lưng
[異]𦝄"
𤠸,lửng,"𤠸㹥 lửng chó
𤠸蜜 lửng mật"
𠻴,lửng,𢣻𠻴 lơ lửng
淩,lừng,"𡅏淩 lẫy lừng
㘇淩 vang lừng
[翻]"
略,LƯỢC,"要略 yếu lược
省略 tỉnh lược
侵略 xâm lược
戰略 chiến lược
疏略 sơ lược"
𥳂,lược,"丐𥳂 cái lược
𥳂𦃀頭 lược chải đầu"
䋥,lưới,"䋥𦃮 lưới gai
𦁸䋥 mạng lưới"
𢜞,lười,𢜞怲 lười biếng
𦧜,lưỡi,"𦧜𢲨 lưỡi hái
𦧜鉤 lưỡi câu
𠷌𦧜 tặc lưỡi
[異]𥚇"
𢹦,lượm,"收𢹦 thu lượm
𢹦𢳝 lượm lặt"
㳥,luông,㳥㗰 luông tuồng
㳥,sóng,"𡥵㳥 con sóng
㳥潮 sóng trào"
㳥,sõng,"㳥𣻑 sõng soài
⇔㳥sóng"
蠬,luồng,"𧐺蠬 thuồng luồng
()"
蠬,rồng,"𦞑蠬 vòi rồng
豆蠬 đậu rồng
𨉟蠬 mình rồng"
良,LƯƠNG,"良善 lương thiện
良心 lương tâm
改良 cải lương
良知 lương tri
不良 bất lương
邊良邊教 bên lương bên giáo"
涼,LƯƠNG,"清涼 thanh lương
襖涼 áo lương
淒涼 thê lương"
粱,LƯƠNG,"高粱 cao lương
膏粱美味 cao lương mĩ vị"
糧,LƯƠNG,"糧食 lương thực
糧俸 lương bổng
錢糧 tiền lương
軍糧 quân lương"
兩,LƯỠNG,"兩極 lưỡng cực
兩慮 lưỡng lự"
兩,LƯỢNG,"𠬠兩平 37,5𨭺 một lượng bằng 37,5 gam
「兩lượng」拱得使用欺吶𧗱𢵋量塊量𧵑金類貴。""兩lượng""cũngđượcsửdụngkhinóivềđolườngkhốilượngcủakimloạiquý."
兩,lạng,姅斤𠔭兩 nửa cân tám lạng
倆,LƯỠNG,技倆 kĩ lưỡng
量,LƯỢNG,"數量 số lượng
質量 chất lượng
力量 lực lượng
量詞 lượng từ
量子 lượng tử
㧗量䀡所𬏇其產出得包饒其露𨭺𥟉 thử lượng xem thửa ruộng kia sản xuất được bao nhiêu ki-lô- gam thóc"
量,lường,"𢵋量 đo lường
坤量 khôn lường"
諒,LƯỢNG,"諒恕 lượng thứ
固諒對貝𠊛悔纇 có lượng đối với người hối lỗi"
諒,lạng,"諒山 Lạng Sơn
𡨸尼得讀如格發音尼只𥪝名詞𥢆尼。Chữnàyđượcđọcnhưcáchphátâmnàychỉtrongdanhtừriêngnày."
迾,lướt,"𢭹迾 lấn lướt
𪫦迾 lả lướt"
𦀎,lượt,"吝𦀎 lần lượt
𦀎羅 lượt là"
𦀎,rịt,"𦀾𦀎 ràng rịt
[翻]"
𣼧,lụt,"𬉆󠄁𣼧 lũ lụt
𣼧洡 lụt lội
難𣼧 nạn lụt
𣼧藝 lụt nghề
[翻]"
留,LƯU,"留徠 lưu lại
保留 bảo lưu
存留 tồn lưu
留念 lưu niệm
留班 lưu ban"
流,LƯU,"交流 giao lưu
流行 lưu hành
潮流 trào lưu
流氓 lưumanh
流𢰥 lưu đày
流刷 lưu loát"
琉,LƯU,"琉璃 lưu li
琉球 Lưu Cầu
[翻]"
劉,LƯU,𣱆劉 họ Lưu
榴,LỰU,"榴彈 lựu đạn
石榴 thạch lựu
果榴 quả lựu"
麻,MA,"麻黃 ma hoàng
麻醉 ma tuý
[翻]"
麻,mạt,麻雀 mạt chược
嘛,MA,喇嘛 lạt ma
摩,MA,"摩擦 ma sát
摩羯 Ma Kết"
魔,MA,惡魔 ác ma
䔍,má,蔞䔍 rau má
媽,má,爸媽 ba má
𦟐,má,"𦟐紅 má hồng
𡍢𦟐 gò má
𦟐𡄁銅錢 má lúm đồng tiền"
𥡗,má,"𥞖𥡗 giống má
穭𥡗 lúa má
㹥𥡗 chó má
稅𥡗 thuế má"
𣻕,mà,𪉽𣻕 mặn mà
𦓡,mà,"扔𦓡 nhưng mà
[異]麻"
馬,MÃ,"海馬 hải mã
走馬 tẩu mã
人馬 nhân mã
馬來 mã lai"
瑪,MÃ,瑪瑙 mã não
瑪,mẽ,"誇瑪 khoe mẽ
猛瑪 mạnh mẽ"
碼,MÃ,"碼數 mã số
碼化 mã hoá
密碼 mật mã"
𦄀,mã,"炪𦄀 đốt mã
𣘊𦄀 đồ mã
𦄀焒 mã lửa
卒𦄀 tốt mã
伮時得丐𦄀催 nó thì được cái mã thôi"
𢨃,mác,"槊𢨃 giáo mác
錆𢨃 thanh mác"
莫,MẠC,"莫大 mạc đại
𣱆莫 họ Mạc
[翻]"
莫,mác,"蔞莫 rau mác
漫莫 man mác
[翻]"
幕,MẠC,"開幕 khai mạc
閉幕 bế mạc
幕府 mạc phủ"
漠,MẠC,"沙漠 sa mạc
荒漠 hoang mạc
木漠 mộc mạc
廊漠 làng mạc"
摹,mạc,"摹𡨸 mạc chữ
摹幀 mạc tranh"
縸,mắc,"縸𦀻 mắc cửi
曲縸 khúc mắc
縸難 mắc nạn
𦁽縸vướng mắc
縸搩 mắc kẹt
縸𡎡 mắc (mắt) mỏ
[異]默𢹇𫄓縸嗼"
默,MẶC,水墨 thuỷ mặc
默,mực,"墨黰 mực đen
𩵜墨 cá mực
墨艚 mực tàu
絏墨 dây mực
準墨 chuẩn mực
𠬠墨 một mực"
默,MẶC,沈默 trầm mặc
嚜,mặc,"嚜偈 mặc kệ
嚜價 mặc cả"
脈,MẠCH,"短脈 đoản mạch
動脈 động mạch
血脈 huyết mạch
脈𧖱 mạch máu
房脈 phòng mạch"
麥,MẠCH,"穭麥 lúa mạch
燕麥 yến mạch
蕎麥 kiều mạch
黑麥 hắc mạch"
枚,MAI,"銜枚 hàm mai
銃火枚 súng hoả mai
𠸍枚 mỉa mai
𤗖枚 mảnh mai
[翻]"
埋,MAI,"埋伏 mai phục
埋沒 mai một"
梅,MAI,"花梅 hoa mai
烏梅 ô mai"
𣈕,mai,"𣈜𣈕 ngày mai
𣊿𣈕 chiều mai
霜𣈕 sương mai
[異]𪰹"
𨨦,mai,"丐𨨦 cái mai
𨨦𧒍 mai rùa
𨨦船 mai thuyền
𨨦墨 mai mực"
𠃅,mái,"𠃅茹 mái nhà
𠃅𩯀 mái tóc
𠃅棹 mái chèo"
𠃅,mai,"𠃅𠃅 mai mái
⇔𠃅mái"
㜥,mái,"𪟤㜥 sống mái
𪃿㜥 gà mái"
𥕄,mài,"蔑𥕄 miệt mài
山𥕄 sơn mài
𥒥𥕄 đá mài"
買,MÃI,"勸買 khuyến mãi
招兵買馬 chiêu binh mãi mã"
賣,MẠI,"商賣 thương mại
賣淫 mại dâm
賣國 mại quốc"
𠶣,may,"𠶣慜 may mắn
[異]埋枚"
𦁼,may,"𦁼𦀪 may vá
𦁼襖 may áo
[異]埋枚"
𣛠,máy,"筆𣛠 bút máy
車𣛠 xe máy
𣛠𢪮 máy móc"
𠋥,mày,"𠋥𠋺 mày tao
[異]𠋥眉"
𠋥,mầy,⇔𠋥mày
𠋥,mi,⇔𠋥mày
𣮮,mày,"𣯡𣮮 lông mày
𣮮𩯁 mày râu
[異]𪵟"
𥻡,mày,"𥻡吳 mày ngô
𥻡𤵖傷 mày vết thương"
𠇍,mấy,"𠇍𣇫 mấy thuở
固𠇍𠊛 có mấy người"
𩻐,mắm,渃𩻐 nước mắm
𦹰,mầm,"𦹰嫩 mầm non
[翻]"
𦟣,mẫm,𦟣䏜 mẫm mạp
𦟣,mũm,"𦟣俛 mũm mĩm
[翻]"
漫,MAN,"漫莫 man mác
漫漫 man man
攔漫 lan man
迷漫 mê man
[翻]"
漫,MẠN,"浪漫 lãng mạn
[翻]"
瞞,MAN,"開瞞 khai man
瞞詐 man trá"
蠻,MAN,"野蠻 dã man
蠻𤞪 man rợ
蠻𤵺 man dại
綿蠻 miên man
()"
幔,màn,"𢲫幔 mở màn
幔𣎀 màn đêm"
滿,MÃN,"美滿 mĩ mãn
充滿 sung mãn
滿意 mãn ý
滿願 mãn nguyện
𥆾滿眼 nhìn mãn nhãn"
墁,mạn,"墁逆 mạn ngược
墁𣵶 mạn xuôi"
慢,MẠN,"輕慢 khinh mạn
慢法 mạn phép"
慢,mằn,悶慢 muộn mằn
慜,mắn,"慜𤯰 mắn đẻ
𤯰𡥵 mắn con
𠶣慜 may mắn
[異]𠽊"
𪉽,mặn,𪉽濃 mặn nồng
𪉽,mằn,"𪉽𪉽 mằn mặn
⇔𪉽mặn"
玟,MÂN,"玟瑰 mân côi
[翻]"
敏,MẪN,"勤敏 cần mẫn
敏感 mẫn cảm
敏幹 mẫn cán"
茫,MANG,溟茫 mênh mang
𦛿,mang,"固𦛿 có mang
𦛿胎 mang thai"
𧋽,mang,"𧋽𦖻 mang tai
𧋻䗂𧋽 rắn hổ mang"
𫼳,mang,"𫼳𠫾 mang đi
𫼳𱠲 mang vác"
芒,màng,"𬁒芒 mùa màng
𦝺芒 mỡ màng"
恾,màng,"空恾名利 không màng danh lợi
𢠩恾 mơ màng"
恾,mòng,"𢠩恾 mơ mòng
⇔恾màng"
𩓜,màng,"𩓜耳 màng nhĩ
𩓜貞 màng trinh
𩓜腛 màng óc
𩓜蝒 màng nhện"
𦁸,mạng,"𦁸蝒 mạng nhện
絩𦁸 thêu mạng
𦁸裙襖 mạng quần áo
[異]命"
盲,MANH,盲動 manh động
氓,MANH,流氓 lưu manh
萌,MANH,"萌芽 manh nha
萌心 manh tâm
萌䋦 manh mối"
𥯋,manh,"𥯋襖 manh áo
懞𥯋 mong manh
𥯋紙 manh giấy"
𤗖,mảnh,"𤗖𦘺 mảnh dẻ
𤗖𥒮 mảnh vỡ
青𤗖 thanh mảnh
𤗖枚 mảnh mai"
猛,MÃNH,"猛烈 mãnh liệt
勇猛 dũng mãnh"
猛,mạnh,"猛瑪 mạnh mẽ
飭猛 sức mạnh
猛劸 mạnh khoẻ"
孟,MẠNH,孟子 Mạnh Tử
孟,mồng,"𣈜孟 ngày mồng
孟𱑕 mồng mười
孟𠬠 mồng một"
孟,mùng,⇔孟mồng
毛,MAO,"𣯡毛 lông mao
鴻毛 hồng mao"
毛,mau,"歌毛 Cà Mau
𡨸尼得讀如格發音尼只𥪝名詞𥢆尼。Chữnàyđượcđọcnhưcáchphátâmnàychỉtrongdanhtừriêngnày."
𠰭,máo,𠴕𠰭 mếu máo
𠰭,méo,"𢯒𠰭 bóp méo
𠰭𢺀 méo mó
[翻]"
冒,MẠO,"冒險 mạo hiểm
冒名 mạo danh"
帽,MẠO,"丐帽 cái mạo
𢃱帽 mũ mạo"
貌,MẠO,容貌 dung mạo
𦚖,mập,"𦚖䏜 mập mạp
[翻]"
眨,mập,"眨𥊚 mập mờ
[翻]"
𩶟,mập,𩵜𩶟 cá mập
𠖾,mát,"𩙍𠖾 gió mát
𠖾渼 mát mẻ"
𠖾,man,"𠖾𠖾 man mát
⇔𠖾mát"
眜,mắt,"𦖻眜 tai mắt
渃眜 nước mắt
[異]𬑉"
𩈘,mặt,"𩈘𣮮 mặt mày
皮𩈘 bề mặt
𩈘𦝄 mặt trăng
𩈘渃 mặt nước"
𠅒,mất,"悁𠅒 quên mất
𠅒跡 mất tích
𠅒𠖾 mất mát
[異]秩𠅎"
密,MẬT,"密度 mật độ
秘密 bí mật
親密 thân mật
保密 bảo mật
[翻]"
蜜,MẬT,"蜜螉 mật ong
蜜月 mật nguyệt
𦝄蜜 trăng mật
糖蜜 đường mật"
蜜,mứt,"餅蜜 bánh mứt
蜜𣘛 mứt dâu"
蜜,mất,⇔蜜mứt
𦟽,mật,"肝𦟽 gan mật
襊𦟽 túi mật
㑲荄𫫞𦟽 nằm gai nếm mật"
𣭻,mau,𣭻𫏢 mau chóng
𧖱,máu,"䅘𧖱 lai máu
𧖱湈 máu mủ"
𦭷,màu,"𦭷色 màu sắc
形𦭷 hình màu
[翻][異]牟"
𦭷,mầu,"花𦭷 hoa mầu
[異]牟"
矛,MÂU,矛盾 mâu thuẫn
眸,MÂU,眸子 mâu tử
侔,mầu,侔冉 mầu nhiệm
牡,MẪU,牡丹 mẫu đơn
㑄,mẫu,"𦎛㑄 gương mẫu
㑄𦄀 mẫu mã
㑄墨 mẫu mực
㑄物 mẫu vật
𠊛㑄 người mẫu
矯㑄 kiểu mẫu"
畝,MẪU,"畝𬏇 mẫu ruộng
畝英 mẫu Anh"
戊,MẬU,戊申 Mậu Thân
貿,MẬU,貿易 mậu dịch
媄,mẹ,"媄𡥵 mẹ con
仛媄 cha mẹ
㗂媄𤯰 tiếng mẹ đẻ"
迷,MÊ,"昏迷 hôn mê
迷信 mê tín
迷宮 mê cung
迷惑 mê hoặc
耽迷 đam mê
迷𢠨 mê mẩn
[翻]"
迷,ma,班迷屬 Buôn Ma Thuột
繌,mềm,"份繌 phần mềm
[翻][異]𣠳"
𢗔,mến,"㤇𢗔 yêu mến
[翻]"
溟,mênh,"溟濛 mênh mông
[翻]"
命,MỆNH,"使命 sứ mệnh
命令 mệnh lệnh
命名 mệnh danh
數命 số mệnh"
命,MẠNG,"命𠊛 mạng người
革命 cách mạng
生命 sinh mạng
折命 thiệt mạng
憭命 liều mạng
⇔命mệnh"
命,MẠNH,⇔命mệnh
貓,mèo,"𡥵貓 con mèo
貓𫅷化𤞺 mèo già hoá cáo"
𠵐,mép,"𣱾𠵐 lẻo mép
[翻]"
衊,mét,𦛍衊 tái mét
衊,men,"衊衊 men mét
⇔衊mét"
𤻻,mệt,𤻻痗 mệt mỏi
眉,MI,"𣯡眉 lông mi
[翻]"
𥈢,mí,𥈢眜 mí mắt
美,MĨ,"完美 hoàn mĩ
華美 hoa mĩ
絕美 tuyệt mĩ
美滿 mĩ mãn"
美,mỉ,細美 tỉ mỉ
寐,MỊ,夢寐 mộng mị
媚,MỊ,"媚民 mị dân
媚娘 mị nương"
媚,mì,柔媚 nhu mì
媚,mị,𬌓𡲫媚𩈘 tấm vải mị mặt
眠,MỊCH,覓訪 mịch phỏng
眠,mích,斥覓 xích mích
眠,MIÊN,催眠 thôi miên
綿,MIÊN,"纏綿 triền miên
連綿 liên miên
綿蠻 miên man"
綿,mền,"丐綿 cái mền
𧜖綿 chăn mền
綿葻 mền bông"
麪,MIẾN,穭麪 lúa miến
麪,mì,餅麪 bánh mì
沔,miền,"漨沔 vùng miền
𠸜沔 tên miền"
免,MIỄN,"免費 miễn phí
免稅 miễn thuế
免罪 miễn tội
免除 miễn trừ"
免,miễn,免得銅錢卒 miễn được đồng tiền tốt
勉,MIỄN,勉強 miễn cưỡng
𠰘,miệng,"𠵘𠰘 mồm miệng
㗜𠰘 súc miệng"
蔑,MIỆT,"蔑視 miệt thị
輕蔑 khinh miệt"
蔑,miệt,蔑𥕄 miệt mài
蔑,một,"守油蔑 Thủ Dầu Một
[翻]"
描,MIÊU,描寫 miêu tả
𠲶,mỉm,"𠲶唭 mỉm cười
[翻]"
𠲶,mím,"𠵘𠲶 múm mím
[翻]"
明,MINH,"聰明 thông minh
聲明 thanh minh
明敏 minh mẫn
[翻]"
冥,MINH,幽冥 u minh
盟,MINH,盟誓 minh thệ
𨉟,mình,"自𨉟 tự mình
身𨉟 thân mình
[異]𠇮"
𩆪,mịt,"霧𩆪 mù mịt
[翻]"
𡎡,mỏ,𠏲𡎡 thợ mỏ
𢺀,mó,𠰭𢺀 méo mó
摸,mò,𨁮摸 lần mò
無,MÔ,南無阿彌陀佛 Nam Mô A Di Đà Phật
無,VÔ,"無理 vô lí
無線 vô tuyến
無定 vô định
無事 vô sự
無望 vô vọng
無益 vô ích"
塻,mô,"𠸾塻 mấp mô
塻𡐙 mô đất"
模,MÔ,"規模 quy mô
模倣 mô phỏng
模式 mô thức
模寫 mô tả
模範 mô phạm
模𠐉 mô-típ
[翻]"
謨,MÔ,謀謨 mưu mô
𠝺,mổ,喀𠝺 ca mổ
募,MỘ,招募 chiêu mộ
墓,MỘ,"陵墓 lăng mộ
墓烈士 mộ liệt sĩ"
墓,mồ,𡎜墓 nấm mồ
慕,MỘ,歆慕 hâm mộ
𢠩,mơ,"𥋏𢠩 giấc mơ
𢠩恾 mơ màng
𤏬星𢠩 sáng tinh mơ"
𣙪,mơ,"𣙪西 mơ tây
𬃻𣙪 trái mơ
[翻]"
𢲫,mở,"𢲫𨷯 mở cửa
𢲫頭 mở đầu
𢲫𫥨 mở ra
𢲫會 mở hội
[異]𨷑𩦓"
𥊚,mờ,"𦝄𥊚 trăng mờ
𥊚暗 mờ ám
[異]𲊇"
𦝺,mỡ,"𬚸𦝺 thịt mỡ
𦝺芒 mỡ màng"
𢪮,móc,"𢪮勾 móc câu
𢪮𠓨 móc vào
挴𢪮 moi móc"
雬,móc,"𩄎雬 mưa móc
籺雬 hạt móc"
𠚐,mọc,"𠚐𬨠 mọc lên
𦝄𠚐 trăng mọc
𫬱𠚐 mời mọc"
木,MỘC,"木耳 mộc nhĩ
木板 mộc bản
木樨 mộc tê
枯木 khô mộc
𩈘木 mặt mộc
木漠 mộc mạc
[翻]"
𪬶,mỏi,懞𪬶 mong mỏi
𤞦,mọi,"𠊛𤞦 người mọi
𤞦𤞪 mọi rợ"
𤗆,mọi,"𤗆𠊛 mọi người
𤗆物 mọi vật
[異]每"
媒,MÔI,"媒場 môi trường
媒介 môi giới
婆媒 bà môi"
媒,mai,"婆媒 bà mai
媒䋦 mai mối"
腜,môi,"對腜 đôi môi
𢱖腜 múa môi
腜汻𪘵冷 môi hở răng lạnh
[異]𠶣"
腜,mui,⇔腜môi
蛽,mối,"𡥵蛽 con mối
坥蛽 tổ mối"
䋦,mối,"䋦絏 mối dây
䋦情 mối tình
䋦黹 mối chỉ
䋦行 mối hàng
䋦萌 mối manh
𫜵䋦 làm mối
[翻]"
瑁,mồi,玳瑁 đồi mồi
𩝇,mồi,𩝇䊷 mồi chài
每,MỖI,"每𠬠 mỗi một
每欺 mỗi khi"
㵋,mới,"𢆥㵋 năm mới
㵋渼 mới mẻ
[異]買"
𫬱,mời,"𫬱客 mời khách
𫬱𫇿 mời thuốc
𫬱𠚐 mời mọc
[異]𠶆𨑮𠸼𨒒()"
𠵘,mồm,"𠵘𠰘 mồm miệng
𧕚儮𠵘 trai lệch mồm
[翻]"
𠵘,mủm,𠵘𠲶 mủm mỉm
𠵘,múm,𠵘𠲶 múm mím
𦁺,món,"𦁺咹 món ăn
𦁺𣘊 món đồ"
𤷱,mòn,"𤷱𠾲 mòn vẹt
痗𤷱 mỏi mòn"
𨳒,mọn,𡤠𨳒 lẽ mọn
門,MÔN,"部門 bộ môn
專門 chuyên môn
門徒 môn đồ
[翻]"
懞,mong,"懞㦖 mong muốn
懞𪬶 mong mỏi"
𤘁,mỏng,𤘁䊅 mỏng dính
𤘁,mong,"𤘁𤘁 mong mỏng
⇔𤘁mỏng"
𤔻,móng,"𤔻𤢇 móng vuốt
[異]𲄌"
朦,MÔNG,朦朧 mông lung
𥣛,mống,"𦹰𥣛 mầm mống
𥣛𡭕 mống cụt"
夢,MỘNG,"夢想 mộng tưởng
夢遊 mộng du
幻夢 ảo mộng
惡夢 ác mộng
𥒮夢 vỡ mộng"
夢,mòng,𡎺夢 chốc mòng
𬄺,mộng,"𢯖𬄺 ghép mộng
𥟉㐌𠚐𬄺 thóc đã mọc mộng
眜𤴬固𬄺 mắt đau có mộng"
𣋻,mốt,"𣈜𣋻 ngày mốt
𣈕𣋻 mai mốt"
𠬠,một,"𠬠丐 một cái
𠬠隻 một chiếc
𠬠𠃣 một ít
[異]沒"
𠬠,mốt,⇔𠬠một[異]沒
沒,MỘT,埋沒 mai một
霧,mù,"霜霧 sương mù
𥊖霧 đui mù
霧𡨸 mù chữ
霧𥉹 mù loà
霧𥆄 mù quáng
[翻][異]𩂟"
𢃱,mũ,戴𢃱 đội mũ
姥,mụ,婆姥 bà mụ
𧷸,mua,"𧷸𬥓 mua bán
𧷸行 mua hàng
[異]摸謨模𢱖"
𢱖,múa,挎𢬣𢱖蹎 khoa tay múa chân
𬁒,mùa,"𬁒秋 mùa thu
𬁒芒 mùa màng
[異]務"
𩄎,mưa,"𩄎𩙍 mưa gió
湥𩄎 giọt mưa
𩄎淫 mưa dầm
𩄲𩄎 mây mưa
[異]𩅹湄"
目,MỤC,"題目 đề mục
目標 mục tiêu
目擊 mục kích
目所視 mục sở thị"
牧,MỤC,"牧畜 mục súc
牧童 mục đồng
遊牧 du mục
靈牧 linh mục"
𭬙,mục,𭬙捏 mục nát
𣞪,mức,"𣞪度 mức độ
𣞪𤯩 mức sống
𣘃𣞪 cây mức
[翻]"
未,MÙI,"𣇞未 giờ Mùi
乙未 Ất Mùi"
未,VỊ,未成年 vị thành niên
苿,mùi,"苿味 mùi vị
苿洃 mùi hôi
苿𦹳 mùi thơm
蔞苿 rau mùi
[異]味"
𪖫,mũi,"𪖫刀 mũi dao
尖𪖫 tiêm mũi
𪖫船 mũi thuyền
𪖫好望 mũi Hảo Vọng
[翻]"
𢜠,mừng,"𢝙𢜠 vui mừng
祝𢜠 chúc mừng
𢜠歲 mừng tuổi
[翻]"
𪉥,muối,𩚵𪉥 cơm muối
𧋟,muỗi,𡥵𧋟 con muỗi
昧,MUỘI,"迷昧 mê muội
暗昧 ám muội
愚昧 ngu muội"
𱑕,mười,"數𱑕 số mười
𱑕𠄩 mười hai
𱑕份 mười phần
[異]𨑮()"
𱑕,mươi,"𠄩𱑕四 hai mươi tư
⇔𱑕mười[異]𨑮"
𨷈,muôn,"𨷈萬 muôn vàn
𨷈𢆥 muôn năm
𨷈𠁀 muôn đời
()"
㦖,muốn,"懞㦖 mong muốn
𫻎㦖 ham muốn
[異]悶"
悶,MUỘN,"愁悶 sầu muộn
煩悶 phiền muộn"
悶,mún,𥯋悶 manh mún
僈,mướn,"朱僈 cho mướn
𠾔僈 thuê mướn
𫜵僈 làm mướn"
摱,mượn,"䞈摱 vay mượn
摱錢 mượn tiền"
沫,mượt,"沫𣻕 mượt mà
滃沫 óng mượt
𩯀沫 tóc mượt
青沫 xanh mượt"
謀,MƯU,"謀智 mưu trí
陰謀 âm mưu
謀略 mưu lược
謀殺 mưu sát"
那,na,"喃那 nôm na
那蹺𡗋次零星 na theo lắm thứ linh tinh
[翻]"
那,nớ,"役那 việc nớ
𨑗那 trên nớ"
挪,NA,挪威 Na Uy
𠌧,nạ,𩈘𠌧 mặt nạ
渃,nác,𠴐渃 núc nác
渃,nước,"㕵渃 uống nước
渃外 nước ngoài
渃咹𢬣 nước ăn tay"
狔,nai,㹯狔 hươu nai
奈,NẠI,橋奈何 cầu Nại Hà
奈,nài,"押奈 ép nài
奈馭 nài ngựa
奈𪡇 nài nỉ
叫奈 kêu nài"
耐,NẠI,忍耐 nhẫn nại
𫢩,nay,"現𫢩 hiện nay
𣋚𫢩 hôm nay"
䄧,nảy,"䄧生 nảy sinh
䟢䄧 giãy nảy"
䄧,nẩy,⇔䄧nảy
𢖱,náy,曖𢖱 áy náy
𣅅,nãy,"班𣅅 ban nãy
𣅶𣅅 lúc nãy
欺𣅅 khi nãy"
乃,nấy,"埃乃 ai nấy
[翻]"
男,NAM,"男女 nam nữ
男生 nam sinh"
南,NAM,"方南 phương nam
東南 đông nam
[翻]"
𢆥,năm,"𢆥㵋 năm mới
𢆥𣎃 năm tháng"
捻,nắm,"捻𡨺 nắm giữ
捻𢬣 nắm tay
捻𢡠 nắm chắc
捻炭 nắm than"
捻,nạm,"捻𥽌 nạm gạo
⇔捻nắm"
㑲,nằm,"㑲𥄬 nằm ngủ
咹㑲 ăn nằm
[異]𦣰"
菍,nấm,"菍香 nấm hương
菍稴 nấm rơm
[翻]"
𡎜,nấm,𡎜墓 nấm mồ
難,NAN,"艱難 gian nan
危難 nguy nan"
難,NẠN,"避難 tị nạn
困難 khốn nạn
災難 tai nạn
難人 nạn nhân"
難,nàn,"𡃎難 phàn nàn
隢難 nghèo nàn"
𢥪,nản,𢥇𢥪 chán nản
𡅧,năn,"咹𡅧 ăn năn
𡅧𪡇 năn nỉ
[翻]"
𡅧,nằn,"𡅧𪡇 nằn nì
⇔𡅧năn[翻]"
𠼶,nắn,捥𠼶 uốn nắn
囊,NANG,錦囊 cẩm nang
能,NĂNG,"能動 năng động
能竅 năng khiếu
可能 khả năng
[翻]"
𠹌,năng,"𠡏𠹌 siêng năng
𠹌抇𬘋𣖾 năng nhặt chặt bị"
𮐝,năng,"𦹯𮐝 cỏ năng
榘𮐝 củ năng"
𮐝,năn,⇔𮐝năng
𣌝,nắng,浸𣌝 tắm nắng
𥘀,nặng,"𥘀𤹘 nặng nhọc
𥘀𢚸 nặng lòng
𨁪𥘀 dấu nặng"
㨢,nâng,"㨢𬨠 nâng lên
𢬣㨢卬𣮮 tay nâng ngang mày
[翻]"
㨢,nưng,"㨢𱠴 nưng niu
[翻]"
𤘓,nanh,"𤘓𤢇 nanh vuốt
𤘓䱸 nanh sấu
𤘓蝳 nanh nọc"
㝹,nao,"㝹𨆞 nao núng
𠷀㝹 nôn nao"
鬧,NÁO,"鬧動 náo động
鬧熱 náo nhiệt
鬧𱕔 náo nức"
𱜢,nào,"勢𱜢 thế nào
𣈜𱜢 ngày nào
𠫾𱜢 đi nào
[異]鬧"
𱜢,nu,𱜢那 nu na
𱜢,nao,"坭𱜢 nơi nao
⇔𱜢nào"
惱,NÃO,"苦惱 khổ não
惱𢚸 não lòng
惱憹 não nùng
懊惱 ảo não"
瑙,NÃO,"瑪瑙 mã não
[翻]"
腦,NÃO,"動腦 động não
大腦 đại não
洗腦 tẩy não
龍腦 long não"
納,NẠP,"容納 dung nạp
接納 tiếp nạp
歸納 quy nạp
收納 thu nạp"
納,nộp,"納𠓨 nộp vào
交納 giao nộp
納𨉟 nộp mình
[翻]"
蒳,nắp,"蒳𡑵 nắp vung
拫蒳 ngăn nắp
[翻]"
𩄵,nấp,隱𩄵 ẩn nấp
捏,nát,"𭬙捏 mục nát
捏散 nát tan
捏𥇂 nát bét
詘捏 dốt nát
[異]涅"
㖏,nạt,"㖏怒 nạt nộ
扒㖏 bắt nạt
[翻]"
蓐,náu,隱蓐 ẩn náu
𣘽,nâu,"榘𣘽 củ nâu
𦭷𣘽 màu nâu
[翻]"
𤍇,nấu,"𤍇𤇪 nấu chín
[異]𤒛"
儞,né,"儞𨉟 né mình
儞𠬉 né tránh"
呢,nè,"吶𦖑呢 nói nghe nè
[翻]"
𩚯,nê,"𩛂𩚯 no nê
錢𡀳𩚯、空懝 Tiền còn nê, không ngại
𥙩𩚯 lấy nê"
𢘝,nể,"𠼤𢘝 kiêng nể
敬𢘝 kính nể"
怩,nề,"怩苛 nề hà
空怩艱勞 không nề gian lao"
胒,nề,"浮胒 phù nề
𩈘胒 mặt nề"
胒,sề,粗胒 sồ sề
揇,ném,"揇𠰏 ném bom
[翻]"
𢧚,nên,"𫜵𢧚 làm nên
朱𢧚 cho nên
咹𢧚𫜵𫥨 ăn nên làm ra"
𡋂,nền,"𡋂茹 nền nhà
𡋂𡐙 nền đất
樂𡋂 nhạc nền
[異]𪤍"
𡋂,nề,"𡋂䌰 nề nếp
⇔𡋂nền"
䌰,nếp,"𡋂䌰 nền nếp
䌰𤯩 nếp sống
䌰茹 nếp nhà
䌰襖 nếp áo
[翻]"
𪲍,nêu,"𣘃𪲍 cây nêu
𪲍高 nêu cao
[翻]"
裊,nếu,"裊𦓡 nếu mà
裊時 nếu thì"
尼,NI,"僧尼 tăng ni
尼姑 ni cô
迭尼 Đít-ni
[翻]"
尼,này,"旬尼 tuần này
尼低 này đây"
尼,nầy,⇔尼này
尼,ni,⇔尼này[翻]
尼,nì,⇔尼này
粘,NIÊM,"粘揭 niêm yết
粘封 niêm phong"
念,NIỆM,"紀念 kỉ niệm
心念 tâm niệm
念佛 niệm phật
念經 niệm kinh
概念 khái niệm"
念,niềm,"念恓 niềm tây
念𢝙 niềm vui
念𦬑 niềm nở"
年,NIÊN,"青年 thanh niên
少年 thiếu niên
年代 niên đại
百年偕老 bách niên giai lão"
涅,NIẾT,涅槃 niết bàn
涅,nét,"涅筆 nét bút
塘涅 đường nét
涅𩈘 nét mặt
察涅 xét nét
[翻]"
涅,nọt,佞涅 nịnh nọt
涅,nớt,嫩涅 non nớt
𠲃,nín,"𠲃𣼽 nín lặng
[翻]"
寧,NINH,"安寧 an ninh
[翻]"
嚀,NINH,叮嚀 đinh ninh
濘,ninh,"濘𩩫 ninh xương
濘𬚸 ninh thịt"
佞,NỊNH,奸佞 gian nịnh
𡥴,nít,𡥵𡥴 con nít
𱠴,niu,㨢𱠴 nâng niu
𩛂,no,"𩛂𨁥 no đủ
𤋾𩛂 ấm no
𩛂𩚯 no nê
𩛂𩛂 no no"
呶,nọ,"𣇞呶 giờ nọ
[翻]"
駑,nô,"駑𢴉 nô đùa
駑𱕔 nô nức"
砮,nổ,"㗂砮 tiếng nổ
砮縱 nổ tung
熢砮 bùng nổ"
努,NỖ,努力 nỗ lực
怒,NỘ,憤怒 phẫn nộ
𦬑,nở,"念𦬑 niềm nở
𦬑𭍆 nở rộ"
𧴱,nợ,"𧴱嫨 nợ nần
遁𧴱 trốn nợ
緣𧴱 duyên nợ
[異]𡢻女"
吶,nói,"𦖑吶 nghe nói
㗂吶 tiếng nói
吶哴 nói rằng"
吶,nhuế,吶哸 nhuế nhoá
㐻,nòi,㐻𥞖 nòi giống
浽,nổi,"㵢浽 trôi nổi
浽𢚷 nổi giận
浽㗂 nổi tiếng"
鈉,nồi,鈉茶 nồi chè
餒,nỗi,"餒念 nỗi niềm
噥餒 nông nỗi
[異]浽"
內,NỘI,"內閣 nội các
翁內 ông nội
[翻]"
㘨,nội,"垌㘨 đồng nội
㘨𦹯怞怞 nội cỏ dầu dầu
[異]内"
坭,nơi,"坭生 nơi sinh
坭其 nơi kia"
𥈶,nom,"𥈶𧡊 nom thấy
𢟙𥈶 chăm nom
矓𥈶 trông nom
𥈶蹺 nom theo"
𡽫,non,𡶀𡽫 núi non
𥶄,nón,"𥶄蘿 nón lá
𥶄𬗜絛 nón quai thao"
𠷀,nôn,"𠷀嗎 nôn mửa
𠷀㝹 nôn nao"
嫩,NỘN,"肥嫩 phì nộn
[翻]"
嫩,non,"嫩𥘷 non trẻ
𦹰嫩 mầm non
𦝄嫩 trăng non
[翻]"
𤎏,nóng,"焒𤎏 lửa nóng
𤎏煏 nóng bức"
檂,nòng,丐檂 cái nòng
農,NÔNG,"農村 nông thôn
農業 nông nghiệp
富農 phú nông
[翻]"
噥,nông,"噥𣴓 nông cạn
噥浽 nông nổi"
濃,nồng,"濃㷋 nồng đượm
𪉽濃 mặn nồng
濃難 nồng nàn
濃熱 nồng nhiệt
濃喏 nồng nặc
濃度 nồng độ"
訥,nót,"𠼶訥 nắn nót
[翻]"
訥,nốt,"椊訥 thốt nốt
𫜵訥𠫾 làm nốt đi
訥圇 nốt tròn
[翻]"
脺,nốt,脺𧋆 nốt ruồi
𦬻,nụ,"𦬻花 nụ hoa
𠬠𦬻唭 một nụ cười
[翻]"
女,NỮ,"男女 nam nữ
女界 nữ giới
婦女 phụ nữ
少女 thiếu nữ"
孥,nua,𫅷孥 già nua
姅,nửa,"𠬠姅 một nửa
姅𣎀 nửa đêm
姅𠁀 nửa đời"
𡛤,nữa,"𡀳𡛤 còn nữa
添𡛤 thêm nữa
欣𡛤 hơn nữa
[異]女姅"
𱕔,nức,"駑𱕔 nô nức
[翻]"
𠽋,nực,"𤎏𠽋 nóng nực
𠽋唭 nực cười"
𡶀,núi,"頂𡶀 đỉnh núi
𡶀𥒥 núi đá
𡶀𡽫 núi non
[翻]"
燶,nung,燶𤒘 nung đúc
𨆞,núng,㝹𨆞 nao núng
𨆞,nung,"𨆞𨆞 nung núng
⇔𨆞núng"
𩝺,nuôi,"𩝺饢 nuôi nấng
𦜘𩝺 vú nuôi
㛪𩝺 em nuôi
[異]餒"
𢗉,nuối,惜𢗉 tiếc nuối
埌,nương,"𬏇埌 ruộng nương
埌𡵆 nương rẫy"
𤓢,nướng,𤍇𤓢 nấu nướng
𠸂,nuốt,"𠸂喠 nuốt trọng
[異]𠽆"
𠸂,sột,𠸂嚓 sột soạt
𠸂,sồn,"𠸂𠸂 sồn sột
⇔𠸂sột"
𨨷,nút,"紩𨨷 thắt nút
[翻]"
㘿,nứt,"𡐙㘿 đất nứt
䃹㘿 rạn nứt
㘿𦕗 nứt nẻ
[翻]"
紐,NỮU,紐約 Nữu Ước
俄,NGA,"聯邦俄 Liên bang Nga
[翻]"
哦,NGA,吟哦 ngâm nga
哦,ngú,哦𠽐 ngú ngớ
峨,NGA,巍峨 nguy nga
娥,NGA,"仙娥 tiên nga
𫰟娥 Hằng Nga"
鵝,NGA,天鵝 thiên nga
㧴,ngả,㧴𱎸 ngả nghiêng
玡,ngà,"玉玡 ngọc ngà
塔玡 tháp ngà
坡㴜玡 Bờ Biển Ngà"
我,NGÃ,本我 bản ngã
𨁟,ngã,"𨁟𬺗 ngã xuống
𨁟𡂂 ngã ngửa
𨁟四 ngã tư
𨁪𨁟 dấu ngã
[異]我"
愕,NGẠC,"愕然 ngạc nhiên
驚愕 kinh ngạc
[翻]"
愕,ngác,"𢠐愕 ngơ ngác
[翻]"
𡿃,ngách,"逧𡿃 ngóc ngách
𡉦𡿃 ngõ ngách"
額,NGẠCH,"外額 ngoại ngạch
金額 kim ngạch
額堛 ngạch bậc"
皚,ngai,"皚鐄 ngai vàng
[翻]"
艾,NGẢI,"艾灸 ngải cứu
針艾 châm ngải"
艾,NGHỆ,"榘艾 củ nghệ
艾西 nghệ tây"
𧍋,ngài,𡥵𧍋 con ngài
𫣅,ngài,各𫣅 các ngài
懝,ngại,"㥋懝 e ngại
懝㥥 ngại ngùng
𢥈懝 lo ngại
()"
懝,ngài,"懝懝 ngài ngại
⇔懝ngại"
礙,NGẠI,"阻礙 trở ngại
障礙 chướng ngại
()"
𬆄,ngay,"𬆄𣦎 ngay thẳng
𬆄實 ngay thật
𧷸𬆄 mua ngay
[異]𣦍"
𣈜,ngày,"𣈜𫢩 ngày nay
𣈜𣎃 ngày tháng
恆𣈜 hằng ngày
[異]𣈗"
𤷙,ngây,𤷙悞 ngây ngô
𥋴,ngắm,"𥋴𤢇 ngắm vuốt
[翻]"
澿,ngấm,澿渃 ngấm nước
砛,ngầm,"艚砛 tàu ngầm
澿砛 ngấm ngầm"
𡄎,ngẫm,"𡄎擬 ngẫm nghĩ
研𡄎 nghiền ngẫm"
𡄎,gẫm,⇔𡄎ngẫm
𩜽,ngán,"嗷𩜽 ngao ngán
𢥇𩜽 chán ngán
𩜽儼 ngán ngẩm"
𩜽,ngan,"𩜽𩜽 ngan ngán
⇔𩜽ngán"
嵃,ngàn,"𡶀嵃 núi ngàn
越𤂬𬦋嵃 vượt suối băng ngàn
[翻][異]岸"
拫,ngăn,"拫浱 ngăn chặn
拫禦 ngăn ngừa"
𠦯,ngắn,"𠦯𨱽 ngắn dài
𠦯哎 ngắn ngủi
排𢪏𠦯 bài viết ngắn
時間𠦯 thời gian ngắn
[異]𥐆"
𠦯,ngăn,"𠦯𠦯 ngăn ngắn
⇔𠦯ngắn"
銀,NGÂN,"銀行 ngân hàng
銀兩 ngân lượng
水銀 thuỷ ngân
銀庫 ngân khố"
銀,ngân,銀哦 ngân nga
銀,ngần,𤽸銀 trắng ngần
垠,ngần,"無垠 vô ngần
頻垠 tần ngần
[翻]"
卬,ngang,"𨖅卬 sang ngang
聲卬 thanh ngang"
昂,NGANG,"昂藏 ngang tàng
昂然 ngang nhiên
軒昂 hiên ngang
[翻]"
昂,ngãng,"迎昂 nghễnh ngãng
[翻]"
嗷,ngao,"嘵嗷 nghêu ngao
喝嗷 hát ngao"
𢳆,ngào,"𢳆糖 ngào đường
𢳆𢶿 ngào trộn
𠿸𢳆 ngạt ngào
𤮾𢳆 ngọt ngào"
傲,NGẠO,"傲慢 ngạo mạn
傲𢣂 ngạo nghễ
傲逆 ngạo ngược
[翻]"
汲,ngập,"危汲 nguy ngập
𣼼汲 tràn ngập
汲頭 ngập đầu
汲凝 ngập ngừng
[翻]"
汲,ngầm,"汲汲 ngầm ngập
⇔汲ngập"
𠿸,ngạt,"𠮾𠿸 ngột ngạt
[翻]"
扢,ngặt,嚴扢 nghiêm ngặt
𡴯,ngất,"𡴯𡗶 ngất trời
[翻]"
𤴥,ngất,"𤷙𤴥 ngây ngất
𡴯殮 ngất lịm"
偶,NGẪU,配偶 phối ngẫu
𦖑,nghe,"𦖑𥍎 nghe ngóng
𢠯𦖑 lắng nghe
𦖑吶 nghe nói"
𢣂,nghễ,"傲𢣂 ngạo nghễ
()"
藝,NGHỆ,"藝術 nghệ thuật
工藝 công nghệ
才藝 tài nghệ
()"
藝,nghề,"藝業 nghề nghiệp
藝農 nghề nông"
𥉥,nghếch,"呆𥉥 ngốc nghếch
[翻]"
𪦎,nghén,胎𪦎 thai nghén
喭,nghẹn,"喭𢳆 nghẹn ngào
[翻]"
喭,nghện,"𥪯喭 nghễu nghện
[翻]"
迎,NGHÊNH,"歡迎 hoan nghênh
恭迎 cung nghênh
迎接 nghênh tiếp
迎敵 nghênh địch
迎迍 nghênh đón
迎昂 nghênh ngang
⇔迎nghinh[翻]"
迎,nghễnh,"迎昂 nghễnh ngãng
[翻]"
隢,nghèo,"險隢 hiểm nghèo
隢難 nghèo nàn
民隢 dân nghèo
[翻][異]𠨪堯嶤"
𢌎,nghẹt,"𢌎咀 nghẹt thở
[翻]"
疑,nghêu,𡥵蟯 con nghêu
疑,ngoèo,蚖蟯 ngoằn ngoèo
疑,NGHI,"疑㘈 nghi ngờ
懷疑 hoài nghi
疑問 nghi vấn
疑惑 nghi hoặc
()"
儀,NGHI,"儀式 nghi thức
禮儀 lễ nghi
()"
霓,nghi,"霓𩂁 nghi ngút
[翻]"
儗,nghỉ,"儗𢯕 nghỉ ngơi
儗法 nghỉ phép
()"
擬,nghĩ,"意擬 ý nghĩ
推擬 suy nghĩ
𡄎擬 ngẫm nghĩ
()"
誼,NGHỊ,友誼 hữu nghị
毅,NGHỊ,"剛毅 cương nghị
堅毅 kiên nghị"
議,NGHỊ,"提議 đề nghị
議院 nghị viện
()"
𥊘,nghía,𥋴𥊘 ngắm nghía
義,NGHĨA,"意義 ý nghĩa
義務 nghĩa vụ
情義 tình nghĩa
()"
義,ngãi,"廣義 Quảng Ngãi
貪鐄𠬃義 tham vàng bỏ ngãi"
義,nghì,"不義 bất nghì
仍仉無義 những kẻ vô nghì"
逆,NGHỊCH,"忤逆 ngỗ nghịch
逆境 nghịch cảnh
逆向 nghịch hướng
逆子 nghịch tử
逆賊 nghịchtặc
反逆 phản nghịch
[翻]"
逆,nghịch,"逆𤼔 nghịch ngợm
𥘷逆𡐙 trẻ nghịch đất
[翻]"
逆,ngược,"忤逆 ngỗ ngược
逆徠 ngược lại
逆向 ngược hướng"
嚴,NGHIÊM,"嚴毅 nghiêm nghị
嚴整 nghiêm chỉnh
嚴明 nghiêm minh
嚴禁 nghiêm cấm
莊嚴 trang nghiêm"
嚴,ngổm,覽嚴 lổm ngổm
驗,NGHIỆM,"效驗 hiệu nghiệm
測驗 trắc nghiệm
檢驗 kiểm nghiệm
經驗 kinh nghiệm
㧗驗 thử nghiệm
試驗 thí nghiệm"
研,NGHIÊN,研究 nghiên cứu
研,nghiền,"研𡄎 nghiền ngẫm
研𫇿 nghiền thuốc
研捏𫥨 nghiền nát ra
研𫥨勃 nghiền ra bột"
硯,NGHIÊN,"丐硯 cái nghiên
筆硯 bút nghiên"
𢞆,nghiện,戒𢞆 cai nghiện
𢞆,ngớn,㧴𢞆 ngả ngớn
𢞆,nghiền,⇔𢞆nghiện
𱎸,nghiêng,"㧴𱎸 ngả nghiêng
𱎸𡂂 nghiêng ngửa"
業,NGHIỆP,"事業 sự nghiệp
工業 công nghiệp
同業 đồng nghiệp"
孽,NGHIỆT,"孽報 nghiệt báo
孽障 nghiệt chướng
孽𨁟 nghiệt ngã"
𠦳,nghìn,"𨷈𠦳 muôn nghìn
𠦳斤撩𥾘𩯀 nghìn cân treo sợi tóc
[翻]"
𠦳,ngàn,⇔𠦳nghìn
吘,ngỏ,"吘意 ngỏ ý
書吘 thư ngỏ
𠬃吘 bỏ ngỏ"
𥄭,ngó,"𥄭𧡊 ngó thấy
𥄭𱎸 ngó nghiêng
𥄭𨀑 ngó ngoáy"
𡉦,ngõ,"𨷯𡉦 cửa ngõ
𢴗𡉦 dạm ngõ"
午,NGỌ,"𣇞午 giờ Ngọ
午𠰻 ngọ nguậy"
吳,NGÔ,"𣘃吳 cây ngô
𤊡吳 bỏng ngô
𣱆吳 họ Ngô
[翻]"
悞,ngô,"悞倪 ngô nghê
𤷙悞 ngây ngô"
梧,NGÔ,"梧桐 ngô đồng
魁梧 khôi ngô"
唔,ngộ,唔頸 ngộ nghĩnh
唔,ngồ,"唔唔 ngồ ngộ
⇔唔ngộ"
晤,NGỘ,會晤 hội ngộ
遇,NGỘ,"境遇 cảnh ngộ
待遇 đãi ngộ"
誤,NGỘ,誤認 ngộ nhận
𢠐,ngơ,"𢠐慬 ngơ ngẩn
𢠐愕 ngơ ngác"
𠽐,ngớ,𠽐慬 ngớ ngẩn
𠽐,dớ,"𠽐慬 dớ dẩn
⇔𠽐ngớ"
㘈,ngờ,"㘈掝 ngờ vực
不㘈 bất ngờ
疑㘈 nghi ngờ
[異]疑()"
㘈,ngợ,"㘈㘈 ngờ ngợ
⇔㘈ngờ"
𢫑,ngoái,𢆥𢫑 năm ngoái
𢫑,quái,"𢫑𦙶𥆾𢖖󠄁𨉞 quái cổ nhìn sau lưng
⇔𢫑ngoái"
外,NGOẠI,"婆外 bà ngoại
外交 ngoại giao
對外 đối ngoại"
外,ngoài,"邊外 bên ngoài
外𫥨 ngoài ra"
頑,NGOAN,"頑固 ngoan cố
頑強 ngoan cường"
𠺿,ngoan,"𠺿𠺿 ngoan ngoãn
𠺿道 ngoan đạo"
𠺿,ngoãn,𠺿𠺿 ngoan ngoãn
玩,NGOẠN,"玩目 ngoạn mục
古玩 cổ ngoạn
玩月 ngoạn nguyệt"
蚖,ngoằn,蚖蟯 ngoằn ngoèo
𣌴,ngoặt,𨀈𣌴 bước ngoặt
玉,NGỌC,"𡉕玉 hòn ngọc
珠玉 châu ngọc
玉蘭 ngọc lan
玉女 ngọc nữ
[翻]"
呆,ngốc,愚呆 ngu ngốc
僥,ngoéo,𭨦僥 ngoắt ngoéo
僥,nhau,"共僥 cùng nhau
恪僥 khác nhau
[異]饒𠑬"
蹺,ngoẹo,𣌴蹺 ngoặt ngoẹo
蹺,theo,"𠫾蹺 đi theo
蹺𨘗 theo đuổi"
𤀖,ngòi,瀧𤀖 sông ngòi
𣰏,ngòi,𣰏筆 ngòi bút
𡾵,ngôi,"𬨠𡾵 lên ngôi
𡾵茹 ngôi nhà
𡾵𣇟 ngôi sao
𥘶塘𡾵 rẽ đường ngôi"
𱖗,ngồi,"𱖗𬺗 ngồi xuống
𱖗踮 ngồi xổm
[異]𡎢𡎥𡎦"
𢯕,ngơi,儗𢯕 nghỉ ngơi
𤊢,ngời,𤏬𤊢 sáng ngời
𠿿,ngợi,"歌𠿿 ca ngợi
[翻]()"
泔,ngòm,"黰泔 đen ngòm
泔泔 ngòm ngòm"
𤯆,ngon,"𤯆咹 ngon ăn
[異]唁"
𢭫,ngón,𢭫𢬣 ngón tay
言,NGÔN,"寓言 ngụ ngôn
言語 ngôn ngữ
語言 ngữ ngôn
七言 thất ngôn
[翻]"
𢚼,ngợp,"𤶜𢚼 choáng ngợp
𢚼𡗶 ngợp trời"
𤮾,ngọt,"餅𤮾 bánh ngọt
𤮾𢳆 ngọt ngào"
𤮾,ngòn,"𤮾𤮾 ngòn ngọt
⇔𤮾ngọt"
𠮾,ngột,"𠮾唏 ngột hơi
𠮾𠿸 ngột ngạt"
愚,NGU,"愚民 ngu dân
愚蠢 ngu xuẩn
愚鈍 ngu độn"
𥄬,ngủ,"房𥄬 phòng ngủ
𢞂𥄬 buồn ngủ
𥄬𧻭 ngủ dậy"
五,NGŨ,"五果 ngũ quả
五官 ngũ quan
五穀 ngũ cốc
五角 ngũ giác
五音 ngũ âm
𨁟五 ngã ngũ"
五,kẹo,"五 kẹo
數點𥪝㗂㑝俚𤞼。Sốđếmtrongtiếnglóngláilợn."
五,ngầu,四五 xí-ngầu
伍,NGŨ,"軍伍 quân ngũ
入伍 nhập ngũ
行伍 hàng ngũ"
寓,NGỤ,"寓言 ngụ ngôn
寓意 ngụ ý
住寓 trú ngụ
[翻]"
漁,NGƯ,"漁翁 ngư ông
漁業 ngư nghiệp"
語,NGỮ,"言語 ngôn ngữ
外語 ngoại ngữ
語法 ngữ pháp
國語 quốc ngữ"
語,ngứ,𥔲語 ngắc ngứ
馭,NGỰ,駕馭 giá ngự
馭,ngựa,"𡥵馭 con ngựa
鞍馭 yên ngựa"
御,NGỰ,"御醫 ngự y
御駕 ngự giá
御苑 ngự uyển
御筆 ngự bút
[翻]"
禦,NGỰ,防禦 phòng ngự
禦,ngữ,按禦 án ngữ
禦,ngừa,"拫禦 ngăn ngừa
防禦 phòng ngừa
[異]𢳶"
𡂂,ngửa,"𱎸𡂂 nghiêng ngửa
[異]語𠑕"
獄,NGỤC,"獄𣋁 ngục tối
地獄 địa ngục
[翻]"
𦙏,ngực,"籠𦙏 lồng ngực
襖𦙏 áo ngực
[翻]"
𠿯,ngùi,"唅𠿯 ngậm ngùi
𠿯𠿯 ngùi ngùi"
危,NGUY,"危機 nguy cơ
危險 nguy hiểm"
巍,NGUY,巍峨 nguy nga
僞,NGUỴ,"僞裝 nguỵ trang
賊僞 giặc nguỵ
僞證 nguỵ chứng
僞造 nguỵ tạo
美僞 Mĩ nguỵ
僞辯 nguỵ biện"
元,NGUYÊN,"元素 nguyên tố
多元 đa nguyên
元音 nguyên âm
數元 số nguyên
元宵 nguyên tiêu
節元旦 tết nguyên đán
裊得使用如詞獨立、得𢪏𱺵「元（nguyên）」。譬喻：元主席渃（nguyênChủtịchnước）、英些元羅農民（Anhtanguyênlànôngdân）。Nếuđượcsửdụngnhưtừđộclập,đượcviếtlà""元(nguyên)"",vídụ:元主席渃(nguyênChủtịchnước),英些元羅農民(Anhtanguyênlànôngdân)."
原,NGUYÊN,"原則 nguyên tắc
高原 cao nguyên
西原 Tây Nguyên
原子 nguyên tử
原單 nguyên đơn
依原 y nguyên"
源,NGUYÊN,"根源 căn nguyên
同源 đồng nguyên
詞源 từ nguyên
來源 lai nguyên
財源 tài nguyên"
源,nguồn,"源㭲 nguồn gốc
檜源 cội nguồn"
阮,NGUYỄN,"茹阮 nhà Nguyễn
𣱆阮 họ Nguyễn"
願,NGUYỆN,"意願 ý nguyện
約願 ước nguyện
情願 tình nguyện
願望 nguyện vọng
甘願 cam nguyện"
願,nguyền,"願嚕 nguyền rủa
誓願 thề nguyền"
月,NGUYỆT,"彈月 đàn nguyệt
月報 nguyệt báo
月食 nguyệt thực
經月 kinh nguyệt"
㥥,ngùng,"懝㥥 ngại ngùng
[翻]"
凝,NGƯNG,"凝𠘃 ngưng đọng
凝滯 ngưng trệ
[翻]()"
凝,ngừng,"空凝 không ngừng
汲凝 ngập ngừng
[翻]"
虐,NGƯỢC,"虐待 ngược đãi
暴虐 bạo ngược"
𥇹,ngươi,𡥵𥇹 con ngươi
𤾰,ngươi,"各𤾰 các ngươi
()"
𠊛,người,"𠊛些 người ta
𠊛西 người tây
[異]𠊚"
仰,NGƯỠNG,"仰慕 ngưỡng mộ
仰𨷯籔 ngưỡng cửa sổ"
仰,gưỡng,𩠓仰 gật gưỡng
仰,ngẩng,"仰頭 ngẩng đầu
仰𬨠 ngẩng lên"
仰,ngửng,"仰𩈘 ngửng mặt
仰𦙶 ngửng cổ"
𢗾,ngượng,"𢗾㥥 ngượng ngùng
𢗾汲 ngượng ngập
𢗾憢 ngượng nghịu"
𢗾,ngường,"𢗾𢗾 ngường ngượng
⇔𢗾ngượng"
牙,NHA,"牙士 nha sĩ
牙疳 nha cam
[翻]"
衙,NHA,"衙門 nha môn
衙吏 nha lại"
鴉,NHA,鴉片 nha phiến
茹,nhà,"茹住 nhà trọ
𥪝茹 trong nhà
[異]茄"
若,NHÃ,"般若 Bát Nhã
辱若 nhục nhã"
若,NHƯỢC,若憑 nhược bằng
雅,NHÃ,"儒雅 nho nhã
雅興 nhã hứng
清雅 thanh nhã
雅樂nhã nhạc
莊雅 trang nhã
雅𠽗 nhã nhặn"
岳,NHẠC,"岳父 nhạc phụ
五岳 ngũ nhạc
[翻]"
𢩮,nhấc,"𢩮𬨠 nhấc lên
拮𢩮 cất nhấc
[翻]"
𢩮,nhắc,⇔𢩮nhấc
㖑,nhái,"行㖑 hàng nhái
㖑徠 nhái lại"
𧍊,nhái,螠𧍊 ếch nhái
𬦮,nhảy,"𬦮𢱖 nhảy múa
𢒎𬦮 bay nhảy"
𬦮,nhẩy,⇔𬦮nhảy
㖇,nhây,㖇𣼸 nhây nhớt
㖇,nhe,"㖇𤘓 nhe nanh
𠴍㖇 nhắn nhe
[翻]"
䚾,nhảm,"信䚾 tin nhảm
吶䚾 nói nhảm
䚾𡭺 nhảm nhí"
啱,nhàm,啱𢥇 nhàm chán
啱,nhớm,㦡啱 nhác nhớm
啱,nhoàm,"𠰃啱 nhồm nhoàm
⇔啱nhàm"
𠁪,nhằm,"𠁪倲 nhằm đúng
[異]𥄮"
任,NHẬM,"擔任 đảm nhậm
任職 nhậm chức
[翻]"
任,NHIỆM,"任務 nhiệm vụ
主任 chủ nhiệm
補任 bổ nhiệm
格讀𧵑「任nhậm」爲𠼤諱時𠸗。Cáchđọccủa""任nhậm""vìkiênghuýthờixưa."
顏,NHAN,"顏色 nhan sắc
紅顏薄命 hồng nhan bạc mệnh
顏顏 nhan nhản
[翻]"
顏,nhản,"顏顏 nhan nhản
[翻]"
閒,NHÀN,"安閒 an nhàn
閒暇 nhàn hạ
清閒 thanh nhàn
閒居 nhàn cư"
眼,NHÃN,"眼球 nhãn cầu
龍眼 long nhãn
眼力 nhãn lực
啞口啞眼 á khẩu á nhãn"
眼,nhỡn,⇔眼nhãn
絪,nhăn,"絪繻 nhăn nhó
絪𢬨 nhăn nhở
絪䁱 nhăn nheo
絪𢪭 nhăn nhúm"
絪,dăn,⇔絪nhăn
𠴍,nhắn,"𠴍㖇 nhắn nhe
𠴍啂 nhắn nhủ
信𠴍 tin nhắn"
㧢,nhằn,𤹘㧢 nhọc nhằn
人,NHÂN,"人員 nhân viên
夫人 phu nhân
人本 nhân bản"
人,nhơn,⇔人nhân
仁,NHÂN,"仁義 nhân nghĩa
杏仁 hạnh nhân
籺仁 hạt nhân
[翻]"
仁,nhơn,"歸仁 Quy Nhơn
⇔仁nhân[翻]"
因,NHÂN,"因果 nhân quả
因素 nhân tố
因本 nhân bản"
因,nhơn,⇔因nhân
扨,nhấn,扨柉彈 nhấn phím đàn
忍,NHẪN,"殘忍 tàn nhẫn
忍心 nhẫn tâm
忍耐 nhẫn nại
隱忍 ẩn nhẫn"
忍,giặn,𫅷忍 già giặn
忍,nhịn,"忍忍 nhẫn nhịn
忍𩟡 nhịn đói"
釰,nhẫn,"釰𡠣 nhẫn cưới
㧅釰 đeo nhẫn"
涊,nhận,"涊沈 nhận chìm
涊𬺗 nhận xuống
[異]忍"
涊,nhần,"涊涊 nhần nhận
⇔涊nhận"
認,NHẬN,"認𧡊 nhận thấy
公認 công nhận
認別 nhận biết
確認 xác nhận
認書 nhận thư"
仍,nhâng,仍𬇣 nhâng nháo
仍,những,"仍埃 những ai
仍條 những điều"
𮞊,nhanh,"𮞊遃 nhanh nhẹn
精𮞊 tinh nhanh
𧼋𮞊 chạy nhanh
𮞊𫏢 nhanh chóng
𮞊𮛢 nhanh nhạy
𮞊智 nhanh trí"
蘔,nhánh,"支蘔 chi nhánh
莄蘔 cành nhánh
蘔蘔 nhanh nhánh"
蘔,nhanh,"蘔蘔 nhanh nhánh
⇔蘔nhánh"
入,NHẬP,"加入 gia nhập
入口 nhập khẩu
入𣋆 nhập nhoạng
入嚷 nhập nhằng
[翻]"
入,nhạp,"雜入 tạp nhạp
[翻]"
㦉,nhát,"𢝀㦉 nhút nhát
𢤞㦉 hèn nhát
𣼸㦉 nhớt nhát"
溂,nhạt,"𥊚溂 mờ nhạt
溂𥉹 nhạt nhoà"
溂,nhàn,"溂溂 nhàn nhạt
⇔溂nhạt"
𪰇,nhặt,𡮈𪰇 nhỏ nhặt
一,NHẤT,"次一 thứ nhất
統一 thống nhất
第一 đệ nhất
一定 nhất định"
一,NHỨT,⇔一nhất
一,chách,"一 chách
數點𥪝㗂㑝俚𤞼。Sốđếmtrongtiếnglóngláilợn."
日,NHẬT,"日記 nhật kí
及日 cập nhật
隔日 cách nhật
主日 Chủ nhật
日本 Nhật Bản
[翻]"
日,nhựt,⇔日nhật[翻]
膮,nhau,"𫈃膮 cuống nhau
墫膮割𦠆 chôn nhau cắt rốn"
膮,rau,⇔膮nhau
𠻼,nhậu,"咹𠻼 ăn nhậu
𠻼𪷴 nhậu nhẹt
[翻]"
𠰚,nhẻ,𠰚焳 nhẻ nhói
𠰚,nhỉ,𢡠咍𡗋𠰚？ Chắc hay lắm nhỉ?
唲,nhé,"𧗱唲！ về nhé!
𢪏𮞊𠬠子唲！ viết nhanh một tí nhé!
[異]𠰚"
唲,nha,⇔唲nhé
珥,nhẹ,"珥瓖 nhẹ nhàng
金類珥 kim loại nhẹ"
珥,nhè,"珥珥 nhè nhẹ
⇔珥nhẹ"
遃,nhẹn,"𮞊遃 nhanh nhẹn
[翻]"
陧,nhét,"陧𠓨 nhét vào
抐陧 nhồi nhét"
兒,NHI,"兒科 nhi khoa
兒童 nhi đồng
孤兒 cô nhi
胎兒 thai nhi
[翻]"
𡭺,nhí,𠏆𡭺 bồ nhí
𡭺,nhi,"𡭺𡭺 nhi nhí
⇔𡭺nhí"
耳,NHĨ,"木耳 mộc nhĩ
𩓜耳 màng nhĩ
土耳其 Thổ Nhĩ Kì"
二,NHỊ,"第二 đệ nhị
二元 nhị nguyên
系二分 hệ nhị phân"
二,lái,"二 lái
數點𥪝㗂㑝俚𤞼。Sốđếmtrongtiếnglóngláilợn."
二,nhì,次二 thứ nhì
二,nái,"二 nái
⇔二lái"
蕊,NHỊ,"蕊花 nhị hoa
蕊𡣨 nhị cái"
蕊,nhuỵ,蕊花 nhuỵ hoa
蹢,nhích,"𨃽蹢 nhúc nhích
[翻]"
染,NHIỄM,"傳染 truyền nhiễm
染病 nhiễm bệnh
污染 ô nhiễm"
染,nhuộm,"染襖 nhuộm áo
廠染 xưởng nhuộm"
冉,nhiệm,"侔冉 mầu nhiệm
冉𪰇 nhiệm nhặt"
然,NHIÊN,"自然 tự nhiên
雖然 tuy nhiên"
燃,NHIÊN,燃料 nhiên liệu
燃,nhen,"燃焒 nhen lửa
𡮈燃 nhỏ nhen
䋦情㵋燃 mối tình mới nhen"
攝,NHIẾP,"攝政 nhiếp chính
攝影 nhiếp ảnh"
攝,xếp,"攝𠓨 xếp vào
𢯛攝 sắp xếp
[翻]"
熱,NHIỆT,"熱帶 nhiệt đới
傳熱 truyền nhiệt
熱量 nhiệt lượng
鬧熱 náo nhiệt
熱血 nhiệt huyết"
熱,nhịt,嚷熱 nhằng nhịt
饒,NHIÊU,"包饒 bao nhiêu
翁饒 ông nhiêu
老饒 lão nhiêu
饒𤌳 nhiêu khê
肥饒 phì nhiêu"
饒,nhâu,饒饒 nhâu nhâu
𡗉,nhiều,"𠃣𡗉 ít nhiều
窒𡗉 rất nhiều"
擾,NHIỄU,"撌擾 quấy nhiễu
擾亂 nhiễu loạn"
𤢾,nhím,"𡥵𤢾 con nhím
[翻]"
𤢾,rím,⇔𤢾nhím
𥆾,nhìn,"𥆾𧡊 nhìn thấy
眜𥆾 mắt nhìn
[翻]"
喋,nhịp,"𠾽喋 nhộn nhịp
[翻]"
喋,rịp,"𠾽喋 rộn rịp
⇔喋nhịp"
楪,nhịp,"扒楪 bắt nhịp
楪瓖 nhịp nhàng
楪心 nhịp tim"
儒,NHO,"茹儒 nhà nho
儒學 nho học
儒家 nho gia
儒教 nho giáo
儒生 nho sinh
儒雅 nho nhã
[翻]"
𡮈,nhỏ,"𡮣𡮈 bé nhỏ
𡮈𠴍 nhỏ nhắn"
𡮈,nho,"𡮈𡮈 nho nhỏ
⇔𡮈nhỏ"
㳶,nhỏ,"㳶𠓨 nhỏ vào
渃㳶湥 nước nhỏ giọt"
繻,nhó,絪繻 nhăn nhó
繻,deo,⇔繻nhó
渘,nhọ,"𫽗渘 bôi nhọ
渘𩈘 nhọ mặt"
壖,nhô,"壖𬨠 nhô lên
扖壖 nhấp nhô"
𢮫,nhổ,"𢮫𨃝 nhổ giò
𢮫𥢂 nhổ mạ
誹𢮫 phỉ nhổ
[異]𢯚"
洳,nhơ,"洳𣵲 nhơ bẩn
洳溽 nhơ nhuốc
洳名 nhơ danh
𣼹洳 nhởn nhơ
[翻]"
洳,dơ,"洳𣵲 dơ bẩn
⇔洳nhơ"
𢬨,nhở,𠯅𢬨 nhắc nhở
𢖵,nhớ,"𥱬𢖵 ghi nhớ
𢖵茹 nhớ nhà
怞怞傷𢖵 dàu dàu thương nhớ"
𢖵,nhơ,"𢖵𢖵 nhơ nhớ
⇔𢖵nhớ"
𤹘,nhọc,𠸋𤹘 khó nhọc
𡃽,nhoi,"𡮈𡃽 nhỏ nhoi
𡃽𬨠 nhoi lên
[翻]"
抐,nhồi,"抐陧 nhồi nhét
抐𧖱 nhồi máu
抐勃 nhồi bột"
𤇲,nhóm,"𤇲焒 nhóm lửa
𤇲爐 nhóm lò"
𤇲,nhúm,⇔𤇲nhóm
𡖡,nhóm,"𡖡𧖱 nhóm máu
𡖡合 nhóm họp"
恁,nhõm,"珥恁 nhẹ nhõm
[翻]"
𠾽,nhon,"𠾽燃 nhon nhen
[翻]"
𠾽,nhộn,"𠾽喋 nhộn nhịp
[翻]"
𠾽,rộn,"𠾽喋 rộn rịp
⇔𠾽nhộn"
𨮐,nhọn,"𨮐𨨅 nhọn hoắt
銫𨮐 sắc nhọn
𪖫𨮐 mũi nhọn"
踤,nhót,"踤徠 nhót lại
𬦮踤 nhảy nhót"
𡇻,nhốt,"𡇻徠 nhốt lại
𡇻𠓨籠 nhốt vào lồng
[翻]"
濼,nhợt,"䏧濼 da nhợt
濼溂 nhợt nhạt
濼濼 nhờn nhợt"
濼,lợt,⇔濼nhợt
濼,nhờn,"濼濼 nhờn nhợt
⇔濼nhợt"
柔,NHU,"溫柔 ôn nhu
柔媚 nhu mì
柔道 nhu đạo
[翻]"
懦,NHU,懦弱 nhu nhược
啂,nhủ,勸啂 khuyên nhủ
如,NHƯ,"形如 hình như
如意 như ý"
𣺾,nhựa,"𣺾膏蒭 nhựa cao-su
𣺾𣘃 nhựa cây
𣺾塘 nhựa đường"
𣺾,nhừa,"𣺾𣺾 nhừa nhựa
⇔𣺾nhựa"
潤,NHUẬN,"利潤 lợi nhuận
潤色 nhuận sắc
潤澤 nhuận trạch"
潤,nhuần,"沁潤 thấm nhuần
𣹗潤 trơn nhuần"
𨃽,nhúc,"𨃽𨃽 nhung nhúc
𨃽蹢 nhúc nhích"
𨃽,nhung,"𨃽𨃽 nhung nhúc
⇔𨃽nhúc"
肉,NHỤC,"肉體 nhục thể
肉桂 nhục quế
骨肉 cốt nhục
肉欲 nhục dục
[翻]"
辱,NHỤC,"凌辱 lăng nhục
辱罵 nhục mạ
辱若 nhục nhã"
𤴵,nhức,"𤴬𤴵 đau nhức
𤴵𤻫 nhức nhối"
𤴵,nhưng,"𤴵𤴵 nhưng nhức
⇔𤴵nhức"
軟,NHUYỄN,"𢴘軟 xay nhuyễn
𬚸軟 thịt nhuyễn
潤軟 nhuần nhuyễn
軟體 nhuyễn thể
柔軟 nhu nhuyễn
細軟 tế nhuyễn"
軟,nhũn,繌軟 mềm nhũn
軟,nhùn,"軟軟 nhũn nhùn
⇔軟nhũn"
䠣,nhún,"䠣𦠘 nhún vai
[翻]"
絨,NHUNG,"襖絨 áo nhung
絨𣯡𩿠 nhung lông vịt"
冗,NHŨNG,"冗𠯹 nhũng nhẵng
冗擾 nhũng nhiễu
官貪吏冗 quan tham lại nhũng"
冗,nhõng,冗繞 nhõng nhẽo
扔,nhưng,"扔𦓡 nhưng mà
[翻][異]仍"
扔,dưng,⇔扔nhưng
弱,NHƯỢC,"弱小 nhược tiểu
薄弱 bạc nhược
衰弱 suy nhược
懦弱 nhu nhược"
壤,NHƯỠNG,土壤 thổ nhưỡng
讓,NHƯỢNG,"讓步 nhượng bộ
謙讓 khiêm nhượng
仁讓 nhân nhượng"
讓,nhường,"謙讓 khiêm nhường
讓塘 nhường đường"
𡀴,o,"𡀴嬖 o bế
𪃿𠰁𡀴𡀴 gà gáy o o"
污,Ô,"污染 ô nhiễm
污穢 ô uế"
烏,Ô,"馭烏 ngựa ô
烏龜 ô quy
烏龍 ô long
烏藥 ô dược
烏頭 ô đầu
金烏 kim ô
[翻]"
隖,ô,"隖捁 ô kéo
外隖 ngoại ô
紙𢩫隖 giấy kẻ ô"
嗚,Ô,嗚呼 ô hô
嗚,ò,"嗚㥋 ò e
嗚㹥固𧚟紷 ò chó có váy lĩnh"
𢄓,ô,"丐𢄓 cái ô
𢄓𢂎 ô dù"
塢,ổ,"塢㹥 ổ chó
塢匪 ổ phỉ"
溩,ồ,"溩𣿌 ồ ạt
溩 ồ"
於,ở,"於兜 ở đâu
於𨑗 ở trên
𠀲於 đứa ở"
𠶔,ờ,"唹𠰚 ờ nhỉ
嚈唹 ỡm ờ"
𠶔,ư,英尋碎固役唹？ Anh tìm tôi có việc ư?
𠶔,oai,叫𠶔𠶔 kêu oai oái
𠶔,oái,"𠶔噾 oái oăm
叫𠶔𠶔 kêu oai oái"
冤,OAN,"冤家 oan gia
冤孽 oan nghiệt
冤屈 oan khuất
冤情 oan tình
含冤 hàm oan"
怨,OÁN,"讎怨 thù oán
哀怨 ai oán
怨𢚷 oán giận
怨讎 oán thù
報怨 báo oán
恩怨 ân oán"
轟,OANH,"轟烈 oanh liệt
轟炸 oanh tạc"
轟,oàng,"轟轟 oàng oàng
𪝼轟 ình oàng"
鶯,OANH,"夜鶯 dạ oanh
黃鶯 hoàng oanh
燕鶯 yến oanh
()"
鶯,anh,鐄鶯 vàng anh
腛,óc,"頭腛 đầu óc
腛髓 óc tuỷ
腛諧謔 óc hài hước"
屋,ỐC,房屋 phòng ốc
𧎜,ốc,𧎜﨡 ốc sên
𪡶,oen,"𪡶呧 Oen-đi
𡨸尼主要得使用抵翻音。䀡附錄。Chữnàychủyếuđượcsửdụngđểphiênâm.XemPhụlục.[翻]"
䇼,oép,"張䇼 trang oép
𡨸尼主要得使用抵翻音。䀡附錄。Chữnàychủyếuđượcsửdụngđểphiênâm.XemPhụlục.[翻]"
喂,ôi,喂催 ôi thôi
喂,úi,喂嗏 ối chà
喂,ối,⇔喂úi
㗒,ơi,"㕭㗒 eo ơi
㛪㗒！ em ơi!
[翻]"
㗒,ời,"㗒㗒 ời ời
[翻]"
揞,ôm,"揞𬪁 ôm ấp
揞志𡘯 ôm chí lớn
揞計 ôm kế"
瘖,ốm,"瘖𪽳 ốm yếu
瘖𤷳 ốm nhom"
溫,ÔN,"溫和 ôn hoà
溫柔 ôn nhu
[翻]"
瘟,ÔN,瘟疫 ôn dịch
穩,ỔN,"安穩 yên ổn
穩定 ổn định
()"
嗢,ồn,"嗢泑 ồn ào
嗢啊 ồn ã
[異]𡀦"
螉,ong,"螉主 ong chúa
螉𧊉 ong bướm
[異]蜂"
翁,ÔNG,"翁婆 ông bà
翁師 ông sư"
䈵,ống,"䈵𥫭 ống nứa
䈵𨨧 ống thép
䈵蹎 ống chân
[翻]"
𤸎,ớt,𪽳𤸎 yếu ớt
玻,PHA,"玻璃 pha lê
畑玻 đèn pha
[翻]"
𢯠,pha,"𢯠製 pha chế
𢯠咖啡 pha cà phê"
譜,PHẢ,"家譜 gia phả
譜系 phả hệ"
譜,PHỔ,光譜 quang phổ
破,PHÁ,"破散 phá tan
破墻 phá tường
破紀錄 phá kỉ lục
破案 phá án
破壞 phá hoại
句破 câu phá"
破,phứa,破破 phứa phựa
破,phựa,破破 phứa phựa
樸,PHÁC,"樸草 phác thảo
質樸 chất phác
樸畫 phác hoạ
[翻]"
擘,PHÁCH,巨擘 cự phách
派,PHÁI,"派派 phe phái
幫派 bang phái
黨派 đảng phái
氣派 khí phái
派𠊛 phái người
[翻]"
派,phe,"派派 phe phái
𢺹派 chia phe
派㧊 phe phẩy"
凡,PHÀM,"凡夫 phàm phu
凡𱺵 phàm là
凡咹 phàm ăn"
犯,PHẠM,"犯律 phạm luật
犯纇 phạm lỗi"
范,PHẠM,"𣱆范 họ Phạm
[翻]"
范,phồm,"范凡 phồm phàm
[翻]"
範,PHẠM,"模範 mô phạm
範圍 phạm vi
規範 quy phạm"
品,PHẨM,"品質 phẩm chất
產品 sản phẩm
食品 thực phẩm
作品 tác phẩm
[翻]"
品,phẩm,"品𦭷 phẩm màu
[翻]"
潘,PHAN,"潘切 Phan Thiết
潘郎 Phan Rang
𣱆潘 họ Phan
[翻]"
反,PHẢN,"𫜵反 làm phản
反應 phản ứng
反光 phản quang
反對 phản đối
反戰 phản chiến
相反 tương phản"
反,PHIÊN,反切 phiên thiết
返,PHẢN,返回 phản hồi
判,PHÁN,"判案 phán án
判決 phán quyết
宣判 tuyên phán
批判 phê phán
判事 phán sự"
判,phán,𤤰判𠳨各官 vua phán hỏi các quan
泮,PHÁN,蜀泮 Thục Phán
泮,bận,"泮𡀷 bận rộn
泮褓 bận bịu
每𣈜𠄩泮 mỗi ngày hai bận"
分,PHÂN,"分𢺹 phân chia
分類 phân loại
分數 phân số
𠬠指平 10分 một chỉ bằng 10 phân"
分,PHẬN,"數分 số phận
本分 bổnphận
安分 anphận
部分 bộ phận
分𨉟 phận mình"
紛,PHÂN,"紛爭 phân tranh
紛紜 phân vân
[翻]"
粉,PHẨN,㹥咹糞 chó ăn phẩn
粉,phân,"𫪐糞 cục phân
𢫆糞 bón phân"
粉,PHẤN,"粉花 phấn hoa
授粉 thụ phấn
粉蠟 phấn sáp"
奮,PHẤN,"奮激 phấn khích
奮起 phấn khởi
奮鬥 phấn đấu
興奮 hưng phấn"
奮,phạn,費奮 phí phạn
份,PHẦN,"份繌 phần mềm
份𤾓 phần trăm
𠀧份四 ba phần tư
成份 thành phần
股份 cổ phần
份子 phần tử"
芬,phần,"芬蘭 Phần Lan
音讀班頭𱺵「phân」。Âmđọcbanđầulà""phân""."
墳,PHẦN,墳墓 phần mộ
憤,PHẪN,"憤怒 phẫn nộ
憤鬱 phẫn uất
公憤 công phẫn"
搒,phàng,𢰺搒 phũ phàng
塝,phẳng,滻塝 san phẳng
抨,phanh,"抨屍 phanh thây
抨𫥨 phanh ra
抨襖 phanh áo
風抨 phong phanh"
𠴋,phào,"尋𠴋 tầm phào
[翻]"
法,PHÁP,"憲法 hiến pháp
法律 pháp luật
㗂法 tiếng pháp
[翻]"
法,phép,"朱法 cho phép
儗法 nghỉ phép
禮法 lễ phép"
發,PHÁT,"發展 phát triển
發財 phát tài
發言 phát ngôn
分發 phân phát
[翻]"
伐,PHẠT,"征伐 chinh phạt
伐𣘃樻 phạt cây cối"
弗,PHẤT,"舍利弗 Xá Lợi Phất
[翻]"
拂,PHẤT,"拂披 phất phơ
拂旗 phất cờ"
拂,PHẬT,"拂意 phật ý
拂拂 phần phật"
拂,phất,"𩄎㗚拂 mưa lất phất
𣘃拂揄 cây phất dũ"
拂,phần,"拂拂 phần phật
⇔拂phật"
彿,PHẤT,彷彿 phảng phất
彿,phốt,"彿哺 phốt-pho
𡨸尼主要得使用抵翻音。䀡附錄。Chữnàychủyếuđượcsửdụngđểphiênâm.XemPhụlục.[翻]"
佛,PHẬT,"德佛 đức Phật
佛教 Phật giáo
佛祖 Phật tổ
𡗶佛 trời Phật
佛堂 Phật đường"
剖,PHẪU,"剖術 phẫu thuật
解剖 giải phẫu
[翻]"
批,PHÊ,"批評 phê bình
批准 phê chuẩn
批判 phê phán"
批,phây,批批 phây phây
批,phi,橫批 hoành phi
廢,PHẾ,廢汰 phế thải
妃,PHI,"王妃 vương phi
宮妃 cung phi"
非,PHI,"非常 phi thường
非法 phi pháp
非凡 phi phàm
洲非 châu phi
𩵜𩵾非 cá trê phi"
飛,PHI,"飛工 phi công
飛鏢 phi tiêu
飛馭 phi ngựa
飛機 phi cơ"
菲,PHI,"芳菲 phương phi
[翻]"
菲,PHỈ,"菲葑 phỉ phong
[翻]"
𤊬,phi,𤊬荇 phi hành
費,PHÍ,"支費 chi phí
免費 miễn phí
消費 tiêu phí
費飭 phí sức
𢱚費 phung phí"
淝,phì,淝淝 phì phì
𱘃,phía,"四𱘃 tứ phía
𱘃𠓀 phía trước
𱘃北 phía bắc
[異]費𠌨"
番,PHIÊN,"𢄂番 chợ phiên
番號 phiên hiệu
番循 phiên tuần
番更 phiên canh
番座 phiên toà
番邦 phiên bang"
番,phen,"夫番 phu phen
番尼 phen này
[翻]"
番,phiến,番番 phiên phiến
藩,PHIÊN,"藩屬 phiên thuộc
藩國 phiên quốc
藩鎮 phiên trấn"
片,PHIẾN,"阿片 a phiến
鴉片 nha phiến
片𥒥 phiến đá"
片,phiện,𫇿片 thuốc phiện
煽,PHIẾN,煽亂 phiến loạn
煩,PHIỀN,"𫜵煩 làm phiền
煩悶 phiền muộn
煩複 phiền phức
煩碎 phiền toái"
閥,PHIỆT,"財閥 tài phiệt
軍閥 quân phiệt"
漂,PHIÊU,漂流 phiêu lưu
漂,PHIẾU,漂𡲫朱𤽸 phiếu vải cho trắng
漂,phều,漂𠴋 phều phào
票,PHIẾU,"股票 cổ phiếu
支票 chi phiếu
𣑷票 tem phiếu"
𣆅,phim,"𣆅影 phim ảnh
[翻]"
柉,phím,"柉彈 phím đàn
盤柉 bàn phím"
哺,pho,"𠵨哺哺 ngáy pho pho
[翻]"
哺,phò,"𠋥倲𱺵僶哺！ Mày đúng là thằng phò!
淝哺 phì phò
[翻]"
付,PHÓ,"付託 phó thác
應付 ứng phó
付回 phó hồi"
訃,PHÓ,告訃 cáo phó
副,PHÓ,"副詞 phó từ
副主席 phó chủ tịch
隊副 đội phó"
傅,PHÓ,"師傅 sư phó
傅木 phó mộc"
鋪,PHÔ,"鋪張 phô trương
鋪演 phô diễn"
鋪,PHỐ,𧷸𫇿北於鋪𱜢？ Mua thuốc bắc ở phố nào?
鋪,pho,"鋪冊 pho sách
鋪像 pho tượng"
普,PHỔ,"普通 phổ thông
普遍 phổ biến"
庯,phố,"城庯 thành phố
塘庯 đường phố
庯舍 phố xá"
呸,phôi,"𢺹呸 chia phôi
呸𢯠 phôi pha"
胚,PHÔI,胚胎 phôi thai
配,PHỐI,"分配 phân phối
配偶 phối ngẫu
調配 điều phối
配合 phối hợp
[翻]"
𤇨,phơi,"𤇨排 phơi bày
𤇨䏾 phơi bụng
𤇨枯 phơi khô
[翻]"
繁,PHỒN,繁華 phồn hoa
封,PHONG,"敕封 sắc phong
封書 phong thư
封皮 phong bì"
風,PHONG,"病風 bệnh phong
風濕 phong thấp
風俗 phong tục
風塵 phong trần
風格 phongcách
風采 phong thái
[翻]"
風,phông,"風𡨸 phông chữ
[翻]"
倣,PHỎNG,"模倣 mô phỏng
倣斷 phỏng đoán
倣如 phỏng như
倣澄 phỏng chừng"
倣,phóng,"倣作 phóng tác
𦘧倣幅幀 vẽ phóng bức tranh"
倣,phổng,倣𣿖 phổng phao
訪,PHỎNG,訪問 phỏng vấn
訪,PHÓNG,"訪事 phóng sự
訪員 phóng viên"
放,PHÓNG,"解放 giải phóng
放射 phóng xạ
放𨦭 phóng lao
放大 phóng đại
放影 phóng ảnh
放火 phóng hoả"
防,PHÒNG,"國防 quốc phòng
防疫 phòng dịch
防禦 phòng ngừa"
房,PHÒNG,"文房 văn phòng
房閨 phòng khuê
硨房 xà-phòng"
𤂧,phồng,"𤂧𬨠 phồng lên
䏧𤂧㷝 da phồng rộp"
𤂧,phùng,"𤂧𦛿 phùng mang
襊𤂧𫥨 túi phùng ra
⇔𤂧phồng"
夫,PHU,"夫人 phu nhân
婚夫 hôn phu
功夫 công phu
大夫 đại phu
夫婦 phu phụ
夫番 phu phen"
夫,xu,餅夫妻 bánh xu xê
斧,PHỦ,刀斧 đao phủ
斧,búa,"斧𠠙 búa rìu
𫘲斧 hóc búa
𨑗砥𨑜斧 trên đe dưới búa"
府,PHỦ,"政府 chính phủ
府主 phủ chúa"
俯,PHỦ,俯伏 phủ phục
腑,PHỦ,臟腑 tạng phủ
撫,PHỦ,"撫誘 phủ dụ
安撫 an phủ"
撫,phủ,"包撫 bao phủ
𩂏撫 che phủ"
富,PHÚ,"富商 phú thương
富國 phú quốc
富戶 phú hộ
富豪 phú hào
富貴 phú quý
[翻]"
賦,PHÚ,"賦稟 phú bẩm
天賦 thiên phú
詩賦 thi (thơ) phú
𡗶賦朱… trời phú cho..."
扶,PHÙ,"扶持 phù trì
扶養 phù dưỡng
扶助 phù trợ"
扶,phò,"扶佐 phò tá
扶𤤰 phò vua"
芙,PHÙ,芙蓉 phù dung
浮,PHÙ,"浮沙 phù sa
生物浮游 sinh vật phù du
𠊛被浮 người bị phù"
符,PHÙ,"符咒 phù chú
符水 phù thuỷ
符合 phù hợp"
符,bùa,"符法 bùa phép
掩符 yểm bùa"
蜉,PHÙ,部蜉蝣 bộ Phù du
𢰺,phũ,𢰺搒 phũ phàng
父,PHỤ,"父母 phụ mẫu
父兄 phụ huynh"
附,PHỤ,"附近 phụ cận
附屬 phụ thuộc
藝附 nghề phụ"
婦,PHỤ,"婦女 phụ nữ
婦科 phụ khoa
寡婦 quả phụ"
輔,PHỤ,"輔音 phụ âm
輔𢴇 phụ giúp
輔導 phụ đạo"
腹,PHÚC,心腹 tâm phúc
福,PHÚC,"幸福 hạnh phúc
享福 hưởng phúc
祝福 chúc phúc
福利 phúc lợi
福德 phúc đức
[翻]"
福,PHƯỚC,"平福 Bình Phước
格讀𧵑「福phúc」爲𠼤諱時𠸗。Cáchđọccủa""福phúc""vìkiênghuýthờixưa."
覆,PHÚC,"覆審 phúc thẩm
覆案 phúc án"
伏,PHỤC,"俯伏 phủ phục
埋伏 mai phục"
服,PHỤC,"克服 khắc phục
征服 chinh phục
服從 phục tùng
服務 phục vụ
心服 tâm phục
信服 tin phục"
服,phục,服𦢟 phục phịch
復,PHỤC,"復讎 phục thù
復生 phục sinh
復興 phục hưng
復回 phục hồi
復職 phục chức"
馥,PHỨC,"馥馥 phưng phức
𦹳馥 thơm phức
[翻]"
馥,phưng,"馥馥 phưng phức
⇔馥phức"
抷,phui,"抨抷 phanh phui
[翻]"
奉,PHỤNG,"奉令 phụng lệnh
奉命 phụng mệnh
奉旨 phụng chỉ
供奉 cung phụng
[翻]"
菶,phụng,豆菶 đậu phụng
菶,phộng,⇔菶phụng
鳳,PHỤNG,"鳳凰 phụng hoàng
龍鳳 long phụng"
鳳,PHƯỢNG,"丹鳳 đan phượng
鳳凰 phượng hoàng"
方,PHƯƠNG,"𦊚方 bốn phương
方便 phương tiện
方南 phương nam
方法 phương pháp"
芳,PHƯƠNG,"芳草 phương thảo
芳菲 phương phi"
妨,PHƯƠNG,妨害 phương hại
坊,PHƯỜNG,"坊會 phường hội
坊㗰 phường tuồng
坊玉慶 Phường Ngọc Khánh"
丿,phút,"𣇞丿 giờ phút
丿𡎺 phút chốc
[翻]"
戈,QUA,"干戈 can qua
[翻]"
戈,qua,"戈㐌吶貝部、扔部拯𦖑 Qua đã nói với bậu, nhưng bậu chẳng nghe
[翻]"
瓜,QUA,苦瓜 khổ qua
過,QUA,"𠫾過 đi qua
越過 vượt qua
過瀧 qua sông
過𠼱 qua loa
𣋚過 hôm qua
經過 kinh qua"
過,QUÁ,"過𡗋 quá lắm
過賒 quá xa
過程 quá trình
不過 bất quá
過去 quá khứ
過渡 quá độ"
果,QUẢ,"結果 kết quả
果報 quả báo
後果 hậu quả"
寡,QUẢ,"寡婦 quả phụ
寡人 quả nhân"
寡,goá,寡婦 goá phụ
𩸄,quả,𩵜𩸄 cá quả
𩛃,quà,"𩛃餅 quà bánh
咹𩛃 ăn quà
𩛃哈 quà cáp"
啒,quặc,"奇啒 kì quặc
[翻]"
怪,QUÁI,"妖怪 yêu quái
奇怪 kì quái
怪物 quái vật
怪獸 quái thú
怪胎 quái thai
怪𪡽󠄁 quái gở"
啩,quại,"𠹴啩 quằn quại
注些𢶻𢬣𬨠定啩碎 chú ta vung tay lên định quại tôi"
𢮿,quay,"𢮿車 quay xe
𪃿𢮿 gà quay
𤥑悠𢮿 vòng đu quay"
撌,quấy,"撌破 quấy phá
撌𦇒 quấy rối
撌過 quấy quá"
官,QUAN,"官職 quan chức
官吏 quan lại"
冠,QUAN,"衣冠 y quan
[翻]"
冠,QUÁN,"冠詞 quán từ
冠軍 quán quân
[翻]"
貫,QUAN,貫錢 quan tiền
貫,QUÁN,"一貫 nhất quán
貫徹 quán triệt
貫串 quán xuyến
圭貫 quê quán"
棺,QUAN,"棺材 quan tài
襖棺 áo quan"
關,QUAN,"關隘 quan ải
關重 quan trọng"
關,loan,關報 loan báo
觀,QUAN,"觀念 quan niệm
觀察 quan sát"
觀,QUÁN,道觀 đạo quán
管,QUẢN,"管筆 quản bút
保管 bảo quản
管理 quản lí
肺管 phế quản
該管 cai quản
拯管𠸋𤹘 chẳng quản khó nhọc"
慣,QUÁN,"慣性 quán tính
習慣 tập quán"
慣,quen,"慣熟 quen thuộc
慣別 quen biết
慣僥 quen nhau
𢟔慣 thói quen
[翻][異]悁"
館,QUÁN,"館行 quán hàng
館咹 quán ăn
旅館 lữ quán
主館 chủ quán
大使館 đại sứ quán"
𠹴,quằn,"𠹴啩 quằn quại
𠹴𢳙 quằn quẹo
𦧜刀被𠹴 lưỡi dao bị quằn"
均,QUÂN,均平 quân bình
君,QUÂN,"君主 quân chủ
君子 quân tử
[翻]"
軍,QUÂN,"軍隊 quân đội
陸軍 lục quân
軍𪜯 quân lính"
𨆤,quẩn,𨒺𨆤 quanh quẩn
𦄄,quấn,"𦄄絏 quấn dây
𦄄𢵮 quấn quýt"
勌,quần,"勌討 quần thảo
勌𦅲 quần vợt"
裙,QUẦN,"裙襖 quần áo
裙䘹 quần lót"
郡,QUẬN,"郡橋紙 quận Cầu Giấy
郡公 quận công"
光,QUANG,"光合 quang hợp
光學 quang học
光明 quang minh
反光 phản quang
光蕩 quang đãng
[翻]"
桄,quang,桄挭 quang gánh
胱,QUANG,膀胱 bàng quang
廣,QUẢNG,"廣告 quảng cáo
廣場 quảng trường
廣大 quảng đại"
𥆄,quáng,"𥆄眜 quáng mắt
𥆄𪃿 quáng gà
𥆄畑 quáng đèn"
壙,quãng,"隔壙 cách quãng
䋎壙 đứt quãng
𢪰壙 ngắt quãng
壙𠔭 quãng tám"
𨒺,quanh,"𨒺𢮩 quanh co
𨗺𨒺 loanh quanh
終𨒺 chung quanh
圍𨒺 vây quanh"
括,QUÁT,"概括 khái quát
總括 tổng quát
[翻]"
聒,quát,"聒𢳥 quát tháo
聒𠻵 quát mắng"
橘,QUẤT,"果橘 quả quất
越橘 việt quất
[翻]"
橘,tắc,"果橘 quả tắc
⇔橘quất"
倔,QUẬT,倔強 quật cường
𠡰,quật,"𠡰𨁟 quật ngã
𠡰𠡰 quần quật"
𠡰,quần,"𠡰𠡰 quần quật
⇔𠡰quật"
掘,QUẬT,開掘 khai quật
崛,QUẬT,崛起 quật khởi
圭,quê,"圭鄉 quê hương
圭𬁒 quê mùa
[翻]"
桂,QUẾ,"𣘃桂 cây quế
月桂 nguyệt quế
肉桂 nhục quế"
蹶,quệ,"竭蹶 kiệt quệ
蹶飭 quệ sức"
悁,quên,"悁𠅒 quên mất
悁恩 quên ơn
悁𢥉 quên lãng
[異]涓"
𢭯,quét,"𢭯𰔫 quét dọn
㨴𢭯 càn quét
[翻]"
皈,QUY,皈依 quy y
規,QUY,"規則 quy tắc
規模 quy mô
規定 quy định
規律 quy luật
規矩 quy củ"
歸,QUY,"歸屬 quy thuộc
于歸 vu quy
終歸 chung quy
歸納 quy nạp
當歸 đương quy
榮歸 vinh quy"
鬼,QUỶ,"惡鬼 ác quỷ
魔鬼 ma quỷ
鬼使 quỷ sứ"
鬼,quẩy,油炸鬼 dầu cháo quẩy
季,QUÝ,"四季 tứ quý
春季 xuân quý
銀冊𧵑𠬠季 ngân sách của một quý
[翻]"
貴,QUÝ,"貴價 quý giá
貴寶 quý báu
㤇貴 yêu quý
富貴 phú quý
尊貴 tôn quý"
軌,QUỸ,軌道 quỹ đạo
櫃,QUỸ,"銀櫃 ngân quỹ
守櫃 thủ quỹ
櫃節儉 quỹ tiết kiệm"
捐,QUYÊN,"捐生 quyên sinh
樂捐 lạc quyên"
鵑,QUYÊN,杜鵑 đỗ quyên
卷,QUYỂN,卷冊 quyển sách
眷,QUYẾN,"家眷 gia quyến
眷揄 quyến rũ"
拳,QUYỀN,"打拳 đánh quyền
太極拳 thái cực quyền"
權,QUYỀN,"權力 quyền lực
權柄 quyền bính
主權 chủ quyền"
決,QUYẾT,"決定 quyết định
決斷 quyết đoán
決裂 quyết liệt"
譎,QUYỆT,詭譎 quỷ quyệt
瓊,QUỲNH,"瓊漿 quỳnh tương
瓊瑤 quỳnh dao
花瓊 hoa quỳnh"
瓊,quềnh,"瓊𫏈 quềnh quàng
[翻]"
國,QUỐC,"國籍 quốc tịch
國際 quốc tế
[翻]"
𫥨,ra,"生𫥨 sinh ra
𫥨𠫾 ra đi
𠃣𫥨 ít ra
[異]𠚢𬙛囉"
𦳃,rà,薝𦳃 rườm rà
攞,rà,"攞詧 rà soát
攞𢬶 rà rẫm"
𧅫,rác,𢭰𧅫 đổ rác
𫄈,rạc,"䏶𫄈 bệ rạc
[翻]"
𢳯,rắc,"𢳯𢳯 răng rắc
𪶎𢳯 gieo rắc"
𢳯,răng,"𢳯𢳯 răng rắc
⇔𢳯rắc"
𧛊,rách,"襖𧛊 áo rách
𧛊𢱓 rách rưới
𢮑𧛊 róc rách"
瀝,rạch,"瀝𫥨 rạch ra
瀝𠛨 rạch ròi
涇瀝 kênh rạch
瀝架 Rạch Giá"
𢱛,rải,"𢱛𧅫 rải rác
𢱛蔠 rải chông"
𠸤,rãi,㢅𠸤 rộng rãi
倈,ray,"倈𢲼 ray rứt
倈頭 ray đầu
塘倈 đường ray"
𢝚,rẩy,"𢝚渃 rẩy nước
憞𢝚 run rẩy"
誺,rầy,"誺𦚐 rầy rà
誺㗚 rầy rật
囉誺 la rầy
()"
𡵆,rẫy,"埌𡵆 nương rẫy
𣹓𡵆 đầy rẫy"
𡵆,dẫy,⇔𡵆rẫy
𧿆,rẫy,𧿆𱙡 rẫy vợ
𫄊,rắm,"𦇒𫄊 rối rắm
[翻]"
𠽍,rầm,𠽍𠽍 rầm rầm
葚,rậm,"𡹃葚 rừng rậm
[翻]"
䃹,rạn,䃹㘿 rạn nứt
噒,răn,噒𠴓 răn đe
𰧄,rắn,"體𰧄 thể rắn
𰧄𢡠 rắn chắc"
𧋻,rắn,"𧋻毒 rắn độc
𧋻綠 rắn lục"
𤉜,ràng,𤑟𤉜 rõ ràng
𦀾,ràng,"𦀾𫃚 ràng buộc
𦀾𦀎 ràng rịt"
𤎜,rạng,"𤎜𠒦 rạng rỡ
[翻]"
𤎜,ràng,"𤎜𤎜 ràng rạng
⇔𤎜rạng[翻]"
𪘵,răng,籤𢸡𪘵 tăm xỉa răng
哴,rằng,"朱哴 cho rằng
哴𱺵 rằng là
[異]浪"
𩲵,ranh,"𩲵𡥵 ranh con
𩲵魔 ranh ma"
𣇝,rảnh,𣇝𡂳 rảnh rỗi
炩,rành,"炩脈 rành mạch
炩炩 rành rành
炩𤈠 rành rọt"
咬,rao,𦼔咬 rêu rao
𣋝,ráo,"𩄳𣋝 tạnh ráo
𣋝𣹔 ráo hoảnh"
樔,rào,"行樔 hàng rào
樔捍 rào cản
樔𥗜 rào chắn"
撘,ráp,擸撘 lắp ráp
撘,ram,"撘撘 ram ráp
⇔撘ráp"
𠪸,rạp,"𠪸𣆅 rạp phim
𠪸㗰 rạp tuồng
[翻]"
摺,rập,"摺𣟂 rập khuôn
侱摺 rình rập
[翻]"
摺,rầm,"摺摺 rầm rập
⇔摺rập"
窒,rất,"窒𡗉 rất nhiều
窒卒 rất tốt"
蔞,rau,"蔞芥 rau cải
[翻]()"
𩯁,râu,"𣮮𩯁 mày râu
[翻]()"
𱞁,rẻ,"𱞁錢 rẻ tiền
[異]𥜤"
婿,rể,"𡥵婿 con rể
注婿 chú rể"
𱿆,rễ,"𱿆𣘃 rễ cây
𠚐𱿆 mọc rễ
()"
褳,ren,"𦇒褳 rối ren
塘𧟁憑褳 đường viền bằng ren"
㷙,rèn,"爐㷙 lò rèn
㷙鍊 rèn luyện
[翻]"
嗂,reo,"嗂唭 reo cười
樋嗂 thông reo
[翻]"
洌,rét,𬰊洌 giá rét
𤍅,rệt,𤑟𤍅 rõ rệt
𠶋,ri,"哭如𠶋 khóc như ri
嗤𠶋 Xi-ri (Syria)
[翻]"
𠯇,rỉ,"𠯇𦖻 rỉ tai
𢷀𠯇 rủ rỉ
𠶋𠯇 ri rỉ
𠯇𤄷 rỉ rả"
嚦,rích,"唷嚦 rúc rích
𤄷嚦 rả rích
[翻]"
𥢆,riêng,"𥢆私 riêng tư
𥢆𥘶 riêng rẽ
𧵑𥢆 của riêng
[異]𥢅"
𦄃,riết,𣋝𦄃 ráo riết
侱,rình,"侱摺 rình rập
𫫭侱 khai rình
[翻]"
挒,rít,"𠲢挒 ríu rít
叫挒 kêu rít"
挒,rin,"挒挒 rin rít
⇔挒rít"
𬰹,ro,"𢤡𬰹 rủi ro
[翻]"
𢲛,rò,"𢲛𠯇 rò rỉ
瞿𢲛 cò rò"
𤑟,rõ,𤑟𤉜 rõ ràng
𥶇,rổ,"丐𥶇 cái rổ
琫𥶇 bóng rổ"
𤸭,rồ,癲𤸭 điên rồ
𠒦,rỡ,"𤎜𠒦 rạng rỡ
𢜠𠒦 mừng rỡ"
𠒦,rờ,"𠒦𠒦 rờ rỡ
⇔𠒦rỡ"
𤞪,rợ,蠻𤞪 man rợ
檑,roi,"繘檑 quất roi
𣘃檑 cây roi
[翻]"
𠛨,ròi,瀝𠛨 rạch ròi
𦇒,rối,"𦁀𦇒 bối rối
𡥵𦇒 con rối
𦇒挒 rối rít"
耒,rồi,"𫜵耒 làm rồi
丐鉢被𥓳耒 cái bát bị bể rồi"
𡂳,rỗi,救𡂳 cứu rỗi
淶,rơi,"淶𬺗 rơi xuống
淶溧 rơi rớt
[異]𣑎()"
𨖨,rời,"𨖨𠺌 rời khỏi
𨖨𠬃 rời bỏ
𨖨𢬣 rời tay
苚𨖨 rụng rời
[異]淶移"
𠼖,rỏm,哩𠼖 rí rỏm
𠼖,rởm,"𢟔𠼖 thói rởm
咹𬡶𠼖 ăn mặc rởm"
𠼖,dỏm,"哩𠼖 dí dỏm
⇔𠼖rởm"
稴,rơm,菍稴 nấm rơm
𡀷,rộn,"泮𡀷 bận rộn
[翻]"
囒,rợn,"挏囒 rùng rợn
[翻]"
囒,rờn,"囒囒 rờn rợn
⇔囒rợn[翻]"
𠖿,ròng,"𠖿沲 ròng rã
沚𠖿𠖿 chảy ròng ròng
[翻]"
筩,rỗng,"𥧪筩 trống rỗng
桶筩叫𫰅 thùng rỗng kêu to"
㢅,rộng,"𢲫㢅 mở rộng
㢅量 rộng lượng
㢅𠸤 rộng rãi
[異]𢌌"
𡳝,rốt,"𡳝局 rốt cuộc
𢖖󠄁𡳝 sau rốt"
𠱋,ru,"喝𠱋 hát ru
[翻]"
𢷀,rủ,"𢷀𢚸 rủ lòng
𢷀𬺗 rủ xuống
𢷀黎 rủ rê
𢷀𠯇 rủ rỉ"
癒,rũ,"勾癒 cú rũ
膒癒 ủ rũ"
嚕,rủa,願嚕 nguyền rủa
𧒍,rùa,"𡥵𧒍 con rùa
𨨦𧒍 mai rùa
[異]𧒌𪛇"
𣳮,rửa,"𣳮𢬣 rửa tay
𣳮錢 rửa tiền"
熤,rực,"熤熤 rừng rực
𰛴熤 rạo rực
[翻]"
熤,rừng,"熤熤 rừng rực
⇔熤rực"
𢤡,rủi,"𢤡𬰹 rủi ro
𠶣𢤡 may rủi
搎𢤡 dun rủi
[翻]"
憞,run,"洌憞 rét run
憞忣忣 run cầm cập
[翻]"
𢫝,rung,"𢫝感 rung cảm
𢫝扐 rung lắc
𢫝揁 rung rinh"
挏,rùng,挏𨉟 rùng mình
𡹃,rừng,"𡹃葚 rừng rậm
𡹃疎 rừng thưa
[翻][異]棱"
逴,rước,"逴𠓨 rước vào
逴妯 rước dâu"
𥙪,rưỡi,"𠬠銅𥙪 một đồng rưỡi
𠬠𣎃𥙪 một tháng rưỡi"
𥙪,rưởi,⇔𥙪rưỡi
薝,rườm,"𠳒薝 lời rườm
薝𦳃 rườm rà"
𬏇,ruộng,垌𬏇 đồng ruộng
𦛌,ruột,焠𦛌 sốt ruột
𦛌,rọt,⇔𦛌ruột
𨢇,rượu,"㕵𨢇 uống rượu
𠲏𨢇 nhắm rượu"
捽,rút,"捽刀 rút dao
捽𨆢 rút lui
[異]𢫫"
𫉡,rút,"蔞𫉡 rau rút
韋𫉡 vi-rút
[翻]"
𫉡,dút,⇔𫉡rút
𢲼,rứt,"伓𢲼 bứt rứt
哏𢲼 cắn rứt
𢲼𦛌 rứt ruột"
沙,SA,"沙漠 sa mạc
沙場 sa trường
沙石 sa thạch
浮沙 phù sa
黃沙 hoàng sa
芹沙 cần sa
[翻]"
紗,SA,"𡲫紗 vải sa
紗花 sa hoa
紗𣹗 sa trơn
襖紗 áo sa"
圫,sá,塘圫 đường sá
詫,sá,詫之 sá gì
詫,xá,"詫之 xá chi
詫𨱽 xá dài"
蹉,sà,蹉𬺗 sà xuống
蹉,sa,"蹉𨁟 sa ngã
蹉機 sa cơ
蹉𠓨擺 sa vào bẫy
⇔蹉sà"
色,SẮC,"𦭷色 màu sắc
出色 xuất sắc
顏色 nhan sắc
劅色 súc sắc
誇色 khoe sắc
[翻]"
色,xắc,"劅色 xúc xắc
⇔色sắc"
敕,SẮC,"敕令 sắc lệnh
敕封 sắc phong"
銫,sắc,"銫𤓩 sắc bén
𨁪銫 dấu sắc
銫𫇿 sắc thuốc"
嗾,sặc,"嗾咵 sặc sụa
𣩂嗾 chết sặc"
冊,SÁCH,"冊𡲈 sách vở
冊教科 sách giáo khoa"
索,SÁCH,"索擾 sách nhiễu
索引 sách dẫn"
策,SÁCH,"策略 sách lược
政策 chính sách"
滌,sạch,"滌仕 sạch sẽ
[異]瀝"
差,SAI,"差𡍚 sai lầm
差分 sai phân
差數 sai số
差遣 sai khiến"
差,SI,參差 sâm si
柴,SÀI,"柴胡 sài hồ
柴門 sài môn
柴棍 Sài Gòn
疏柴 sơ sài"
豺,SÀI,豺狼 sài lang
㾹,sài,"病㾹 bệnh sài
㾹驚 sài kinh"
醝,say,"醝𫑺 say sưa
掝𠊛醝𧗱 vực người say về"
攕,sắm,"𧷸攕 mua sắm
攕栍 sắm sanh
[翻]"
參,SÂM,"人參 nhân sâm
海參 hải sâm
霜參 sương sâm"
參,THAM,"參加 tham gia
參考 tham khảo
參戰 tham chiến"
刊,SAN,月刊 nguyệt san
珊,SAN,"珊瑚 san hô
[翻]"
滻,san,"滻平 san bằng
滻塝 san phẳng
滻𢩿 san sẻ"
產,SẢN,"產品 sản phẩm
產出 sản xuất
生產 sinh sản"
孱,sàn,"茹孱 nhà sàn
孱孱 sàn sàn"
𥖔,sạn,"籺𥖔 hạt sạn
𥖔𩈘 sạn mặt"
𥖔,sàn,"𥖔𥖔 sàn sạn
⇔𥖔sạn"
𤜬,săn,"𠫾𤜬 đi săn
𤜬𢏑 săn bắn
豹𤜬 báo săn
㹥𤜬 chó săn"
𢕸,săn,"𢕸𥉮 săn sóc
𢕸迍 săn đón"
𠻿,sẵn,"𠻿𠳹 sẵn sàng
𠻿便 sẵn tiện
[異]產"
𡑝,sân,"𡑝園 sân vườn
𡑝運動 sân vận động"
𨖅,sang,"𨖅𢆥 sang năm
𨖅店 sang tiệm
𨖅瀧 sang sông
𢯢𨖅 sửa sang"
𢀨,sang,"𢀨重 sang trọng
高𢀨 cao sang
𢀨𢀨 sang sảng"
𢀨,sảng,𢀨𢀨 sang sảng
創,SÁNG,"創造 sáng tạo
創作 sáng tác
創立 sáng lập
[翻]"
𤏬,sáng,"𣇜𤏬 buổi sáng
𤏬𤍊 sáng tỏ
沖𤏬 trong sáng
𤏬𠁸 sáng suốt
𤏬熶 sáng chói
[異]𤎜𠓇"
𤏬,sang,"𤏬𤏬 sang sáng
⇔𤏬sáng"
𬕌,sàng,"𬕌漉 sàng lọc
𬕌𢫟 sàng sảy"
𤍎,sắng,焠𤍎 sốt sắng
𠁔,sánh,"𬧺𠁔 so sánh
𠁔𭉪 sánh đặc"
𡊳,sành,"甌𡊳 âu sành
[異]𥑥"
抄,SAO,"抄錄 sao lục
抄劄 sao chép"
哰,sao,"在哰 tại sao
爲哰 vì sao
𫜵哰 làm sao
故哰 cớ sao
空哰 không sao
[異]牢𫳵"
𣇟,sao,"𡾵𣇟 ngôi sao
笘𣇟 chòm sao
超𣇟 siêu sao
𣇟𣈕 sao mai
[異]𬁖𣋀"
稍,sảo,"稍胎 sảo thai
丐稍 cái sảo
銫稍 sắc sảo"
插,SÁP,插入 sáp nhập
𢯛,sắp,"𢯛攝 sắp xếp
𢯛𢯢 sắp sửa
[翻][異]拉"
𭰪,sập,"𩄎𭰪𭰪 mưa sầm sập
[翻]"
𭰪,xập,𭰪茌 xập xè
𭰪,sầm,"𩄎𭰪𭰪 mưa sầm sập
⇔𭰪sập"
殺,SÁT,"殺害 sát hại
殺蟲 sát trùng
謀殺 mưu sát"
察,SÁT,"警察 cảnh sát
偵察 trinh sát
察核 sát hạch
督察 đốc sát
監察 giám sát
觀察 quan sát"
察,xét,"認察 nhận xét
明察 minh xét
𤐝察 soi xét
[翻]"
擦,SÁT,"摩擦 ma sát
𨁏擦 bò sát
擦壁 sát vách
押擦 ép sát
擦𠬠邊 sát một bên
擦擦 san sát"
擦,san,"擦擦 san sát
⇔擦sát"
鉄,sắt,鉄𨨧 sắt thép
𢖖󠄁,sau,"旬𢖖󠄁 tuần sau
𠓀𢖖󠄁 trước sau
[異]娄𨍦()"
𦒹,sáu,"𦒹𱑕 sáu mươi
次𦒹 thứ sáu"
漊,sâu,"渃漊 nước sâu
淢漊 vực sâu
()"
漊,su,⇔溇sâu
螻,sâu,"螻𧌂 sâu bọ
()"
螻,su,⇔蝼sâu
䱸,sấu,𩵜䱸 cá sấu
愁,SẦU,"愁悶 sầu muộn
憂愁 ưu sầu
幽愁 u sầu"
𣜷,sầu,"蟡𣜷 ve sầu
𣜷𥢆 sầu riêng
𣜷兜 sầu đâu"
𤉖,se,"𤉖䏧 se da
𤉖𨉟 se mình"
𢩿,sẻ,"𢺹𢩿 chia sẻ
滻𢩿 san sẻ"
𪀆,sẻ,𪀄𪀆 chim sẻ
仕,sẽ,"役仕𦤾 việc sẽ đến
仕𫜵如丕 sẽ làm như vậy
滌仕 sạch sẽ
[翻]"
仕,sỉa,𤷖仕 sưng sỉa
仕,sè,"仕仕 sè sẽ
⇔仕sẽ[翻]"
𡏥,sét,釲𡏥 rỉ sét
𣻂,sệt,"𭉪𣻂 đặc sệt
𣻂𣻂 sền sệt
[翻]"
𣻂,sền,"𣻂𣻂 sền sệt
⇔𣻂sệt"
癡,SI,"癡情 si tình
癡迷 si mê
愚癡 ngu si
()"
恥,SỈ,恥辱 sỉ nhục
士,SĨ,"仉士 kẻ sĩ
軍士 quân sĩ
博士 bác sĩ
樂士 nhạc sĩ
士面 sĩ diện"
𠡏,siêng,𠡏𠹌 siêng năng
超,SIÊU,"超級 siêu cấp
超越 siêu việt
超市 siêu thị
高超 cao siêu"
銚,siêu,"銚𡐙 siêu đất
銚𫇿 siêu thuốc
𢱖銚 múa siêu"
吀,sin,吀𬿺 sin sít
吀,xin,"吀嘲 xin chào
吀纇 xin lỗi
咹吀 ăn xin
求吀 cầu xin
[翻][異]嗔"
生,SINH,"生員 sinh viên
生命 sinh mệnh
焰生 diêm sinh
生育 sinh dục
[翻]"
生,SANH,⇔生sinh
生,sỉnh,"詧生 soát sỉnh
[翻]"
牲,SINH,犧牲 hi sinh
𬧺,so,"𬧺𠁔 so sánh
𬧺𠻗 so le"
縐,sô,"𡲫縐 vải sô
縐𦃮 sô gai
𧼋縐 chạy sô
[翻]"
籔,sổ,"捲籔 cuốn sổ
𥱬籔 ghi sổ
籔寄錢 sổ gửi tiền
籔冊 sổ sách
()"
數,SỐ,"函數 hàm số
數分 số phận
()"
數,sộ,𣘊數 đồ sộ
𡂡,sỗ,"𡂡𠳹 sỗ sàng
()"
𡂡,sủa,"㹥𡂡 chó sủa
𤏬𡂡 sáng sủa"
初,SƠ,"初初 sơ sơ
初審 sơ thẩm
初步 sơ bộ
初生 sơ sinh
初等 sơ đẳng
初級 sơ cấp"
疏,SƠ,"單疏 đơn sơ
疏柴 sơ sài
疏散 sơ tán
疏要 sơ yếu
疏意 sơ ý
疏鈉𩚵 sơ nồi cơm"
疏,SỚ,𤼸疏 dâng sớ
所,SỞ,"處所 xứ sở
所適 sở thích
所以 sở dĩ
所有 sở hữu
所長 sở trường"
所,thửa,所𬏇 thửa ruộng
楚,SỞ,"苦楚 khổ sở
𣘃楚 cây sở"
礎,SỞ,基礎 cơ sở
𣻄,sờ,"噥𣻄 nông sờ
𣻄𣻄 sờ sờ
𨄉𣻄 sững sờ"
𬾟,sỡ,謲𬾟 sàm sỡ
𬾟,xỡ,"謲𬾟 xàm xỡ
⇔𬾟sỡ"
𢜝,sợ,"𢜝駭 sợ hãi
㥋𢜝 e sợ
𢜝𣻂 sợ sệt"
帥,SOÁI,統帥 thống soái
帥,SUÝ,旗帥 cờ suý
撰,SOẠN,"𢯢撰 sửa soạn
編撰 biên soạn
撰者 soạn giả"
饌,SOẠN,盛饌 thịnh soạn
詧,soát,"檢詧 kiểm soát
詧察 soát xét"
嚓,soạt,𠸂嚓 sột soạt
嚓,xát,"搽嚓 chà xát
嚓硨房 xát xà- phòng
[翻]"
朔,SÓC,"朔望 sóc vọng
朔風 sóc phong
朔𦝄 Sóc Trăng
[翻]"
𤠕,sóc,"𡥵𤠕 con sóc
𤠕𤝞 sóc chuột"
礌,sỏi,"礌𥒥 sỏi đá
𡊳礌 sành sỏi
[異]𥗐"
𤢿,sói,㹥𤢿 chó sói
𤉚,sôi,"渃𤉚 nước sôi
油𤉚 dầu sôi"
𥾘,sợi,"𥾘𩯀 sợi tóc
[翻][異]𥿥"
𣋽,sớm,"𣋽𣊿 sớm chiều
穭𣋽 lúa sớm
[異]𣌋"
𣋽,sơm,"𣋽𣋽 sơm sớm
⇔𣋽sớm"
𣘈,son,"粉𣘈 phấn son
鐄𣘈 vàngson
𣘈粉 son phấn
樓𣘈 lầu son
𣘈鉄 son sắt
𢚸𣘈 lòng son
[翻]"
山,SƠN,"山水 sơn thuỷ
山羊 sơn dương
江山 giang sơn
格讀𧵑「山san」爲𠼤諱時𠸗。Cáchđọccủa""山san""vìkiênghuýthờixưa."
杣,sơn,"𣘃杣 cây sơn
膠杣 keo sơn
[翻]"
窻,SONG,"窻𨷯 song cửa
窻糊 song hồ
桭窻 chấn song"
雙,SONG,"雙方 song phương
雙喜 song hỉ
雙語 song ngữ
雙生 song sinh
雙雙 song song
[翻]()"
雙,song,"雙𠻗 song le
[翻]"
𣙩,sòng,"浗𣙩 gàu sòng
𣙩博 sòng bạc
吶𣙩 nói sòng
𣙩塝 sòng phẳng
𪵅𣙩 lộn sòng"
瀧,sông,"瀧九龍 sông cửu long
瀧紅 sông hồng
瀧香 sông hương
()"
𤯩,sống,"生𤯩 sinh sống
𠁀𤯩 đời sống
𩚵𤯩 cơm sống
[異]𤯨"
𩩖,sống,"𩩫𩩖 xương sống
𩩖𪖫 sống mũi"
𪟤,sống,𪟤㜥 sống mái
𪟤,trống,"𪟤㜥 trống mái
𪃿𪟤 gà trống"
𨔊,sót,"𨔊徠 sót lại
[翻]"
焠,sốt,"焠𦛌 sốt ruột
𤎏焠 nóng sốt"
蒭,su,"膏蒭 cao-su
[翻]"
師,SƯ,"師偨 sư thầy
教師 giáo sư
牧師 mục sư"
史,SỬ,"歷史 lịch sử
史學 sử học
史冊 sử sách"
使,SỬ,"使用 sử dụng
[翻]"
使,SỨ,"大使 đại sứ
使命 sứ mệnh
使臣 sứ thần
天使 thiên sứ
[翻]"
瓷,sứ,"𣘊瓷 đồ sứ
鉢瓷 bát sứ"
事,SỰ,"事件 sự kiện
歷事 lịch sự"
𫑺,sưa,醝𫑺 say sưa
𢯢,sửa,"𢯢𢷮 sửa đổi
修𢯢 tu sửa
攕𢯢 sắm sửa
𢯛𢯢 sắp sửa
𢯢𨖅 sửa sang
[異]所"
𣷱,sữa,"𣷱𭉪 sữa đặc
𣷱媄 sữa mẹ
𣷱鮮 sữa tươi
𣷱𤙭 sữa bò"
率,SUẤT,"賚率 lãi suất
效率 hiệu suất
能率 năng suất
率電動 suất điện động
率𩚵 suất cơm"
畜,SÚC,"家畜 gia súc
畜牲 súc sinh
畜物 súc vật"
搐,sục,搐謅 sục sạo
搐,sùng,"搐搐 sùng sục
⇔搐sục"
飭,sức,"飭力 sức lực
飭猛 sức mạnh
嚜飭 mặc sức
飭劸 sức khoẻ"
飾,SỨC,"裝飾 trang sức
[翻]"
衰,SUY,"衰竭 suy kiệt
衰弱 suy nhược
衰亡 suy vong
衰退 suy thoái"
推,SUY,"推擬 suy nghĩ
推演 suy diễn
推論 suy luận
推想 suy tưởng
推𫥨 suy ra"
侐,suýt,"侐𡛤 suýt nữa
侐侈𫥨災難 suýt xảy ra tai nạn"
銃,SÚNG,銃𣛠 súng máy
崇,sùng,石崇 thạch sùng
慡,sửng,慡焠 sửng sốt
𧤁,sừng,"𧤁𤙭 sừng bò
㩒𧤁 cắm sừng
[翻]"
𨄉,sững,𨄉𣻄 sững sờ
𤂬,suối,瀧𤂬 sông suối
𤇧,sưởi,"爐𤇧 lò sưởi
𤇧𣌝 sưởi nắng"
棆,suôn,棆𢩿 suôn sẻ
霜,SƯƠNG,"湥霜 giọt sương
籺霜 hạt sương"
暢,SƯỚNG,充暢 sung sướng
𣖠,suốt,"𣖠黹 suốt chỉ
䈵𣖠𡲫 ống suốt vải"
𠁸,suốt,"通𠁸 thông suốt
𠁸𠁀 suốt đời
𠁸𣎀 suốt đêm"
𨀎,sụp,"𨀎𢭰 sụp đổ
𨀎𬺗 sụp xuống
[翻]"
𨀎,sùm,"𨀎𨀎 sùm sụp
⇔𨀎sụp"
淬,sút,"淬斤 sút cân
[翻]"
泏,sụt,泏減 sụt giảm
搜,SƯU,"搜集 sưu tập
搜尋 sưu tầm"
些,ta,"衆些 chúng ta
𪝳些 hắn ta
節些 Tết ta"
嗟,TA,嗟嘆 ta thán
嗟,xơi,"嗟𩚵 xơi cơm
𱖗𨔈嗟渃 ngồi chơi xơi nước"
左,TẢ,"左右 tả hữu
左傾 tả khuynh"
寫,TẢ,"特寫 đặc tả
正寫 chính tả
模寫 mô tả"
瀉,TẢ,疫瀉 dịch tả
瀉,tã,潯瀉 tầm tã
𪭥,tả,"𪭥𥯒 tả tơi
𪫦𪭥 lả tả"
佐,TÁ,"醫佐 y tá
扶佐 phò tá
少佐 thiếu tá
佐腸 tá tràng
𠬠佐𱑛 một tá trứng
[翻]"
借,TÁ,"借田 tá điền
借喻 tá dụ
借火 tá hoả"
邪,TÀ,"邪惡 tà ác
邪道 tà đạo
邪教 tà giáo
邪淫 tà dâm
邪氣 tà khí
邪魔 tà ma"
斜,TÀ,"𣊿斜 chiều tà
斜斜 tà tà"
謝,TẠ,"感謝 cảm tạ
謝恩 tạ ơn
謝辭 tạ từ"
謝,giã,謝辭 giã từ
作,TÁC,"作業 tác nghiệp
作品 tác phẩm
散作 tan tác
歲作 tuổi tác"
炸,TẠC,"炸彈 tạc đạn
轟炸 oanh tạc"
炸,cháo,油炸鬼 dầu cháo quẩy
則,TẮC,"法則 phép tắc
規則 quy tắc
正則 chính tắc
原則 nguyên tắc
𬌓則 tấm tắc
則嗤 tắc-xi
[翻]"
塞,TẮC,"栓塞 thuyên tắc
閉塞 bế tắc
塞垷 tắc nghẽn"
塞,TÁI,邊塞 biên tái
賊,TẶC,"盜賊 đạo tặc
海賊 hải tặc
信賊 tin tặc"
賊,giặc,"軍賊 quân giặc
賊外侵 giặc ngoại xâm"
剒,tách,"𢺹剒 chia tách
剒對 tách đôi"
㳻,tách,攊㳻 lách tách
災,TAI,"災難 tai nạn
天災 thiên tai"
𦖻,tai,"𬃻𦖻 dái tai
𩵜𦖻象 cá tai tượng"
載,TẢI,"登載 đăng tải
過載 quá tải
運載 vận tải"
載,tưởi,腥載 tanh tưởi
再,TÁI,"再發 tái phát
再婚 tái hôn
再生 tái sinh
再版 tái bản
再現 tái hiện"
𦛍,tái,"𬚸𦛍 thịt tái
痺𦛍 tê tái
𦛍衊 tái mét
𦛍過 tái quá"
𦛍,tai,"𦛍𦛍 tai tái
⇔𦛍tái"
才,TÀI,"才能 tài năng
才德 tài đức
人才 nhân tài"
材,TÀI,材料 tài liệu
財,TÀI,"財產 tài sản
財政 tài chính"
裁,TÀI,"仲裁 trọng tài
裁判 tài phán"
在,TẠI,"存在 tồn tại
自在 tự tại"
𢬣,tay,"𦑃𢬣 cánh tay
包𢬣 bao tay
𢬣銃 tay súng"
西,TÂY,"方西 phương tây
荇西 hành tây"
恓,tây,"念恓 niềm tây
𥢆恓 riêng tây"
洗,TẨY,"洗滌 tẩy sạch
𫇿洗 thuốc tẩy
洗腦 tẩy não
[翻]"
三,TAM,"第三 đệ tam
三級 tam cấp
三角 tam giác
三軍 tam quân"
三,thâm,"三 thâm
數點𥪝㗂㑝俚𤞼。Sốđếmtrongtiếnglóngláilợn."
𠔭,tám,數𠔭 số tám
暫,TẠM,"暫𭢨 tạm bợ
暫別 tạm biệt
暫時 tạm thời
𥱬籔暫 ghi sổ tạm"
暫,tàm,"暫暫 tàm tạm
⇔暫tạm"
吣,tăm,"㗂吣 tiếng tăm
別吣 biệt tăm
[翻]"
𣅵,tăm,𣅵𣋁 tăm tối
籤,tăm,籤𢸡𪘵 tăm xỉa răng
籤,thăm,"扑籤 bốc thăm
𠬃籤 bỏ thăm"
籤,xăm,吀籤 xin xăm
籤,xâm,⇔籤xăm
浸,tắm,浸花蓮 tắm hoa sen
浸,trẫm,浸𨉟 trẫm mình
心,TÂM,"決心 quyết tâm
良心 lương tâm
心魂 tâm hồn
中心 trung tâm"
心,tim,"𬃻心 trái tim
心肝 tim gan
心畑 tim đèn"
𥺑,tấm,"𥺑𥽇 tấm cám
壈𥺑 lấm tấm
捏如𥺑 nát như tấm"
尋,TẦM,"尋常 tầm thường
搜尋 sưu tầm
𣘃尋春 cây tầm xuân
𣘃尋寄 cây tầm gửi
[翻]"
尋,tầm,"尋𡱩 tầm thước
尋眜 tầm mắt
尋櫸 tầm cỡ
尋𣜳 tầm vông
尋尋 tầm tầm
尋𠴋 tầm phào
[翻]"
尋,tìm,"尋檢 tìm kiếm
尋撮 tìm tòi"
潯,tầm,潯瀉 tầm tã
散,TẢN,"散漫 tản mạn
散步 tản bộ
散居 tản cư
[翻]"
散,TÁN,"分散 phân tán
疏散 sơ tán
[翻]"
散,tan,"散學 tan học
𩄲散 mây tan
散作 tan tác
散啨 tan tành
瀧散氷耒 sông tan băng rồi
[翻]"
𠾎,tán,"𠴞𠾎 bàn tán
𠾎㗕 tán gẫu
𠾎省 tán tỉnh"
贊,TÁN,"贊成 tán thành
參贊 tham tán"
讚,TÁN,讚揚 tán dương
殘,TÀN,"殘暴 tàn bạo
殘跡 tàn tích
殘忍 tàn nhẫn
𥟹殘 lụi tàn
兇殘 hung tàn
殘局 tàn cục"
新,TÂN,"新春 tân xuân
新兵 tân binh
革新 cách tân
𤳆新 trai tân"
賓,TÂN,賓客 tân khách
賓,tẩn,賓𢠨 tẩn mẩn
晉,TẤN,"茹晉 nhà Tấn
仉晉𠊛秦 kẻ Tấn người Tần"
晉,tắn,鮮晉 tươi tắn
晉,tấn,"晉㗰 tấn tuồng
𠬠晉平 1.000公斤 một tấn bằng 1.000 công cân"
訊,TẤN,"通訊 thông tấn
查訊 tra tấn"
進,TẤN,"進攻 tấn công
進𬧐 tấn tới
進封 tấn phong"
進,TIẾN,"先進 tiên tiến
進行 tiến hành
進𬧐 tiến tới"
秦,TẦN,"秦𦶀 tần ô
[翻]"
秦,tằn,秦賤 tằn tiện
頻,TẦN,"頻率 tần suất
頻煩 tần phiền
頻數 tần số
頻垠 tần ngần"
蘋,TẦN,蘋藻 tần tảo
蘋,bần,𣘃蘋 cây bần
盡,TẬN,"無盡 vô tận
盡力 tận lực
詳盡 tường tận
盡心 tận tâm
盡忠 tận trung
盡情 tận tình
()"
桑,TANG,"桑滄 tang thương
滄海桑田 thương hải tang điền
[翻]"
喪,TANG,"抵喪 để tang
役喪 việc tang
𡌽喪 đám tang"
喪,TÁNG,斲喪 trác táng
嗓,tang,"丐嗓𫇿尼唿𥘀𡗋 cái tang thuốc này hút nặng lắm
函嗓 hàm tang"
贓,TANG,"贓物 tang vật
果贓 quả tang"
𮍄,TANG,"𩓜𮍄 màng tang
𤿰𫫴𡀳𮍄 trống thủng còn tang"
𣉕,tảng,"假𣉕 giả tảng
𣉕矑 tảng lờ
𣉕𤏬 tảng sáng"
𣉕,tang,"𣉕𣉕 tang tảng
⇔𣉕tảng"
磉,TẢNG,磉𥒥 tảng đá
葬,TÁNG,"火葬 hoả táng
埋葬 mai táng
安葬 an táng
改葬 cải táng"
藏,TÀNG,"保藏 bảo tàng
藏書 tàng thư
藏形 tàng hình
藏身 tàng thân
藏匿 tàng nặc
昂藏 ngang tàng"
藏,TẠNG,"西藏 tây tạng
道藏 đạo tạng"
藏,tàng,藏藏 tàng tàng
臟,TẠNG,臟腑 tạng phủ
僧,TĂNG,"僧人 tăng nhân
僧侶 tăng lữ
僧尼 tăng ni
僧伽 tăng già"
增,TĂNG,"增加 tăng gia
增𬨠 tăng lên
車增 xe tăng"
增,tâng,"增扑 tâng bốc
增功 tâng công"
贈,TẶNG,"贈物 tặng vật
捐贈 quyên tặng
贈品 tặng phẩm"
層,tầng,層𡌢 tầng hầm
層,từng,"層𣈜 từng ngày
茹𦊚層 nhà bốn tầng"
腥,tanh,腥臊 tanh tao
遭,TAO,遭遇 tao ngộ
騷,TAO,騷亂 tao loạn
灶,TÁO,"翁灶 ông táo
灶君 táo quân"
燥,TÁO,燥𤵳 táo bón
躁,TÁO,躁暴 táo bạo
曹,tào,曹勞 tào lao
造,TẠO,"製造 chế tạo
人造 nhân tạo
假造 giả tạo
[翻]"
漝,tấp,"吸漝 hấp tấp
𬧐漝 tới tấp
漝汭 tấp nập"
習,TẬP,"學習 học tập
排習 bài tập
寔習 thực tập
[翻]"
集,TẬP,"集合 tập hợp
集體 tập thể
集詩 tập thơ
聚集 tụ tập"
緝,TẬP,緝拿 tập nã
輯,TẬP,編輯員 biên tập viên
襲,TẬP,襲擊 tập kích
薩,TÁT,"菩薩 bồ tát
[翻]"
𤎕,tắt,"𤎕畑 tắt đèn
𤎕焒 tắt lửa"
𨄠,tắt,"塘𨄠 đường tắt
縿𨄠 tóm tắt
𢪏𨄠 viết tắt"
㧙,tất,"㧙弼 tất bật
㧙𪭥 tất tả"
悉,TẤT,"悉𪥘󠄁 tất cả
悉心 tất tâm
悉秦疾 tất tần tật
[翻]"
韠,TẤT,"𠫾韠 đi tất
裊得使用如𠬠詞獨立、得𢪏𱺵「韠tất」；裊得使用如詞𢯖、得𢪏𱺵「蔽膝bíttất」。Nếuđượcsửdụngnhưmộttừđộclập,đượcviếtlà""韠tất"";nếuđượcsửdụngnhưtừghép,đượcviếtlà""蔽膝bíttất""."
疾,TẬT,病疾 bệnh tật
艚,tàu,"艚水 tàu thuỷ
艚𤿤 tàu bè
棗艚 táo tàu
艚蘿 tàu lá
𠊛艚 người Tàu"
艚,tầu,⇔艚tàu
奏,TẤU,"稟奏 bẩm tấu
變奏 biến tấu
奏樂 tấu nhạc
節奏 tiết tấu"
奏,tâu,"𨷈奏 muôn tâu
奏排 tâu bày
奏𬨠 tâu lên"
粃,tẻ,"𥽌粃 gạo tẻ
𥛭粃 lẻ tẻ"
𪷉,té,"𪷉𨁟 té ngã
𪷉渃𠓨𩈘 té nước vào mặt"
犀,TÊ,"犀角 tê giác
𡥵犀犀 con tê tê"
犀,tê,細犀 tỉ tê
痺,TÊ,"痺𠻇 tê dại
痺濕 tê thấp
痺𦛍 tê tái"
儕,tê,"坭儕 nơi tê
𠊛儕 người tê
儕齊 tê tề"
祭,TẾ,"祭天 tế thiên
祭禮 tế lễ
祭文 tế văn
祭祖 tế tổ"
際,TẾ,"國際 quốc tế
交際 giao tế
寔際 thực tế"
濟,TẾ,"經濟 kinh tế
醫濟 y tế
救濟 cứu tế
[翻]"
敝,TỆ,"敝姓 tệ tính
敝處 tệ xứ
敝校 tệ hiệu"
弊,TỆ,"弊害 tệ hại
頹弊 tồi tệ
弊端 tệ đoan
丐𣛠尼過弊 cái máy này quá tệ"
𠸜,tên,"𠸜噲 tên gọi
𠸜𣱆 tên họ
[異]𠸛"
司,TI,公司 công ti
司,TƯ,"司法 tư pháp
司徒 tư đồ"
卑,TI,"尊卑 tôn ti
自卑 tự ti
[翻]"
絲,TI,釐絲 li ti
絲,tơ,"絲𫄎 tơ lụa
絲蠶 tơ tằm
[翻]"
絲,tỉ,"絲絲 ti tỉ
⇔絲ti"
姊,TỈ,"師姊 sư tỉ
姊妹 tỉ muội"
秭,TỈ,"秭富 tỉ phú
亙秭 hàng tỉ
𠀧秭銅 ba tỉ đồng"
子,TÍ,𣇞子 giờ Tí
子,TỬ,"父子 phụ tử
太子 thái tử
子宮 tử cung
獅子 sư tử"
子,tí,"子𡭧 tí chút
𠬠子 một tí
子㳻 tí tách"
子,tị,"𠬠子𫇿 một tị thuốc
⇔子tí"
𣈢,tia,"𣈢𣌝 tia nắng
𣈢反射 tia phản xạ
𣈢紫外 tia tử ngoại"
昔,TÍCH,古昔 cổ tích
析,TÍCH,分析 phân tích
跡,TÍCH,"奇跡 kì tích
蹤跡 tung tích
遺跡 di tích
𨁪跡 dấu tích
跡事 tích sự
固跡哴 có tích rằng"
僻,TÍCH,"阨僻 ách tích
孤僻 cô tích"
積,TÍCH,"積極 tích cực
𩐛積 ấm tích
面積 diện tích
積徠 tích lại
積累 tích luỹ"
錫,tích,咜錫 xà tích
錫,thiếc,𡎡錫 mỏ thiếc
績,TÍCH,"功績 công tích
成績 thành tích
戰績 chiến tích
績事 tích sự"
夕,TỊCH,"夕陽 tịch dương
七夕 thất tịch
除夕 trừ tịch
[翻]"
席,TỊCH,主席 chủ tịch
席,tiệc,"宴席 yến tiệc
𩛷席 bữa tiệc
席從 tiệc tùng"
寂,TỊCH,"寂寞 tịch mịch
圓寂 viên tịch"
籍,TỊCH,"國籍 quốc tịch
戶籍 hộ tịch
籍編 tịch biên
書籍 thư tịch"
惜,tiếc,"傷惜 thương tiếc
當惜 đáng tiếc"
尖,TIÊM,"尖防 tiêm phòng
尖𫇿 tiêm thuốc
䈵尖 ống tiêm
尖染 tiêm nhiễm"
殲,TIÊM,殲擊 tiêm kích
纖,TIÊM,"纖細 tiêm tế
纖悉 tiêm tất
纖毛 tiêm mao"
潛,TIỀM,"潛力 tiềm lực
潛能 tiềm năng
潛識 tiềm thức
潛藏 tiềm tàng"
潛,tèm,潛濂 tèm lem
仙,TIÊN,"仙佛 tiên phật
水仙 thuỷ tiên
八仙 bát tiên"
先,TIÊN,"𠓀先 trước tiên
頭先 đầu tiên
先生 tiên sinh"
鮮,TIÊN,朝鮮 Triều Tiên
鮮,tươi,"𩵜鮮 cá tươi
鮮唭 tươi cười
𧺀鮮 thắm tươi"
薦,TIẾN,薦舉 tiến cử
前,TIỀN,"前輩 tiền bối
前途 tiền đồ"
錢,TIỀN,"錢鉑 tiền bạc
錢幣 tiền tệ"
箭,TIỄN,"弓箭 cung tiễn
火箭 hoả tiễn"
箭,tên,"箭焒 tên lửa
𪖫箭 mũi tên
弓箭 cung tên
[翻][異]𥏋𥏌"
餞,TIỄN,"餞別 tiễn biệt
餞迻 tiễn đưa"
便,TIỆN,"方便 phương tiện
順便 thuận tiện
不便 bất tiện
便利 tiện lợi"
銑,tiện,"銑圇 tiện tròn
𠏲銑 thợ tiện"
賤,TIỆN,"低賤 đê tiện
苛賤 hà tiện
貧賤 bần tiện"
㗂,tiêng,"𠊛綀㗂 người Xơ-Tiêng (X'Tiêng)
𡨸尼得讀如格發音尼只𥪝名詞𥢆尼。Chữnàyđượcđọcnhưcáchphátâmnàychỉtrongdanhtừriêngnày."
㗂,tiếng,"㗂吶 tiếng nói
㗂叫 tiếng kêu
㗂越 tiếng Việt"
接,TIẾP,"接續 tiếp tục
接客 tiếp khách"
捷,TIỆP,"敏捷 mẫn tiệp
捷報 tiệp báo
波花𠫾捷 ba hoa đi Tiệp"
捷,tẹp,捷叺 tẹp nhẹp
泄,TIẾT,"泄毒 tiết độc
浽泄 nổi tiết
泄瀉 tiết tả
泄尿 tiết niệu
泄尿tiếtniệu⇔泌尿tiếtniệu"
節,TIẾT,"時節 thời tiết
枝節 chi tiết
音節 âm tiết
節學 tiết học
節面 tiết diện
氣節 khí tiết"
節,tết,節元旦 tết nguyên đán
截,TIỆT,"𣩂截 chết tiệt
截蟲 tiệt trùng
除截 trừ tiệt"
逍,TIÊU,逍遙 tiêu dao
消,TIÊU,"消化 tiêu hoá
取消 thủ tiêu
支消 chi tiêu
消散 tiêu tan
消遣 tiêu khiển
消渃 tiêu nước"
宵,TIÊU,元宵 nguyên tiêu
椒,TIÊU,"胡椒 hồ tiêu
籺椒 hạt tiêu
花椒 hoa tiêu"
焦,TIÊU,"焦點 tiêu điểm
三焦 tam tiêu
𣱆焦 họ Tiêu"
標,TIÊU,"標表 tiêu biểu
標準 tiêu chuẩn
標本 tiêu bản
標題 tiêu đề
花標 hoa tiêu"
銷,TIÊU,"銷售 tiêu thụ
銷毀 tiêu huỷ
銷喍 tiêu xài"
蕭,TIÊU,"蕭條 tiêu điều
𣱆蕭 họ Tiêu"
鏢,TIÊU,飛鏢 phi tiêu
小,TIỂU,"弱小 nhược tiểu
小說 tiểu thuyết
小姐 tiểu thư
渃小 nước tiểu
小𡊳 tiểu sành"
小,tẻo,小悄 tẻo teo
𦻳,tím,"𦻳𠖯 tím ngắt
茄𦻳 cà tím
𦻳𦻳 tim tím
[翻]"
𦻳,tim,"𦻳𦻳 tim tím
⇔𦻳tím[翻]"
信,TÍN,"信仰 tín ngưỡng
信徒 tín đồ
信服 tín phục
信物 tín vật
信用 tín dụng
信紙 tín chỉ
[翻]"
信,tin,"信息 tin tức
𢚸信 lòng tin
信用 tin dùng
信𢚁 tin cậy
[翻]"
星,TINH,"明星 minh tinh
占星 chiêm tinh
零星 linh tinh
𤏬星𢠩 sáng tinh mơ
[翻]"
星,teng,星鋲 teng beng
晶,TINH,"水晶 thuỷ tinh
結晶 kết tinh"
猩,TINH,猩猩 tinh tinh
精,TINH,"精神 tinh thần
妖精 yêu tinh
𤽸精 trắng tinh
精坤tinh khôn
精液 tinh dịch
精氣 tinh khí"
精,chính,味精 mì chính
精,toanh,"㵋精 mới toanh
⇔精tinh"
省,TỈNH,"省蒞 tỉnh lị
省永福 tỉnh Vĩnh Phúc
省略 tỉnh lược"
省,xỉnh,𨻬省 xó xỉnh
省,xĩnh,侊省 xoàng xĩnh
醒,TỈNH,"警醒 cảnh tỉnh
醒悟 tỉnh ngộ
醒𧻭 tỉnh dậy"
併,TÍNH,吞併 thôn tính
併,tính,"併算 tính toán
𣛠微併 máy vi tính"
性,TÍNH,"個性 cá tính
同性 đồng tính
性情 tính tình
男性 nam tính"
性,tánh,⇔性tính
姓,TÍNH,"百姓 bách tính
貴姓 quý tính"
情,TÌNH,"情㤇 tình yêu
情感 tình cảm
情敵 tình địch
情欲 tìnhdục
表情 biểu tình
情報 tình báo"
竫,tĩnh,"立竫𰨂母 lập tĩnh thờ mẫu
徠逴竫𫥨唿 lại rước tĩnh ra hút"
靜,TĨNH,"安靜 yên tĩnh
靜電 tĩnh điện
平靜 bình tĩnh
動靜 động tĩnh
恬靜 điềm tĩnh"
淨,TỊNH,"淨土 tịnh độ
雅淨 nhã tịnh
碎淨空別頭脽役尼 tôi tịnh không biết đầu đuôi việc này"
㘉,tít,"賒㘉 xa tít
㘉空湯 tít cung thang
[翻]"
𫰅,to,"𫰅𡘯 to lớn
𫰅㗂 to tiếng
[異]𡚡蘇"
𤍊,tỏ,"𤏬𤍊 sáng tỏ
𤍊詳 tỏ tường
𦝄𤍊 trăng tỏ
𤍊𤑟 tỏ rõ
[異]𤏣"
蘇,TÔ,"紫蘇 tử tô
烏蘇 ô-tô
[翻]"
𥗹,tô,𥗹𦘧 tô vẽ
坥,tổ,"坥𪀄 tổ chim
坥𤋾 tổ ấm
[異]祖"
祖,TỔ,"始祖 thuỷ tổ
祖國 tổ quốc
祖蔭 tổ ấm"
組,TỔ,"組織 tổ chức
組合 tổ hợp
改組 cải tổ"
素,TỐ,"要素 yếu tố
元素 nguyên tố
素質 tố chất"
訴,TỐ,"訴訟 tố tụng
追訴 truy tố
訴告 tố cáo"
祚,TỘ,阮長祚 Nguyễn Trường Tộ
伵,tớ,"𣹓伵 đầy tớ
碎伵 tôi tớ"
𨌘,toa,𨌘車 toa xe
鎖,TOẢ,封鎖 phong toả
𪹟,toả,"𪹟唏 toả hơi
𪹟𫥨 toả ra"
座,TOÀ,"座案 toà án
𠬠座茹樓 một toà nhà lầu"
座,TOẠ,"座談 toạ đàm
座度 toạ độ"
坐,TOẠ,"坐禪 toạ thiền
坐落 toạ lạc"
碎,TOÁI,煩碎 phiền toái
碎,tôi,"衆碎 chúng tôi
𤤰碎 vua tôi"
碎,tui,⇔碎tôi
遂,TOẠI,遂願 toại nguyện
算,TOÁN,"併算 tính toán
清算 thanh toán
計算 kế toán
核算 hạch toán"
算,toan,"算併 toan tính
謀算 mưu toan
𢥈算 lo toan
算𠫾 toan đi
算𫜵 toan làm"
𭍵,toán,"𭍵軍 toán quân
𭍵劫 toán cướp"
全,TOÀN,"安全 an toàn
全捖 toàn vẹn"
全,tuyền,"黰全 đen tuyền
𤽸全 trắng tuyền
全𱺵𠊛𫅷 tuyền là người già"
𫫥,toang,"𫫥嚄 toang toác
𫫥荒 toang hoang
𢲫𫫥 mở toang
𫫥嚯 toang hoác"
𩯀,tóc,"𦃀𩯀 chải tóc
𥾘𩯀 sợi tóc
𠃅𩯀 mái tóc"
速,TỐC,"加速 gia tốc
速度 tốc độ
急速 cấp tốc
速記 tốc kí
[翻]"
族,TỘC,"家族 gia tộc
民族 dân tộc
外族 ngoại tộc"
熣,tôi,熣鍊 tôi luyện
最,TỐI,"最高 tối cao
最後 tối hậu"
𣋁,tối,"𣇜𣋁 buổi tối
𣋽𣋁 sớm tối
𣋁吣 tối tăm"
摧,TỒI,摧殘 tồi tàn
罪,TỘI,"無罪 vô tội
罪業 tội nghiệp
被罪 bị tội
重罪 trọng tội"
𥯒,tơi,"𪭥𥯒 tả tơi
𥯒𢱎 tơi bời
襖𥯒 áo tơi
冡𥯒 mồng tơi"
𬧐,tới,"𬧐坭 tới nơi
𨆢𬧐 lui tới
旬𬧐 tuần tới
𬧐漝 tới tấp
[異]細"
𥿂,tom,"𥿂𢵰得𠃣錢 tom góp được ít tiền
𥿂𥿂 tom tom
[翻]"
縿,tóm,"縿𨄠 tóm tắt
縿徠 tóm lại"
縿,túm,⇔縿tóm
𩵽,tôm,𩵽𤞻 tôm hùm
𢟖,tởm,𭌲𢟖 ghê tởm
宗,TÔN,"宗教 tôn giáo
格讀𧵑「宗tông」爲𠼤諱時𠸗。Cáchđọccủa""宗tông""vìkiênghuýthờixưa."
宗,TÔNG,"宗廟 tông miếu
祖宗 tổ tông
宗派 tông phái
[翻]"
宗,tồng,"宗茙 tồng ngồng
[翻]"
孫,TÔN,"孫女 tôn nữ
𡥙嫡孫 cháu đích tôn"
尊,TÔN,"尊重 tôn trọng
自尊 tự tôn
尊嚴 tôn nghiêm
尊榮 tôn vinh
尊室 Tôn Thất
「尊tôn」𥪝「尊室TônThất」𱺵格𢪏吧格讀𧵑「宗tông」爲𠼤諱時𠸗。""尊tôn""trong""尊室TônThất""làcáchviếtvàcáchđọccủa""宗tông""vìkiênghuýthờixưa.[翻]"
尊,nhôn,尊堯 nhôn nhao
損,TỔN,"損害 tổn hại
損耗 tổn hao
損失 tổn thất
損傷 tổn thương"
損,tốn,"消損 tiêu tốn
損歉 tốn kém"
存,TỒN,"生存 sinh tồn
存在 tồn tại
保存 bảo tồn
存亡 tồn vong
存留 tồn lưu"
存,tòn,存鎆 tòn ten
從,TÒNG,"從軍 tòng quân
力不從心 lực bất tòng tâm"
從,TÙNG,"隨從 tuỳ tùng
服從 phục tùng
從九品 tùng cửu phẩm
附從 phụ tùng
從從 tùng tùng"
𠵻,tông,𠵻樂 tông nhạc
蹤,TÔNG,蹤跡 tông tích
蹤,TUNG,蹤跡 tung tích
總,TỔNG,"總共 tổng cộng
總統 tổng thống
總產量 tổng sản lượng"
送,TỐNG,"護送 hộ tống
送別 tống biệt
送餞 tống tiễn"
卒,TỐT,"卒業 tốt nghiệp
士卒 sĩ tốt
小卒 tiểu tốt
獄卒 ngục tốt
[翻]"
卒,tốt,"窒卒 rất tốt
卒惵 tốt đẹp
[翻]"
崒,TỘT,崒頂 tột đỉnh
修,TU,"修士 tu sĩ
修業 tu nghiệp
修行 tu hành
修補 tu bổ"
𣗿,tủ,"𣗿冷 tủ lạnh
𣗿冊 tủ sách"
秀,TÚ,"俊秀 tuấn tú
優秀 ưu tú
清秀 thanh tú
秀才 tú tài
[翻]"
宿,TÚ,星宿 tinh tú
宿,TÚC,"寄宿舍 kí túc xá
宿志 túc chí"
繡,TÚ,錦繡 cẩm tú
囚,TÙ,"茹囚 nhà tù
囚人 tù nhân
擒囚 cầm tù
渃囚 nước tù
坳囚 ao tù
囚𠘃 tù đọng"
酋,TÙ,酋長 tù trưởng
𧣕,tù,𧣕𢯓 tù và
聚,TỤ,"聚徠 tụ lại
聚集 tụ tập
聚血 tụ huyết
群聚 quần tụ"
私,TƯ,"𥢆私 riêng tư
無私 vô tư
私爲 tư vị"
思,TƯ,"思慮 tư lự
思想 tư tưởng
思維 tư duy"
思,TỨ,意思 ý tứ
姿,TƯ,姿容 tư dung
斯,TƯ,波斯 Ba Tư
滋,TƯ,"滋養 tư dưỡng
滋味 tư vị"
資,TƯ,"資本 tư bản
投資 đầu tư"
死,TỬ,"不死 bất tử
生死 sinh tử"
紫,TỬ,"紫薇 tử vi
紫外 tử ngoại"
紫,tía,"𧹻紫 đỏ tía
紫蘇 tía tô"
紫,tia,"紫紫 tia tía
⇔紫tía"
四,TỨ,四方 tứ phương
四,chớ,"四 chớ
數點𥪝㗂㑝俚𤞼。Sốđếmtrongtiếnglóngláilợn."
四,tư,"次四 thứ tư
𠄩𱑕四 hai mươi tư
[異]𦊛"
四,xí,四五 xí-ngầu
肆,TỨ,市肆 thị tứ
賜,TỨ,恩賜 ân tứ
祠,TỪ,"祠堂 từ đường
翁祠 ông từ"
徐,TỪ,徐徐 từ từ
詞,TỪ,"詞典 từ điển
詞語 từ ngữ"
詞,tờ,"詞報 tờ báo
紙詞 giấy tờ
𣼽如詞 lặng như tờ"
慈,TỪ,"仁慈 nhân từ
慈善 từ thiện"
磁,TỪ,磁場 từ trường
辭,TỪ,"辭別 từ biệt
辭挃 từ chối
告辭 cáo từ
()"
寺,TỰ,佛寺 Phật tự
自,TỰ,"自然 tự nhiên
自𨉟 tự mình
自咹 tự ăn
自欺𱜢 tự khi nào"
自,từ,"自欺 từ khi
自𫢩 từ nay
自𠁀𠸗 từ đời xưa"
似,TỰ,相似 tương tự
似,tựa,似如 tựa như
似,từa,"似似 từa tựa
⇔似tựa"
字,TỰ,"文字 văn tự
十字 thập tự
字典 tự điển"
序,TỰ,"次序 thứ tự
序言 tự ngôn"
序,tựa,"題序 đề tựa
𠳒序 lời tựa"
祀,TỰ,祭祀 tế tự
敘,TỰ,"敘事 tự sự
敘述 tự thuật
敘情 tự tình"
嗣,TỰ,承嗣 thừa tự
緒,TỰ,緒論 tự luận
𢭸,tựa,𢭗𢭸 nương tựa
遵,TUÂN,"遵守 tuân thủ
遵行 tuân hành
遵令 tuân lệnh
遵蹺 tuân theo"
俊,TUẤN,"俊傑 tuấn kiệt
俊秀 tuấn tú
英俊 anh tuấn"
駿,TUẤN,駿馬 tuấn mã
旬,TUẦN,"旬禮 tuần lễ
上旬 thượng tuần
旬𦝄 tuần trăng"
巡,TUẦN,"𠫾巡 đi tuần
巡查 tuần tra
巡邏 tuần la"
循,TUẦN,"循環 tuần hoàn
循序 tuần tự"
馴,TUẦN,馴鹿 tuần lộc
馴,thuần,"馴服 thuần phục
馴養 thuần dưỡng
馴化 thuần hoá"
足,TÚC,"補足 bổ túc
充足 sung túc
足足 túc túc"
足,tuộc,八足 bạch tuộc
俗,TỤC,"俗語 tục ngữ
風俗 phong tục
通俗 thông tục"
續,TỤC,"接續 tiếp tục
手續 thủ tục
繼續 kế tục
[翻]"
即,TỨC,"即時 tức thì
即速 tức tốc
即𱺵 tức là"
𠺒,tức,"𠺒𢚷 tức giận
𠺒𣋁 tức tối"
歲,TUẾ,"千歲 thiên tuế
萬歲 vạn tuế
歲出 tuế xuất
歲入 tuế nhập"
歲,tuổi,"𢜠歲 mừng tuổi
歲春 tuổi xuân
歲作 tuổi tác"
𢢇,tủi,"𢢇分 tủi phận
𢢇𢜜 tủi hổ
𢢇㘋 tủi hờn
𢢇身 tủi thân
[異]𢣃"
襊,túi,"襊裙 túi quần
[翻]"
𠏭,tụi,𠏭𠎩 tụi bây
綏,TUY,綏和 Tuy Hoà
綏,nối,"𬗵綏 chắp nối
綏接 nối tiếp
綏業 nối nghiệp
結綏 kết nối"
雖,TUY,"雖然 tuy nhiên
雖丕 tuy vậy"
粹,TUÝ,"國粹 quốc tuý
純粹 thuần tuý
精粹 tinh tuý"
醉,TUÝ,麻醉 ma tuý
醉,tuý,醉累 tuý luý
隨,TUỲ,"隨便 tuỳ tiện
隨從 tuỳ tùng
隨機 tuỳ cơ
隨意 tuỳ ý
追隨 truy tuỳ"
瘁,TỤY,盡瘁 tận tụy
宣,TUYÊN,"宣布 tuyên bố
宣傳 tuyên truyền
宣判 tuyên phán
宣言 tuyên ngôn"
宣,toen,宣宛 toen hoẻn
選,TUYỂN,"選譔 tuyển chọn
選舉 tuyển cử
選集 tuyển tập
預選 dự tuyển
選募 tuyển mộ"
線,TUYẾN,"無線 vô tuyến
前線 tiền tuyến
戰線 chiến tuyến
直線 trực tuyến
線運轉 tuyến vận chuyển"
雪,TUYẾT,"葻雪 bông tuyết
菍雪 nấm tuyết
𠊛雪 người tuyết
果球雪 quả cầu tuyết"
絕,TUYỆT,"拒絕 cự tuyệt
絕對 tuyệt đối
絕𡸏 tuyệt vời
絕妙 tuyệt diệu"
嵩,TUNG,嵩呼 tung hô
嵩,tum,"崑嵩 Con (Kon) Tum
𡨸尼得讀如格發音尼只𥪝名詞𥢆尼。Chữnàyđượcđọcnhưcáchphátâmnàychỉtrongdanhtừriêngnày."
縱,TUNG,"縱橫 tung hoành
縱深 tung thâm
縱洗 tung tẩy
縱𤂭 tung toé
𭟬縱 lung tung"
縱,TÚNG,放縱 phóng túng
慫,túng,"慫𦁂 túng bấn
慫少 túng thiếu
𢤲慫 lúng túng"
松,TÙNG,"松林 tùng lâm
松柏 tùng bách"
訟,TỤNG,"訴訟 tố tụng
件訟 kiện tụng"
頌,TỤNG,"傳頌 truyền tụng
歌頌 ca tụng
[翻]"
誦,TỤNG,"誦經 tụng kinh
日誦 nhật tụng"
熷,tưng,"熷𤇊 tưng bừng
熷𤈍 tưng hửng
咖熷 cà tưng"
熷,tửng,"熷熷 tưng tửng
⇔熷tưng"
曾,từng,"㐌曾 đã từng
曾𱱇 từng trải
[翻]"
削,TƯỚC,"削𤿭𣘃 tước vỏ cây
削奪 tước đoạt
𢭯削 quét tước"
爵,TƯỚC,"職爵 chức tước
伯爵 bá tước"
洒,tưới,洒消 tưới tiêu
瀸,tươm,瀸悉 tươm tất
㗰,tuồng,"喝㗰 hát tuồng
㳥㗰 luông tuồng"
相,TƯƠNG,"相助 tương trợ
相爭 tương tranh
相愛 tương ái
相親 tương thân"
相,TƯỚNG,"首相 thủ tướng
真相 chân tướng
䀡相 xem tướng"
將,TƯƠNG,將來 tương lai
將,TƯỚNG,"將軍 tướng quân
將領 tướng lĩnh
將士 tướng sĩ"
漿,TƯƠNG,"瓊漿 quỳnh tương
豆漿 đậu tương
血漿 huyết tương"
醬,TƯƠNG,"醬𤸎 tương ớt
渃醬 nước tương
醬𪥘󠄁𪉥𠓨鈉茶 tương cả muối vào nồi chè"
想,TƯỞNG,"想𢖵 tưởng nhớ
信想 tin tưởng
想像 tưởng tượng
夢想 mộng tưởng"
祥,TƯỜNG,吉祥 cát tường
詳,TƯỜNG,"𤍊詳 tỏ tường
詳述 tường thuật
詳盡 tường tận"
墻,TƯỜNG,"墻坧 tường gạch
墻𡐙 tường đất
壁墻 vách tường"
象,TƯỢNG,"𡥵象 con tượng
管象 quản tượng
印象 ấn tượng
氣象 khí tượng
象徵 tượng trưng
𩵜𦖻象 cá tai tượng"
象,tịnh,⇔象tượng
像,TƯỢNG,"幅像 bức tượng
攤像 nặn tượng
想像 tưởng tượng
部像羅漢 bộ tượng La hán"
𢫫,tụt,"𢫫後 tụt hậu
[翻]"
就,TỰU,"成就 thành tựu
齊就 tề tựu
就場 tựu trường
[翻]"
他,THA,"他化 tha hoá
他方求食 tha phương cầu thực
切他 thiết tha
[翻]"
拖,THA,"拖𩝇 tha mồi
𠶎拖 bê tha"
且,THẢ,苟且 cẩu thả
抯,thả,"抯𫥨 thả ra
抯心 thả tim"
咃,thà,"拯咃 chẳng thà
咃哴 thà rằng
實咃 thật thà"
拓,THÁC,"開拓 khai thác
[翻]"
𣴜,thác,"𣴜渃 thác nước
𣴜𡹡 thác ghềnh
𤯩𣴜 sống thác"
託,THÁC,"委託 uỷ thác
託病抵吀儗 thác bệnh để xin nghỉ"
錯,THÁC,錯亂 thác loạn
碩,THẠC,碩士 thạc sĩ
忑,thắc,"忑㖭 thắc thỏm
忑縸 thắc mắc"
𡂓,thách,"吶𡂓 nói thách
𡂓𥅞 thách thức"
石,THẠCH,"沙石 sa thạch
化石 hoá thạch
岩石 nham thạch
玉石 ngọc thạch
磐石 bàn thạch
石崇 thạch sùng"
台,THAI,"天台 thiên thai
寬台 khoan thai
[翻]"
胎,THAI,"投胎 đầu thai
胎兒 thai nhi
胚胎 phôi thai
胞胎 bào thai"
汰,THẢI,淘汰 đào thải
汰,thãi,剩汰 thừa thãi
太,THÁI,"太子 thái tử
太祖 thái tổ
太過 thái quá"
太,tháy,輸太 thua tháy
采,THÁI,風采 phong thái
泰,THÁI,"泰斗 thái đẩu
否泰 bĩ thái
泰蘭 Thái Lan"
泰,táy,⇔泰thái
採,thái,"採𬚸 thái thịt
採成𨬋 thái thành miếng"
採,thới,⇔採thái
彩,THÁI,色彩 sắc thái
彩,THỂ,"三彩 tam thể
張燈結彩 trương đăng kết thể"
態,THÁI,"態度 thái độ
生態 sinh thái
形態 hình thái"
𠊝,thay,"𠊝𢷮 thay đổi
𠊝𬁒 thay mùa
[異]台咍"
𠼷,thay,"𢝙𠼷 vui thay
惵𠼷 đẹp thay
[異]台"
忲,thảy,"歇忲 hết thảy
悉忲 tất thảy"
𧡊,thấy,"尋𧡊 tìm thấy
感𧡊 cảm thấy
矓𧡊 trông thấy"
偨,thầy,"偨教 thầy giáo
偨𡠄 thầy u
[異]柴"
偨,thày,⇔偨thầy
貪,THAM,"貪婪 tham lam
貪財 tham tài
貪望 tham vọng"
毯,THẢM,"𬌓毯 tấm thảm
𱱇毯 trải thảm
毯𧹻 thảm đỏ
毯花 thảm hoa"
慘,THẢM,"悲慘 bi thảm
慘劇 thảm kịch
慘敗 thảm bại
慘禍 thảm hoạ
淒慘 thê thảm"
探,THÁM,"探聽 thám thính
偵探 trinh thám
探險 thám hiểm
游探 do thám
密探 mật thám
探子 thám tử"
探,thăm,"探𪭴 thăm dò
𠫾探 đi thăm
探𠳨 thăm hỏi"
𧺀,thắm,"𧹻𧺀 đỏ thắm
𧺀切 thắm thiết
𧺀㷋 thắm đượm"
深,THÂM,"深邃 thâm thuý
深厚 thâm hậu
深入 thâm nhập
深毒 thâm độc
深年 thâm niên"
審,THẨM,"審查 thẩm tra
評審 bình thẩm
初審 sơ thẩm
審問 thẩm vấn
審層句詩 thẩm từng câu thơ"
沁,THẤM,"沁𨁑 thấm thoắt
淹沁 êm thấm
[翻]"
沁,thẩm,"紙沁 giấy thẩm
⇔沁thấm[翻]"
忱,thầm,"吶忱 nói thầm
忱𠻨 thầm kín
時忱 thì thầm"
炭,than,"炭𥒥 than đá
𡍚炭 lầm than"
坦,THẢN,"清坦 thanh thản
平坦 bình thản
[翻]"
嘆,THÁN,"怨嘆 oán thán
嘆詞 thán từ"
嘆,than,"嘆咀 than thở
嘆喂 than ôi"
申,THÂN,"戊申 Mậu Thân
申主 thân chủ"
身,THÂN,"身𨉟 thân mình
獨身 độc thân
身體 thân thể
平身 bình thân"
親,THÂN,"親切 thân thiết
親密 thân mật
親近 thân cận
[翻]"
臣,THẦN,"使臣 sứ thần
功臣 công thần
臣民 thần dân
臣子 thần tử"
辰,THẦN,星辰 tinh thần
辰,THÌN,"𣇞辰 giờ Thìn
[翻]"
神,THẦN,"精神 tinh thần
傳神 truyền thần
𢠈神 bần thần
神仙 thần tiên"
腎,THẬN,"果腎 quả thận
腎臟 thận tạng"
簜,thang,"蹽簜 leo thang
橋簜 cầu thang
簜糧 thang lương"
倘,THẢNG,倘或 thảng hoặc
倘,thoảng,請倘 thỉnh thoảng
倘,thoang,"倘倘 thoang thoảng
⇔倘thoảng"
𣎃,tháng,"𣈜𣎃𢆥 ngày tháng năm
𣎃正 tháng giêng"
升,THĂNG,"升堂 thăng đường
升官 thăng quan
升級 thăng cấp
𨁪升 dấu thăng
𣛠𢒎直升 máy bay trực thăng
[翻]"
升,thưng,"𠬠升 một thưng
單位𢵋đơnvịđo"
昇,THĂNG,"昇平 thăng bình
昇華 thăng hoa
昇降 thăng giáng
昇天 thăng thiên
昇龍 thăng long"
𣦎,thẳng,"𢫮𣦎 căng thẳng
𣦎𡁟 thẳng thắn
[異]𥊢"
勝,THẮNG,"勝陣 thắng trận
勝利 thắng lợi
勝敗 thắng bại
勝景 thắng cảnh"
𭡽,thắng,"𢯒𭡽 bóp thắng
𭡽車徠 thắng xe lại"
僶,thằng,"僶𡮣 thằng bé
僶𪀊 thằng cu
[異]繩"
乘,THẶNG,"小乘 tiểu thặng
上乘 thượng thặng
千乘之國 thiên thặng chi quốc"
乘,THỪA,"大乘 Đại thừa
乘機 thừa cơ"
青,THẶNG,剩餘 thặng dư
青,THỪA,"剩汰 thừa thãi
行剩 hàng thừa
人員剩 nhân viên thừa"
青,THANH,"青天 thanh thiên
青年 thanh niên
青春 thanh xuân
青草 thanh thảo"
青,xanh,"樓青 lầu xanh
茶青 chè xanh
𡗶青 trời xanh
青蘿𣘃 xanh lá cây
[翻]"
清,THANH,"清咏 thanh vắng
清算 thanh toán
清涼 thanh lương"
聲,THANH,"聲名 thanh danh
臺發聲 đài phát thanh
斷腸新聲 đoạn trường tân thanh
()"
𨓽,thảnh,𨓽迨 thảnh thơi
𨓽,thanh,"𨓽𨓽 thanh thảnh
⇔𨓽thảnh"
聖,THÁNH,"神聖 thần thánh
聖人 thánh nhân
亞聖 á thánh"
𬉊,thánh,𬉊𪷄 thánh thót
成,THÀNH,"形成 hình thành
成人 thành nhân"
城,THÀNH,"城庯 thành phố
城池 thành trì"
誠,THÀNH,"誠懇 thành khẩn
𢚸誠 lòng thành
忠誠 trung thành"
滔,THAO,滔滔不絕 thao thao bất tuyệt
操,THAO,"體操 thể thao
操縱 thao túng
操作 thao tác
操𥅞 thao thức"
操,THÁO,節操 tiết tháo
韜,THAO,"韜略 thao lược
[翻]"
草,THẢO,"草原 thảo nguyên
青草 thanh thảo
香草 hương thảo
芳草 phương thảo
預草 dự thảo"
討,THẢO,"討論 thảo luận
討伐 thảo phạt"
𢳥,tháo,"𢳥𧼋 tháo chạy
𢳥𨆢 tháolui
𢳥仈 tháo vát
聒𢳥 quát tháo"
㗖,thào,"時㗖 thì thào
慣㗖 quen thào
𠻩㗖 thều thào"
塔,THÁP,"塔玡 tháp ngà
塔𧒍 Tháp Rùa
[翻]"
溚,tháp,"溚莄 tháp cành
沁溚 thấm tháp
溚從 tháp tùng"
隰,THẤP,"墻隰 tường thấp
𢬣藝隰 tay nghề thấp
隰㖭 thấp thỏm
隰洸 thấp thoáng
()"
濕,THẤP,"𤀔濕 ẩm thấp
痺濕 tê thấp
風濕 phong thấp
濕度 thấp độ
()"
十,THẬP,"十全 thập toàn
十分 thập phân
紅十字 hồng thập tự
十年 thập niên"
十,nạp,"十 nạp
數點𥪝㗂㑝俚𤞼。Sốđếmtrongtiếnglóngláilợn."
十,lạp,"十 lạp
⇔十nạp"
什,THẬP,"什錦 thập cẩm
[翻]"
紩,thắt,"紩𨨷 thắt nút
紩𬘋 thắt chặt
[翻]"
七,THẤT,"七八 thất bát
七十 thất thập
七夕 thất tịch
七言 thất ngôn"
七,khắp,"七 khắp
數點𥪝㗂㑝俚𤞼。Sốđếmtrongtiếnglóngláilợn."
七,hấp,"七 hấp
⇔七khắp"
失,THẤT,"失敗 thất bại
失望 thất vọng
損失 tổn thất
失情 thất tình
失吵 thất thểu
失色 thất sắc"
室,THẤT,"家室 gia thất
寢室 tẩm thất
心室 tâm thất
皇室 hoàng thất"
實,THẬT,"吶實 nói thật
實惵 thật đẹp
實咃 thật thà
[翻]()"
實,THIỆT,"次實 thứ thiệt
格讀𧵑「實thật」爲𠼤諱時𠸗。Cáchđọccủa""實thật""vìkiênghuýthờixưa."
透,THẤU,"透鏡 thấu kính
沁透 thẩm thấu
透曉 thấu hiểu
[翻]"
𠲠,thầu,"主𠲠 chủ thầu
𫜵𠲠 làm thầu"
𠱈,thẻ,兔𠱈 thỏ thẻ
𠱈,thỉ,𠱔𠱈 thủ thỉ
体,thể,"固体 có thể
空体 không thể"
體,THỂ,"身體 thân thể
體面 thể diện"
世,THẾ,"世界 thế giới
世系 thế hệ
世事 thế sự
[翻]"
替,THẾ,𠊝替 thay thế
勢,THẾ,"勢力 thế lực
勢𨅸 thế đứng
優勢 ưu thế
大勢 đại thế
地勢 địa thế"
勢,thế,"勢𱜢 thế nào
如勢 như thế"
誓,THỆ,宣誓 tuyên thệ
誓,thề,"𠳒誓 lời thề
誓願 thề nguyền
咹誓 ăn thề
𠯽誓 chửi thề
誓說 thề thốt
𩯀誓 tóc thề"
饞,thèm,"饞𢠆 thèm thuồng
啿饞 thòm thèm"
饞,sèm,⇔饞thèm
𢢆,thẹn,"𢜜𢢆 hổ thẹn
𢢆𢠅 thẹn thùng"
𢢆,thèn,"𢢆𢢆 thèn thẹn
⇔𢢆thẹn"
𨨧,thép,"鉄𨨧 sắt thép
[翻]"
𠯦,thét,"哠𠯦 gào thét
𠯦𠻵 thét mắng
㖗𠯦 gầm thét
[翻]"
施,THI,"施工 thi công
施恩 thi ân
施行 thi hành
[翻]"
施,THÍ,"布施 bố thí
[翻]"
屍,THI,"屍體 thi thể
屍骸 thi hài"
屍,thây,"抨屍 phanh thây
屍魔 thây ma
屍偈 thây kệ"
詩,THI,"詩歌 thi ca
詩人 thi nhân"
詩,thơ,"詩歌 thơ ca
排詩 bài thơ
吟詩 ngâm thơ
詩訠 thơ thẩn"
試,THÍ,"試驗 thí nghiệm
考試 khảo thí"
試,thi,"局試 cuộc thi
𧼋試 chạy thi
科試 khoa thi"
譬,THÍ,譬喻 thí dụ
譬,ví,"譬喻 ví dụ
譬如 ví như
[異]𱒢啻"
時,THÌ,時𣇞 thì giờ
時,THỜI,"時節 thời tiết
時機 thời cơ
時運 thời vận
時期 thời kì
時間 thời gian
格讀𧵑「時thì」爲𠼤諱時𠸗。Cáchđọccủa""時thì""vìkiênghuýthờixưa.[異]辰"
時,thì,"時𫥨 thì ra
勢時 thế thì
丕時 vậy thì
貪時深 tham thìthâm
時㗖 thì thào
忱時 thầm thì"
氏,THỊ,"無名氏 vô danh thị
阮氏 Nguyễn Thị"
示,THỊ,"表示 biểu thị
顯示 hiển thị
示威 thị uy
揭示 yết thị"
市,THỊ,"市社 thị xã
都市 đô thị
城市 thành thị"
市,xì,利市 lì xì
侍,THỊ,侍女 thị nữ
是,THỊ,是非 thị phi
視,THỊ,"視覺 thị giác
蔑視 miệt thị
視察 thị sát
監視 giám thị"
𤀏,thía,沁𤀏 thấm thía
戚,THÍCH,親戚 thân thích
適,THÍCH,"適應 thích ứng
適趣 thích thú
適志 thích chí
適合 thích hợp"
適,thích,"㤇適 yêu thích
𢛨適 ưa thích"
釋,THÍCH,"解釋 giải thích
放釋 phóng thích
[翻]"
添,THIÊM,坊首添 phường Thủ Thiêm
添,thêm,"添抔 thêm bớt
添紩 thêm thắt
添𠓨 thêm vào
添設備 thêm thiết bị
[翻]"
千,THIÊN,"千古 thiên cổ
千秋 thiên thu"
天,THIÊN,"天然 thiên nhiên
天地 thiên địa
天下 thiên hạ
天良 thiên lương"
天,thuyên,"喧天 huyên thuyên
喧天 luyên thuyên"
偏,THIÊN,"偏爲 thiên vị
報告偏𧗱成績 báo cáo thiên về thành tích"
遷,THIÊN,"變遷 biến thiên
遷都 thiên đô"
篇,THIÊN,"篇冊 thiên sách
篇訪事 thiên phóng sự"
淺,THIỂN,"粗淺 thô thiển
淺近 thiển cận
淺見 thiển kiến"
禪,THIỀN,"禪宗 thiền tông
坐禪 toạ thiền"
善,THIỆN,"善良 thiện lương
善心 thiện tâm
善惡 thiện ác
善志 thiện chí"
𱵭,thiêng,"𱵭靈 thiêng liêng
靈𱵭 linh thiêng
[異]𤍌󠄁𤍌𪬮"
帖,THIẾP,"郵帖 bưu thiếp
帖紅 thiếp hồng
名帖 danh thiếp
帖𫬱 thiếp mời"
帖,thiệp,"發帖 phát thiệp
帖𫬱 thiệp mời"
妾,THIẾP,"妻妾 thê thiếp
臣妾 thần thiếp"
𢜡,thiếp,𢜡𢜡 thiêm thiếp
𢜡,thiêm,"𢜡𢜡 thiêm thiếp
⇔𢜡thiếp"
貼,THIẾP,貼心 thiếp tâm
涉,THIỆP,干涉 can thiệp
切,THIẾT,"親切 thân thiết
痛切 thống thiết
切他 thiết tha"
切,siết,"切𬘋 siết chặt
𫫣切 rên siết"
設,THIẾT,"假設 giả thiết
設計 thiết kế
建設 kiến thiết"
鐵,THIẾT,鐵甲 thiết giáp
竊,THIẾT,竊擬 thiết nghĩ
燒,THIÊU,"燒炪 thiêu đốt
自燒 tự thiêu"
少,THIỂU,"少數 thiểu số
減少 giảm thiểu
最少 tối thiểu"
少,THIẾU,"少女 thiếu nữ
年少 niên thiếu
缺少 khuyết thiếu
少錢 thiếu tiền
慫少 túng thiếu
少寸 thiếu thốn"
紹,THIỆU,"介紹 giới thiệu
紹治 Thiệu Trị"
紹,thịu,腫紹 thũng thịu
請,THỈNH,"請求 thỉnh cầu
請客 thỉnh khách
𫫴請 thủng thỉnh
請倘 thỉnh thoảng"
聽,THÍNH,"聽𦖻 thính tai
探聽 thám thính
聽者 thính giả
欠聽 khiếm thính"
盛,THỊNH,"強盛 cường thịnh
盛饌 thịnh soạn
繁盛 phồn thịnh
安康盛旺 an khang thịnh vượng
[翻]"
盛,THẠNH,⇔盛thịnh
盛,sển,王鴻盛 Vương Hồng Sển
𬚸,thịt,"採𬚸 thái thịt
𬚸𤇌 thịt kho
𬚸𪃿 thịt gà
[翻][異]𦧘䏦"
壽,thọ,"萬壽 vạn thọ
長壽 trường thọ
()"
粗,THÔ,"粗暴 thô bạo
粗魯 thô lỗ
粗陋 thô lậu
粗俗 thô tục"
粗,sồ,粗胒 sồ sề
吐,THỔ,吐瀉 thổ tả
兔,THỐ,"馭赤兔 ngựa Xích Thố
笘𣇟天兔 chòm sao Thiên Thố"
兔,thỏ,"𡥵兔 con thỏ
兔玉 thỏ ngọc
兔𠱈 thỏ thẻ"
苴,thơ,"𥘷苴 trẻ thơ
𡥵苴 con thơ
芹苴 Cần Thơ"
咀,thở,"咀𫥨 thở ra
嘆咀 than thở"
𰨂,thờ,"茹𰨂 nhà thờ
𰨂供 thờ cúng
盤𰨂 bàn thờ"
悇,thờ,"悇㐵 thờ ơ
矧悇 thẫn thờ"
𠏲,thợ,"𠏲船 thợ thuyền
𠏲𡎡 thợ mỏ
𡱩𠏲 thước thợ"
妥,THOẢ,"妥𢚸 thoả lòng
妥協 thoả hiệp
妥滿 thỏa mãn
妥順 thỏa thuận"
妥,thỏa,妥𠾔 thỏa thuê
𢗷,thoải,"𢗷𢗷 thoai thoải
𢗷㜥 thoải mái"
𢗷,thoai,"𢗷𢗷 thoai thoải
⇔𢗷thoải"
退,THOÁI,"退𨆢 thoái lui
退潮 thoái trào
衰退 suy thoái
退化 thoái hoá
退位 thoái vị"
退,thối,"𣅶進𣅶退 lúc tiến lúc thối
退錢朱客 thối tiền cho khách"
話,THOẠI,"會話 hội thoại
電話 điện thoại
對話 đối thoại
神話 thần thoại"
洸,thoáng,"𤈛洸 loáng thoáng
隰洸 thấp thoáng
洸氣 thoáng khí"
洸,thoang,"洸洸 thoang thoáng
⇔洸thoáng"
脫,THOÁT,"脫𧴱 thoát nợ
脫殼 thoát xác
解脫 giải thoát
脫險 thoát hiểm"
脫,xoát,啜脫 xuýt xoát
𣉐,thoạt,𣉐頭 thoạt đầu
𥟉,thóc,"𥟉穭 thóc lúa
𥟉𠼽 thóc mách
[翻]"
梭,thoi,"梭迻 thoi đưa
梭𡀾 thoi thóp
梭𠬠丐 thoi một cái
[翻]"
𢟔,thói,"𢟔慣 thói quen
[異]𩘩𠺙"
催,THÔI,"催促 thôi thúc
催眠 thôi miên"
催,thôi,"擂催 lôi thôi
𠻵𠬠催 mắng một thôi
催役 thôi việc
催𥱮 thôi nôi
𦓡催 mà thôi
喂催 ôi thôi"
𠺙,thổi,"𠺙簫 thổi tiêu
𩙍𠺙𠓨茹 gió thổi vào nhà"
啐,thối,"洃啐 hôi thối
啐他 thối tha"
啐,thôi,"啐啐 thôi thối
⇔啐thối"
迨,thơi,𨓽迨 thảnh thơi
𥱯,thời,𠬃𩵜𠓨𥱯 bỏ cá vào thời
𦹳,thơm,香𦹳 hương thơm
吞,THÔN,吞併 thôn tính
吞,thắn,雲吞 vằn thắn
村,THÔN,"村𥯎 thôn xóm
村圭 thôn quê
農村 nông thôn
村莊 thôn trang
村邑 thôn ấp"
从,thong,从抯 thong thả
通,THÔNG,"通報 thông báo
通曉 thông hiểu
[翻]"
通,thống,"通通 thông thống
⇔通thông[翻]"
樋,thông,"𣘃樋 cây thông
𡹃樋 rừng thông
[異]樁"
聰,THÔNG,聰明 thông minh
痛,THỐNG,"痛苦 thống khổ
痛切 thống thiết"
統,THỐNG,"統計 thống kê
傳統 truyền thống
統帥 thống soái"
猝,THỐT,"猝然 thốt nhiên
倉猝 thảng thốt"
椊,thốt,"椊訥 thốt nốt
[翻]"
收,THU,"收費 thu phí
收穫 thuhoạch
收音 thu âm
收𰔫 thu dọn
收入 thu nhập
收搛thu gom"
收,thâu,"收錢 thâu tiền
⇔收thu"
秋,THU,"𬁒秋 mùa thu
立秋 lập thu
[翻]"
秋,thâu,"𠦳秋 ngàn thâu
⇔秋thu"
手,THỦ,"手續 thủ tục
兇手 hung thủ
手段 thủ đoạn
球手 cầu thủ"
守,THỦ,"保守 bảo thủ
遵守 tuân thủ
守門 thủ môn"
守,THÚ,太守 thái thú
取,THỦ,"取消 thủ tiêu
進取 tiến thủ"
𠱔,thủ,𠱔𠱈 thủ thỉ
首,THỦ,"首都 thủ đô
首相 thủ tướng
首長 thủ trưởng"
首,THÚ,"自首 tự thú
投首 đầu thú
首罪 thú tội"
娶,THÚ,"婚娶 hôn thú
嫁娶 giá thú"
趣,THÚ,"趣味 thú vị
興趣 hứng thú
樂趣 lạc thú"
獸,THÚ,"猛獸 mãnh thú
野獸 dã thú
獸性 thú tính"
殊,THÙ,"特殊 đặc thù
文殊師利 Văn Thù Sư Lợi"
酬,THÙ,酬勞 thù lao
讎,THÙ,"㨋讎 trả thù
仉讎 kẻ thù
報讎 báo thù
讎恨 thù hận
讎敵 thù địch
復讎 phục thù"
受,THỤ,"享受 hưởng thụ
感受 cảm thụ
接受 tiếp thụ
消受 tiêu thụ
受精 thụ tinh
吸受 hấp thụ"
授,THỤ,"傳授 truyền thụ
授粉 thụ phấn"
授,thọ,擡授 đài thọ
樹,THỤ,古樹 cổ thụ
樹,thọ,"龍樹 Long Thọ
⇔樹thụ"
姐,THƯ,小姐 tiểu thư
書,THƯ,"幅書 bức thư
書法 thư pháp
書記 thư kí
書信 thư tín"
書,THƠ,"⇔書thư格讀𧵑「書thư」爲𠼤諱時𠸗。Cáchđọccủa""書thư""vìkiênghuýthờixưa."
舒,THƯ,"舒泰 thư thái
舒舒 thư thư
舒抯 thư thả
[翻]"
雌,THƯ,雌雄 thư hùng
此,THỬ,成此 thành thử
㧗,thử,"𬡶㧗 mặc thử
㧗驗 thử nghiệm"
暑,THỬ,寒暑表 hàn thử biểu
次,THỨ,"次一 thứ nhất
次𠀧 thứ ba
𡥵次 con thứ"
次,thứ,"𠬠次諧劇 một thứ hài kịch
懃教育次青年墟𧘇 cần giáo dục thứ thanh niên hư ấy"
庶,THỨ,庶民 thứ dân
輸,thua,"勝輸 thắng thua
輸𡓇 thua lỗ
輸局 thua cuộc"
疎,thưa,"疎件 thưa kiện
敬疎 kính thưa
疎𣘄 thưa thớt
𡹃疎 rừng thưa"
疎,sưa,⇔疎thưa
丞,THỪA,丞相 thừa tướng
承,THỪA,"交承 giao thừa
承認 thừa nhận
繼承 kế thừa
承恩 thừa ân"
純,THUẦN,"純樸 thuần phác
純粹 thuần tuý
單純 đơn thuần"
醇,THUẦN,"醇厚 thuần hậu
醇性 thuần tính
醇熟 thuần thục"
盾,THUẪN,"餅盾 bánh thuẫn
矛盾 mâu thuẫn
後盾 hậu thuẫn"
順,THUẬN,"順利 thuận lợi
孝順 hiếu thuận
歸順 quy thuận"
述,THUẬT,"陳述 trần thuật
敘述 tựthuật
詳述 tường thuật
譯述 dịch thuật"
術,THUẬT,"藝術 nghệ thuật
學術 học thuật
戰術 chiến thuật"
束,THÚC,"結束 kết thúc
束手 thúc thủ
[翻]"
塾,THỤC,"私塾 tư thục
東京義塾 Đông Kinh Nghĩa Thục"
熟,THỤC,"純熟 thuần thục
熟地 thục địa"
熟,thuộc,"慣熟 quen thuộc
䏧熟 da thuộc"
式,THỨC,"儀式 nghi thức
正式 chính thức
式咹 thức ăn
式㕵 thức uống"
𥅞,thức,"醒𥅞 tỉnh thức
𥅞𣎀 thức đêm
𥅞𧻭 thức dậy
忖𥅞 thổn thức"
識,THỨC,"學識 học thức
認識 nhận thức
識別 thức biệt
意識 ý thức
[翻]"
食,THỰC,"飲食 ẩm thực
食單 thực đơn"
殖,THỰC,殖民 thực dân
寔,THỰC,"誠寔 thành thực
寔踐 thực tiễn
寔權 thực quyền
役寔 việc thực
寔咃 thực thà
𡨸班頭𱺵「實thật」、扔格𢪏吧格讀㐌得𠊝𢷮爲𠼤諱時𠸗。Chữbanđầulà""實thật"",nhưngcáchviếtvàcáchđọcđãđượcthayđổivìkiênghuýthờixưa."
𠾔,thuê,"𠾔茹 thuê nhà
𠾔僈 thuê mướn"
稅,THUẾ,"稅𥡗 thuế má
免稅 miễn thuế
收稅 thu thuế"
稅,thuể,稅妥 thuể thoả
水,THUỶ,"符水 phù thuỷ
艚水 tàu thuỷ
山水 sơn thuỷ
洪水 hồng thuỷ
水兵 thuỷ binh
水利 thuỷ lợi"
始,THUỶ,"原始 nguyên thuỷ
始祖 thuỷ tổ
始終 thuỷ chung
起始 khởi thuỷ"
垂,THUỲ,"垂肺 thuỳ phổi
𧌂𠀧垂 bọ ba thuỳ"
瑞,THUỴ,"瑞香 thuỵ hương
瑞鳥 thuỵ điểu
瑞士 Thuỵ Sĩ
瑞典 Thuỵ Điển"
痊,THUYÊN,痊減 thuyên giảm
船,THUYỀN,"隻船 chiếc thuyền
戰船 chiến thuyền
遊船 du thuyền"
蟬,THUYỀN,貂蟬 điêu thuyền
說,THUYẾT,"小說 tiểu thuyết
傳說 truyền thuyết
學說 học thuyết
說明 thuyết minh
說客 thuyết khách
說服 thuyết phục"
說,thốt,"誓說 thề thốt
說𫥨 thốt ra"
𫫴,thủng,"𡓇𫫴 lỗ thủng
𫫴𣦎 thủng thẳng
𫫴請 thủng thỉnh"
桶,thùng,"桶渃 thùng nước
㨂桶 đóng thùng
桶𥓉 thùng thình
裙襖桶 quần áo thùng
桶筩叫𫰅 thùng rỗng kêu to"
𢠅,thùng,𢢆𢠅 thẹn thùng
繩,thừng,"絏繩 dây thừng
𣦎繩 thẳng thừng
[翻]"
𫇿,thuở,𠇍𣇫 mấy thuở
𫇿,thủa,⇔𣇫thuở
𫇿,thuốc,"𫇿𥾃 thuốc men
𫇿㕵 thuốc uống
塗𫇿 đồ thuốc"
屬,THUỘC,"屬性 thuộc tính
附屬 phụ thuộc
()"
屬,thuột,班迷屬 Buôn Ma Thuột
𡱩,thước,"戟𡱩 kích thước
𡱩西 thước tây
𡱩𢩫 thước kẻ"
商,THƯƠNG,"商賣 thương mại
商品 thương phẩm
商說 thương thuyết"
傷,THƯƠNG,"傷亡 thương vong
傷害 thương hại
傷疾 thương tật
傷㤇 thương yêu
易傷 dễ thương
傷感 thương cảm"
滄,THƯƠNG,桑滄 tang thương
槍,THƯƠNG,"刀槍 đao thương
火槍 hoả thương"
賞,THƯỞNG,"𦄂賞 giải thưởng
賞罰 thưởng phạt
賞月 thưởng nguyệt
賞識 thưởng thức"
賞,thững,朗賞 lững thững
常,THƯỜNG,"平常 bình thường
常川 thường xuyên
䁛常 coi thường"
上,THƯỢNG,"上流 thượng lưu
𡑝上 sân thượng
皇上 hoàng thượng
上策 thượng sách"
尚,THƯỢNG,"高尚 cao thượng
和尚 hoà thượng"
浖,thụt,"浖𨀤 thụt lùi
[翻]"
查,TRA,"審查 thẩm tra
檢查 kiểm tra
查𠳨 tra hỏi
[翻]"
查,tra,"𩵜查 cá tra
[翻]"
揸,tra,"揸籺𥣐 tra hạt vừng
揸劍𠓨𤿭 tra kiếm vào vỏ"
㨋,trả,"㨋𧴱 trả nợ
㨋錢 trả tiền
㨋𠳒 trả lời
還㨋 hoàn trả
㨋恩 trả ơn"
㨋,giả,⇔㨋trả
詐,TRÁ,"奸詐 gian trá
巧詐 xảo trá
嚉詐 dối trá
詐形 trá hình
假詐 giả trá"
茶,TRÀ,"𢯠茶 pha trà
瓶茶 bình trà
飲茶 ẩm trà
茶青 trà xanh"
茶,chè,"鈉茶 nồi chè
茶盞 chè chén"
測,TRẮC,"測驗 trắc nghiệm
觀測 quan trắc
測地 trắc địa
不測 bất trắc"
𨁷,trặc,軸𨁷 trục trặc
責,TRÁCH,"譴責 khiển trách
責據 trách cứ
責任 trách nhiệm
責𠻵 trách mắng
責𢪮 trách móc"
澤,TRẠCH,"潤澤 nhuận trạch
[翻]"
𤳆,trai,"𡥵𤳆 con trai
英𤳆 anh trai
()"
𤳆,giai,⇔𤳆trai
𤳆,lai,⇔𤳆trai
齋,TRAI,"書齋 thư trai
齋房 trai phòng
齋戒 trai giới
[翻]"
齋,chay,"咹齋 ăn chay
齋淨 chay tịnh"
𧕚,trai,"𧕚儮𠵘 trai lệch mồm
玉𧕚 ngọc trai
𠁻籺𧕚 chuỗi hạt (hột) trai"
𧕚,giai,⇔𧕚trai
𱱇,trải,"𥧪𱱇 trống trải
𱱇毯 trải thảm
𫫞𱱇 nếm trải
[異]𣦰"
債,TRÁI,債票 trái phiếu
債,trái,"邊債 bên trái
沛債 phải trái
債卬 trái ngang"
債,lái,⇔債trái
廌,TRÃI,阮廌 Nguyễn Trãi
寨,TRẠI,"營寨 doanh trại
邑寨 ấp trại"
站,TRẠM,"站氣象 trạm khí tượng
站舍 trạm xá"
站,trậm,站摨站秩 trậm trầy trậm trật
𤾓,trăm,"𤾓𢆥 trăm năm
亙𤾓 hàng trăm
份𤾓 phần trăm
[翻]"
沈,TRẦM,"沈淪 trầm luân
沈默 trầm mặc
沈重 trầm trọng
沈香 trầm hương
沈𣼽 trầm lặng
𠰩沈 giọng trầm
[翻]"
沈,chìm,"沈汲 chìm ngập
沈㴷 chìm đắm
斤沈 cân chìm
𠀧沈𠤩浽 ba chìm bảy nổi"
沈,trầm,"沈徂 trầm trồ
[翻]"
𩑰,trán,𩑰𥳉 trán dô
𣼼,tràn,"𣼼攔 tràn lan
𣼼𣹓 tràn đầy
[翻]"
𣼼,giàn,⇔𣼼tràn
粦,trăn,粦𠭤 trăn trở
珍,TRÂN,"珍重 trân trọng
珍珠 trân châu
珍饈 trân tu
珍寶 trân bảo
珍禽異獸 trân cầm dị thú
[翻]"
鎮,TRẤN,"市鎮 thị trấn
鎮靜 trấn tĩnh
鎮壓 trấn áp
鎮守 trấn thủ"
陳,TRẦN,"陳設 trần thiết
條陳 điều trần
陳皮 trần bì
陳𪳹 trần trụi
𣱆陳 họ Trần
對蹎陳 đôi chân trần"
塵,TRẦN,"塵俗 trần tục
塵世 trần thế
承塵 thừa trần"
陣,TRẬN,"臨陣 lâm trận
陣杶 trận đòn
陣打 trận đánh"
陣,trặn,圇陣 tròn trặn
𢬂,trang,"𢬂𱱇 trang trải
𢬂𥟉 trang thóc
丐𢬂 cái trang"
莊,TRANG,"莊重 trang trọng
康莊 khang trang
莊雅 trang nhã
義莊 nghĩa trang
莊𰨂 trang thờ
[翻]()"
奘,trang,𠬠奘豪傑 một trang hào kiệt
粧,TRANG,"化粧 hoá trang
粧點 trang điểm"
裝,TRANG,"服裝 phục trang
軍裝 quân trang
假裝 giả trang
裝飾 trang sức"
壯,TRÁNG,"壯麗 tráng lệ
強壯 cường tráng
壯健 tráng kiện"
𣴣,tráng,"𣴣𠰘 tráng miệng
紙𣴣金 giấy tráng kim"
長,TRÀNG,"長籺 tràng hạt
長花 tràng hoa
長樂 tràng nhạc"
長,TRƯỞNG,"部長 bộ trưởng
長輩 trưởng bối
長成 trưởng thành"
長,TRƯỜNG,"所長 sở trường
長期 trường kì
長壽 trường thọ"
腸,TRÀNG,大腸 đại tràng
腸,TRƯỜNG,斷腸 đoạn trường
腸,sườn,臘腸 lạp sườn
腸,xưởng,臘腸 lạp xưởng
腸,xường,臘腸 lạp xường
狀,TRẠNG,"情狀 tình trạng
告狀 cáo trạng
事狀 sự trạng"
𦝄,trăng,"𦝄嫩 trăng non
𦝄清 trăng thanh
𦝄缺 trăng khuyết
𦝄花 trăng hoa"
𦝄,giăng,⇔𦝄trăng
𤽸,trắng,"𩚵𤽸 cơm trắng
𤽸𤽀 trắng trẻo"
𤽸,trăng,"𤽸𤽸 trăng trắng
⇔𤽸trắng"
爭,TRANH,"鬥爭 đấu tranh
爭𨅮 tranh đua
紛爭 phân tranh
[翻]"
爭,danh,⇔爭tranh
𦱊,tranh,"𦹯𦱊 cỏ tranh
茹𦱊 nhà tranh"
幀,tranh,"幀影 tranh ảnh
幅幀 bức tranh
幀𦘧 tranh vẽ"
𠬉,tránh,"𠬉儞 tránh né
𠬉𠺌 tránh khỏi
遁𠬉 trốn tránh"
𢭂,trao,"𢭂𢷮 trao đổi
𢭂𢬣 trao tay"
嘲,TRÀO,"嘲諷 trào phúng
自嘲 tự trào
嘲弄 trào lộng"
嘲,chào,"嘲𠳨 chào hỏi
吀嘲 xin chào
[翻]"
𢫵,trau,𢫵𢬗 trau dồi
𤛠,trâu,"𤛠𤙭 trâu bò
頭𤛠𩈘馭 đầu trâu mặt ngựa
()"
𤛠,tru,⇔𤛠trâu
𦺓,trầu,"𣘃𦺓 cây trầu
𦺓槹 trầu cau
咹𦺓 ăn trầu
[翻]"
𦺓,giầu,⇔𦺓trầu
𥯌,tre,"𣘃𥯌 cây tre
𤅶𥯌 Bến Tre
[翻]"
𥘷,trẻ,"𥘷𡮈 trẻ nhỏ
𥘷中 trẻ trung
𥘷𡥵 trẻ con
[異]稚"
𡂙,trề,"𡂙腜 trề môi
𣼼𡂙 tràn trề"
𬓐,trễ,"𬓐𣇞 trễ giờ
踸𬓐 chậm trễ"
𠹖,trẽn,𥗁𠹖 trơ trẽn
𨑗,trên,"於𨑗 ở trên
𨑗𡗶 trên trời
[翻][異]𨕭"
撩,treo,"撩旗 treo cờ
撩𬨠 treo lên
𠦳斤撩𥾘𩯀 ngàn cân treo sợi tóc"
𤽀,trẻo,"𤽸𤽀 trắng trẻo
[翻]"
𨅹,trèo,"蹽𨅹 leo trèo
𨅹𣘃 trèo cây"
知,TRI,"先知 tiên tri
知覺 tri giác
知識 tri thức
良知 lương tri
[翻]"
致,TRÍ,"一致 nhất trí
休致 hưu trí
致力 trí lực
致命 trí mạng"
智,TRÍ,"理智 lí trí
才智 tài trí
智𢖵 trí nhớ
智力 trí lực"
置,TRÍ,"裝置 trang trí
位置 vị trí
布置 bố trí"
池,TRÌ,"城池 thành trì
越池 Việt Trì"
池,đìa,"潭池 đằm đìa
𤎕池扒𩵜 tắt đìa bắt cá
𧴱池𫥨 nợ đìa ra"
持,TRÌ,"維持 duy trì
主持 chủ trì
保持 bảo trì
堅持 kiên trì"
馳,TRÌ,"馳驅 trì khu
馳名 trì danh"
墀,TRÌ,"丹墀 đan trì
玉墀 ngọc trì"
遲,TRÌ,"遲緩 trì hoãn
遲鈍 trì độn
遲滯 trì trệ
凌遲 lăng trì"
遲,chầy,"𱢤遲 bấy chầy
遲𨧣 chầy xớt
拯𫏢時遲 chẳng chóng thì chầy"
稚,TRĨ,幼稚 ấu trĩ
治,TRỊ,"政治 chính trị
治安 trị an"
治,chệ,沾治 chễm chệ
治,trịa,圇治 tròn trịa
值,TRỊ,價值 giá trị
值,TRỰC,值日 trực nhật
摘,TRÍCH,"指摘 chỉ trích
摘錄 trích lục
[翻]"
展,TRIỂN,"發展 phát triển
展覽 triển lãm
展望 triển vọng"
哲,TRIẾT,"哲學 triết học
賢哲 hiền triết"
蜇,triết,"𡥵蜇 con triết
𪘵蜇 răng triết"
撤,TRIỆT,撤銷 triệt tiêu
徹,TRIỆT,"徹底 triệt để
貫徹 quán triệt"
朝,TRIỀU,"朝代 triều đại
朝廷 triều đình
天朝 thiên triều
朝鮮 Triều Tiên"
朝,chiều,"朝向 chiều hướng
朝高 chiều cao
朝𡥵 chiều con
朝𡮶 chiều chuộng
𫥨朝輕鄙 ra chiều khinh bỉ"
潮,TRIỀU,"水潮 thuỷ triều
海潮 hải triều"
潮,thiều,梶潮 vải thiều
潮,trào,"㳥潮 sóng trào
高潮 cao trào
退潮 thoái trào
潮流 tràolưu
風潮 phong trào
[翻]"
召,TRIỆU,"召見 triệu kiến
召集 triệu tập
召回 triệu hồi"
兆,TRIỆU,"𠬠兆 một triệu
兆症 triệu chứng"
趙,TRIỆU,婆趙 bà Triệu
貞,TRINH,"貞白 trinh bạch
貞女 trinh nữ
貞原 trinh nguyên
[翻]"
偵,TRINH,"偵探 trinh thám
偵察 trinh sát"
楨,TRINH,潘周楨 Phan Chu Trinh
呈,TRÌNH,"呈排 trình bày
遞呈 đệ trình"
程,TRÌNH,"程度 trình độ
章程 chương trình
重程 trùng trình
規程 quy trình
行程 hành trình"
鄭,TRỊNH,"鄭重 trịnh trọng
𣱆鄭 họ Trịnh"
𢩪,trìu,"𢩪𢗔 trìu mến
[翻]"
𥾇,trĩu,"𥾇𥘀 trĩu nặng
𥾇𦅄 trĩu trịt"
𠻀,trò,"𫜵𠻀 làm trò
𠻀𨔈 trò chơi
𡀯𠻀 chuyện trò"
擼,trổ,"𪮻擼 chạm trổ
鋟擼 xăm trổ"
𥗁,trơ,"𥗁𥋽 trơ tráo
𥗁𠹖 trơ trẽn"
阻,TRỞ,"阻礙 trở ngại
捍阻 cản trở
仄阻 trắc trở"
𠭤,trở,"𠭤成 trở thành
𠭤𧗱 trở về
[異]阻𧿨"
𠭤,giở,"𠭤症 giở chứng
𠭤𩙍 giở gió
𠭤𩈘 giở mặt
𠭤𩱻 giở quẻ
⇔𠭤trở"
𠭤,lở,⇔𠭤trở
助,TRỢ,"互助 hỗ trợ
助理 trợ lí
救助 cứu trợ
助力 trợ lực
[翻]"
繓,trói,"繓𫃚 trói buộc
扒姑繓榾 bắt cô trói cột"
𪳹,trọi,𪳹𣹗 trọi trơn
𪳹,trụi,"𥗁𪳹 trơ trụi
陳𪳹 trần trụi
[翻]"
㵢,trôi,"㵢浽 trôi nổi
[翻]"
𨊚,trội,越𨊚 vượt trội
𡗶,trời,"𡗶𡐙 trời đất
意𡗶 ý trời
𡗶佛 trời phật
𡗶青 trời xanh
[翻]"
𡗶,giời,"𤏬𡗶 sáng giời
𡗶𡐙 giời đất
⇔𡗶trời"
𥌈,trộm,"咹𥌈 ăn trộm
仉𥌈 kẻ trộm
𥌈擬哴 trộm nghĩ rằng
[翻]"
圇,tròn,"𦝄圇 trăng tròn
𤥑圇 vòng tròn
𣃱圇 vuông tròn
圇𠸩 tròn trĩnh
[翻][異]𧷺𡃋"
圇,trõn,"圇圇 tròn trõn
[翻]"
𠓻,trọn,𠓻襘 trọn gói
𢶿,trộn,搽𢶿 trà trộn
𣹗,trơn,紗𣹗 sa trơn
𥉲,trợn,𥉲圇 trợn tròn
𥉲,trờn,"𥉲𥉲 trờn trợn
⇔𥉲trợn"
沖,trong,"沖令 trong lành
𤏬沖 sáng trong
沖𠁸 trong suốt
𢭬濁𢵱沖 gạn đục khơi trong
[異]𤄯"
𥪝,trong,"𥪝外 trong ngoài
𥪝茹 trong nhà
[異]𥪞"
仲,TRỌNG,"仲裁 trọng tài
仲春 trọng xuân
昆仲 côn trọng
[翻]"
重,TRỌNG,"關重 quan trọng
重要 trọng yếu
重用 trọng dụng
䀡重 xem trọng"
重,TRÙNG,"重疊 trùng điệp
重逢 trùng phùng
重程 trùng trình"
重,chồng,"重㩫 chồng chất
重埬 chồng đống"
重,chùng,縶重 chập chùng
矓,trông,"矓䟻 trông chờ
矓懞 trông mong
[異]𬂙𬖉()"
𤿰,trống,"打𤿰 đánh trống
鉦𤿰 chiêng trống
𤿰𩚵 trống cơm
𤿰更 trống canh
[異]𪔠𫪹"
𥧪,trống,"𥧪𱱇 trống trải
𥧪咏 trống vắng"
𥧪,chống,"𥧪𠰪 chống chếnh
⇔𥧪trống"
𣑺,trồng,"𣑺𢫖 trồng trọt
𣑺花 trồng hoa"
𣑺,giồng,⇔𣑺trồng
跌,trợt,跌𣼷 trợt lớt
跌,trượt,"跌氷 trượt băng
跌雪 trượt tuyết"
咮,tru,咮𧾿 tru tréo
咮,trụa,摨咮 trầy trụa
住,TRÚ,"居住 cư trú
住貫 trú quán
住寓 trú ngụ
住民 trú dân
住𩄎 trú mưa
住隱 trú ẩn"
住,TRỤ,"住所 trụ sở
住持 trụ trì"
住,giọ,佋住 giẹo giọ
住,trọ,"茹住 nhà trọ
於住 ở trọ"
駐,TRÚ,"駐軍 trú quân
駐蹎 trú chân"
擣,trù,"擣殀 trù ẻo
擣𡏽 trù dập
()"
疇,TRÙ,範疇 phạm trù
籌,TRÙ,"籌備 trù bị
籌料 trù liệu
預籌 dự trù
籌併 trù tính
()"
宙,trụ,"宇宙 vũ trụ
[翻]"
柱,TRỤ,"柱榾 trụ cột
棱柱 lăng trụ
形柱 hình trụ
朱𠬠中隊柱徠抵打敌 cho một trung đội trụ lại để đánh địch"
著,TRỨ,"著述 trứ thuật
著名 trứ danh"
著,nước,著棋 nước cờ
除,TRỪ,"免除 miễn trừ
剿除 tiễu trừ
排除 bài trừ
除非 trừ phi
除去 trừ khử
法除 phép trừ"
除,chừa,"除𩈘 chừa mặt
除𫇿蘿 chừa thuốc lá"
儲,TRỪ,儲備 trừ bị
貯,TRỮ,"貯量 trữ lượng
預貯 dự trữ
積貯 tích trữ"
貯,chứa,㩫貯 chất chứa
曥,trưa,"班曥 ban trưa
()"
迍,TRUÂN,"艱迍 gian truân
迍邅 truân chuyên
迍邅 truân chiên"
迍,đón,"迻迍 đưa đón
迍塘 đón đường
迍春 đón xuân
迍接 đón tiếp"
竹,TRÚC,竹葉 trúc diệp
築,TRÚC,"建築 kiến trúc
構築 cấu trúc"
逐,TRỤC,"逐出 trục xuất
驅逐 khu trục"
軸,TRỤC,"軸車 trục xe
同軸 đồng trục"
𢴊,trục,"𣛠𢴊 máy trục
竿𢴊 cần trục
𢴊𣾼 trục vớt"
𢴊,trùng,"𢴊𢴊 trùng trục
⇔𢴊trục"
直,TRỰC,"直接 trực tiếp
忠直 trung trực
直覺 trực giác
直言 trực ngôn
直線 trực tuyến
[翻]"
追,TRUY,"追及 truy cập
追𨓡 truy lùng
追尋 truy tìm
追悼 truy điệu
追封 truy phong"
墜,TRUỴ,"墜落 truỵ lạc
墜循環 truỵ tuần hoàn"
傳,TRUYỀN,"傳說 truyền thuyết
宣傳 tuyên truyền
傳𠫾 truyền đi
傳令 truyền lệnh"
傳,TRUYỆN,"外傳 ngoại truyện
自傳 tự truyện
傳翹 Truyện Kiều"
傳,chuyền,"傳琫 chuyền bóng
絏傳 dây chuyền"
𠆳,trùm,"包𠆳 bao trùm
翁𠆳 ông trùm
[翻]"
中,TRUNG,"中部 trung bộ
中心 trung tâm"
中,TRÚNG,"中計 trúng kế
𢏑中 bắn trúng
中意 trúng ý
中毒 trúng độc
中彈 trúng đạn
中風 trúng phong"
忠,TRUNG,"忠誠 trung thành
忠孝 trung hiếu
[翻]"
蟲,TRÙNG,"殺蟲 sát trùng
昆蟲 côn trùng
微蟲 vi trùng
()"
徵,TRƯNG,"特徵 đặc trưng
象徵 tượng trưng
徵兵 trưng binh
徵求 trưng cầu
[翻]"
徵,trưng,"徵排 trưng bày
徵面 trưng diện
𤏬徵 sáng trưng
[翻]"
徵,chưng,⇔徵trưng（𡨸喃chữNôm）
𱑛,trứng,"𱑛𪃿 trứng gà
𠬠佐𱑛 một tá trứng"
澄,TRỪNG,澄清 trừng thanh
澄,chừng,"䁛澄 coi chừng
約澄 ước chừng
度澄 độ chừng"
懲,TRỪNG,懲罰 trừng phạt
𠓀,trước,"𠓀低 trước đây
𠫾𠓀 đi trước
𠓀𢖖󠄁 trước sau
[異]畧𫏾"
𦚭,truồng,陳𦚭 trần truồng
張,TRƯƠNG,"主張 chủ trương
誇張 khoa trương
緊張 khẩn trương
張冊 trương sách
張弓 trương cung
張帆 trương buồm"
張,chăng,"張畑 chăng đèn
張絏 chăng dây"
張,trang,張正 trang chính
張,giăng,⇔張chăng
賬,trương,"賬目 trương mục
賬簿 trương bộ"
帳,TRƯỚNG,"幅帳 bức trướng
幔帳 màn trướng"
場,TRƯỜNG,"戰場 chiến trường
會場 hội trường
場學 trường học"
抽,TRỪU,抽象 trừu tượng
幽,U,"幽暗 u ám
幽𢞂 u buồn
幽谷 u cốc
吶幽㐵 nói u ơ
[翻]"
膒,ủ,"膒癒 ủ rũ
𬪁膒 ấp ủ
膒糞 ủ phân"
𢛨,ưa,𢛨適 ưa thích
抑,ỨC,"抑制 ức chế
鬱抑 uất ức
𤋾抑 ấm ức"
憶,ỨC,"回憶 hồi ức
記憶 kí ức
[翻]"
臆,ỨC,"𩩫臆 xương ức
臆斷 ức đoán
臆說 ức thuyết"
熨,ủi,"𣛠熨 máy ủi
熨𡐙 ủi đất
盤熨 bàn ủi"
威,UY,"威力 uy lực
權威 quyền uy
威名 uy danh
威嚴 uy nghiêm
軍威 quân uy
示威 thị uy
[翻]"
威,OAI,"威衛 oai vệ
威嚴 oai nghiêm
威風 oai phong
威儀 oainghi
𫥨威 ra oai
⇔威uy"
委,UỶ,"委班 uỷ ban
委員 uỷ viên
委任 uỷ nhiệm
黨委 đảng uỷ
委託 uỷ thác"
尉,UÝ,"大尉 đại uý
准尉 chuẩn uý"
淵,UYÊN,"淵深 uyên thâm
淵博 uyên bác"
婉,UYỂN,婉轉 uyển chuyển
雍,UNG,"雍容 ung dung
[翻]"
擁,ỦNG,擁護 ủng hộ
臃,ỦNG,"臃腫 ủng sũng
柑臃 cam ủng"
澭,úng,"汲澭 ngập úng
澭水 úng thuỷ
果澭 quả úng
𢳥澭 tháo úng
𬪁澭 ấp úng
蔞𣩂澭 rau chết úng"
應,ƯNG,"應意 ưng ý
不應 bất ưng
應順 ưng thuận
[翻]"
應,ỨNG,"反應 phản ứng
適應 thích ứng
應答 ứng đáp
應付 ứng phó
[翻]"
應,ứng,"碎應朱舅饒妬錢𠓀 tôi ứng cho cậu nhiêu đó tiền trước
[翻]"
約,ƯỚC,"約定 ước định
條約 điều ước
約數 ước số
約呦 ước ao
約懞 ước mong
[翻]"
約,ước,"約呦 ước ao
約懞 ước mong
[翻]"
捥,uốn,捥𫅤 uốn lượn
枉,UỔNG,"枉功 uổng công
冤枉 oan uổng
枉費 uổng phí
枉錢 uổng tiền
押枉 ép uổng"
㕵,uống,"㕵𣷱 uống sữa
㕵茶 uống trà
[異]𠶖"
央,ƯƠNG,中央 trung ương
怏,ương,"椳怏 ổi ương
怏𡁎 ương dở
怏厄 ương ách"
殃,ƯƠNG,災殃 tai ương
秧,ƯƠNG,"秧𣘃 ương cây
秧𩵜 ương cá"
㲸,ướt,"㲸遏 ướt át
𤀔㲸 ẩm ướt"
挹,úp,"挹𬺗 úp xuống
打挹 đánh úp
[翻]"
𠃝,út,"𡥵𠃝 con út
㛪𠃝 em út
[翻]"
憂,ƯU,"憂煩 ưu phiền
分憂 phân ưu
憂愁 ưu sầu"
憂,âu,"憂掩 âu yếm
𢥈憂 lo âu
憂愁 âu sầu"
優,ƯU,"優先 ưu tiên
優勢 ưu thế
優待 ưu đãi
優秀 ưu tú
[翻]"
𡲤,vả,"𡲤徠 vả lại
𡲤𠰘 vả miệng"
𦀪,vá,"裙𦀪襠 quần vá đũng
𦀪𬗠 vá víu"
吧,và,"㛪吧碎 em và tôi
頭吧蹎𢬣 đầu và chân tay"
𢯓,và,"𢯓𩚵 và cơm
𧣕𢯓 tù và"
𠳿,vã,"咹𠳿 ăn vã
𠳚𠳿 cãi vã"
浘,vã,"浘蒲洃 vã mồ hôi
浘𫇿 vã thuốc"
𨁱,vã,"𢪱𨁱 vật vã
𫏚𨁱 vội vã"
𱠲,vác,"扑𱠲 bốc vác
[翻]"
壁,vách,"擦壁 sát vách
茹連壁 nhà liền vách"
㩇,vạch,"㩇陳 vạch trần
碼㩇 mã vạch
𢩫㩇 kẻ vạch"
㩇,vệch,⇔㩇vạch
𦠘,vai,"𠁔𦠘 sánh vai
𦠘髀 vai vế
[翻]()"
𡲫,vải,"𡲫𥾘 vải sợi
𥿍𡲫 khổ vải"
𠄧,vài,"𠬠𠄧 một vài
𠄧𠀧 vài ba
[異]𠄽𣀟"
䞈,vay,"䞈錢 vay tiền
䞈摱 vay mượn
朱䞈 cho vay"
捤,vẫy,"捤𢬣 vẫy tay
捤摓 vẫy vùng"
丕,vậy,"如丕 như vậy
爲丕 vì vậy"
丕,dậy,⇔丕vậy
丕,vầy,⇔丕vậy
𠹚,van,"𠹚吀 van xin
𠹚奈 van nài
𠹚心 van tim"
挽,VÃN,"嘆挽 than vãn
哀挽 ai vãn
救挽 cứu vãn
喝挽 hát vãn"
晚,VÃN,"晚𣈜 vãn ngày
晚役 vãn việc
晚年 vãn niên
𬋱晚 ve vãn"
晚,muộn,"秋晚 thu muộn
晚芒 muộn màng"
萬,VẠN,"萬事 vạn sự
萬物 vạn vật
萬一 vạn nhất
萬歲 vạn tuế
()"
萬,man,"幾萬 cơ man
𠬠萬 một man"
萬,vàn,"𨷈萬 muôn vàn
無萬 vô vàn"
文,VĂN,"文章 văn chương
人文 nhân văn
句文 câu văn
[翻]"
紋,VĂN,花紋 hoa văn
紋,vân,"𫄎紋 lụa vân
紋𢬣 vân tay
楛𬅀固紋惵 gỗ lát có vân đẹp"
聞,VĂN,新聞 tân văn
𬑰,vắn,"𬑰𨄠 vắn tắt
[異]𥐆"
彣,vằn,"馭彣 ngựa vằn
彣綄 vằn vện"
紜,VÂN,"紛紜 phân vân
[翻]"
雲,VÂN,"雲杉 vân sam
雲霞 vân hà"
雲,vằn,雲吞 vằn thắn
問,VẤN,"問題 vấn đề
學問 học vấn
問安 vấn an
審問 thẩm vấn"
𦄞,vấn,"𦄞𥿁 vấn vương
𦄞𩯀 vấn tóc"
吻,vẫn,"吻𡀳 vẫn còn
吻𣗓 vẫn chưa
[異]刎"
絆,vận,絆裙 vận quần
絆,bận,"咹絆 ăn bận
絆襖 bận áo
⇔絆vận"
運,VẬN,"運動 vận động
運載 vận tải
運數 vận số"
運,vần,搓運 xoay vần
韻,VẬN,"音韻 âm vận
韻母 vận mẫu
風韻 phong vận"
韻,vần,"打韻 đánh vần
協韻 hiệp vần"
㘇,vang,"㘇淩 vang lừng
㗂㘇 tiếng vang
音㘇 âm vang
𨤔㘇 vẻ vang
𨢇㘇 rượu vang
[翻]()"
𤷮,váng,𤶜𤷮 choáng váng
鐄,vàng,"鐄鶯 vàng anh
鐄蘿 vàng lá
鐄心 vàng tâm"
挷,văng,"橋挷 cầu văng
挷𫥨 văng ra"
𦕟,vẳng,"𦕟𦕟 văng vẳng
𦕟𦖑 vẳng nghe
𦕟㗂 vẳng tiếng"
𦕟,văng,"𦕟𦕟 văng vẳng
⇔𦕟vẳng"
咏,vắng,"咏悄 vắng teo
咏𩈘 vắng mặt
𥧪咏 trống vắng
賒咏 xa vắng"
𠳐,vâng,"㖡𠳐 dạ vâng
[翻]"
鑅,vành,"鑅𦖻 vành tai
鑅墆 vành đai
鑅圇 vành tròn
鑅𥴗 vành thúng
鑅𤔻馭 vành móng ngựa"
鑅,vạnh,鑅鑅 vành vạnh
𠓨,vào,"信𠓨 tin vào
澦𠓨 dựa vào
[翻]"
伆,vặt,𠇁伆 dằn vặt
沕,vất,"沕𬨠 vất lên
沕彷 vất vưởng"
𢪱,vật,"𢪱𪵅 vật lộn
𢪱𨁟 vật ngã
[異]勿沕"
物,VẬT,"信物 tín vật
植物 thực vật
畜物 súc vật
[翻]"
𡐮,ve,𡐮𫇿𧹻 ve thuốc đỏ
𨤔,vẻ,"𠍵𨤔 dáng vẻ
𨤔㘇 vẻ vang
𢝙𨤔 vui vẻ"
𥿯,vé,"𥿯劇 vé kịch
檢𥿯 kiểm vé
𥿯去回 vé khứ hồi"
𦘧,vẽ,"𦘧幀 vẽ tranh
𦘧樸 vẽ phác
門𦘧 môn vẽ
𦘧𡸏 vẽ vời
𦘧形 vẽ hình
()"
髀,vế,𦠘髀 vai vế
𧗱,về,"𠭤𧗱 trở về
𧗱茹 về nhà"
衛,VỆ,"保衛 bảo vệ
衛生 vệ sinh
衛星 vệ tinh
衛塘 vệ đường
[翻]"
捖,vẹn,"捖全 vẹn toàn
𠓻捖 trọn vẹn
原捖 nguyên vẹn
㖹捖 vỏn vẹn"
捖,vẻn,"捖捖 vẻn vẹn
⇔捖vẹn"
𣷴,veo,"沖𣷴 trong veo
消𣷴𪥘󠄁錢 tiêu veo cả tiền"
𢵼,vét,"噅𢵼 vơ vét
𢵼鈉 vét nồi"
𠾲,vẹt,"𩌂𠾲𨃴 giầy vẹt gót
𤷱𠾲 mòn vẹt"
𤵖,vết,"𤵖跡 vết tích
𤵖傷 vết thương"
圍,VI,"範圍 phạm vi
周圍 chu vi
()"
圍,vây,"包圍 bao vây
棋圍 cờ vây
圍𨒺 vây quanh"
爲,VI,行爲 hành vi
爲,VỊ,爲他 vị tha
爲,vì,"在爲 tại vì
𤳸爲 bởi vì"
違,VI,違犯 vi phạm
微,VI,"精微 tinh vi
微波 vi ba
紫微 tử vi
微生物 vi sinh vật"
尾,VĨ,"鳶尾 diên vĩ
鳳尾 phượng vĩ"
偉,VĨ,"偉大 vĩ đại
雄偉 hùng vĩ
偉模 vĩ mô"
緯,VĨ,"緯度 vĩ độ
緯線 vĩ tuyến"
位,VỊ,"位置 vị trí
位勢 vị thế
學位 học vị"
位,vì,"治位 trị vì
𠬠位將才 một vì tướng tài"
味,VỊ,"味𤮾 vị ngọt
苿味 mùi vị
加味 gia vị
趣味 thú vị
無味 vô vị"
味,mì,味精 mì chính
彙,VỊ,字彙 tự vị
彙,VỰNG,"詞彙 từ vựng
彙集 vựng tập"
謂,VỊ,謂之 vị chi
𤽶,vía,拔𤽶 bạt vía
炎,VIÊM,"炎肺 viêm phổi
炎𦙥 viêm họng"
員,VIÊN,"生員 sinh viên
人員 nhân viên
黨員 đảng viên
員職 viên chức"
園,VIÊN,"公園 công viên
花園 hoa viên
趣田園 thú điền viên"
園,vườn,"園𣘃 vườn cây
𫜵園 làm vườn"
圓,VIÊN,"圓彈 viên đạn
圓寂 viên tịch"
遠,VIỄN,"永遠 vĩnh viễn
遠處 viễn xứ
遠征 viễn chinh
遠東 Viễn Đông"
遠,viển,遠望 viển vông
院,VIỆN,"書院 thư viện
院冊 viện sách
病院 bệnh viện
入院 nhập viện"
援,VIỆN,"救援 cứu viện
援助 viện trợ
增援 tăng viện
援理 viện lí"
援,vịn,"𢬣援 tay vịn
援𦠘 vịn vai
[翻]"
怺,viếng,"怺探 viếng thăm
賵怺 phúng viếng
[異]咏"
曰,VIẾT,"子曰 Tử viết
搊曰 Xô-viết"
𢪏,viết,"𢪏書 viết thư
𢪏帖 viết thiếp
𡨸𢪏 chữ viết
𢪏攊 viết lách
[異]曰"
越,VIỆT,"越南 Việt Nam
𠊛越 người Việt
超越 siêu việt"
越,vượt,"越過 vượt qua
越𣞪 vượt mức"
榮,VINH,"光榮 quang vinh
尊榮 tôn vinh
虛榮 hư vinh
榮幸 vinh hạnh
顯榮 hiển vinh
()"
永,VĨNH,"永遠 vĩnh viễn
永久 vĩnh cửu
[翻]"
永,vinh,"城庯永 Thành phố Vinh
[翻]"
泳,vịnh,泳下龍 vịnh Hạ Long
詠,VỊNH,"吟詠 ngâm vịnh
詠景 vịnh cảnh"
𩿠,vịt,"𡥵𩿠 con vịt
𪃿𩿠 gà vịt
信𩿠 tin vịt
𫿒𩿠 vờ vịt
[異]𬷲𪆧"
𬗠,víu,"𦀪𬗠 vá víu
𦁽𬗠 vướng víu
[翻]"
𤿭,vỏ,"剝𤿭 bóc vỏ
揸劍𠓨𤿭 tra kiếm vào vỏ"
武,VÕ,"武士 võ sĩ
武俠 võ hiệp
武將 võ tướng
文武 văn võ"
武,VŨ,"武器 vũ khí
武力 vũ lực
𣱆武 họ Vũ
⇔武võ"
㽳,võ,㽳㽳 vò võ
㽳,vò,"㽳㽳 vò võ
⇔㽳võ"
𠓺,vô,"𠫾𠓺 đi vô
㕵朱𡗋𠓺！ uống cho lắm vô!"
𢯞,vỗ,"𢯞𢬣 vỗ tay
𢯞脿 vỗ béo
𢯞𧗱 vỗ về"
噅,vơ,"巴噅 bơ vơ
𪷦噅 vẩn vơ
啫噅 chơ vơ
[翻]"
𡲈,vở,𡲈劇 vở kịch
𦅂,vớ,"丐𦅂 cái vớ
𫼳𦅂 mang vớ"
𫼻,vớ,"𫼻𥙩 vớ lấy
𫼻𪷦 vớ vẩn"
蚽,vờ,"𡥵蚽 con vờ
殼如蚽 xác như vờ"
𥒮,vỡ,"打𥒮 đánh vỡ
易𥒮 dễ vỡ
𥒮䏾 vỡ bụng
散𥒮 tan vỡ"
𱙡,vợ,"𱙡𫯳 vợ chồng
𱙡𪥘󠄁 vợ cả
[異]𡞕"
𨈒,vóc,"𨈒𠊛 vóc người
𨈒𠍵 vóc dáng
尋𨈒 tầm vóc"
㺔,voi,"𡥵㺔 con voi
𩵜㺔 cá voi
得㺔𠾕仙 được voi đòi tiên"
㖣,vòi,"㖣永 vòi vĩnh
[翻]"
𦞑,vòi,"𦞑浸 vòi tắm
𦞑𧋟 vòi muỗi"
𫏚,vội,"𧼋𫏚 chạy vội
𫏚傍 vội vàng
[異]倍"
潙,vơi,"𨔈潙 chơi vơi
[翻]"
𫬑,vời,"朱𫬑 cho vời
𫬑𦤾 vời đến"
𲂪,vốn,"錢𲂪 tiền vốn
𲂪詞 vốn từ
給𲂪 cấp vốn
價𲂪 giá vốn
𲂪冒險 vốn mạo hiểm
[異]本"
亡,VONG,"滅亡 diệt vong
亡命 vong mạng
亡靈 vong linh
傷亡 thương vong"
忘,VONG,忘恩 vong ân
𤥑,vòng,"𤥑圇 vòng tròn
𤥑𢬣 vòng tay
𤥑𨒺 vòng quanh
㧅𤥑 đeo vòng
[異]𨦩"
妄,VỌNG,"狂妄 cuồng vọng
妄言 vọng ngôn"
望,VỌNG,"希望 hi vọng
願望 nguyện vọng
望族 vọng tộc
㗂望 tiếng vọng
[翻]"
望,vông,"遠望 viển vông
[翻]"
浡,vọt,"𬦮浡 nhảy vọt
浡𫥨 vọt ra
[翻]"
𣾼,vớt,𢴊𣾼 trục vớt
𦅲,vợt,勌𦅲 quần vợt
誣,VU,"誣控 vu khống
誣冤 vu oan
誣告 vu cáo"
蕪,VU,荒蕪 hoang vu
𦜘,vú,"𦜘媄 vú mẹ
𦜘𣷱 vú sữa
𦜘𩝺 vú nuôi"
宇,VŨ,宇宙 vũ trụ
羽,VŨ,𣯡羽 lông vũ
雨,VŨ,"穀雨 cốc vũ
雷雨 lôi vũ
風雨表 phong vũ biểu"
舞,VŨ,"舞會 vũ hội
歌舞 ca vũ"
舞,VÕ,"鼓舞 cổ võ
⇔舞vũ"
鵡,VŨ,鸚鵡 anh vũ
杅,vụ,"𡥵杅 con vụ
打杅 đánh vụ"
務,VỤ,"務役 vụ việc
務利 vụ lợi
務件 vụ kiện"
𤤰,vua,"茹𤤰 nhà vua
𤤰主 vua chúa"
𣃣,vừa,"𣃣𢚸 vừa lòng
𣃣沛 vừa phải
𣃣㵋 vừa mới
𣃣𢱨 vừa vặn
[異]皮"
域,VỰC,"區域 khu vực
領域 lĩnh vực
[翻]"
掝,vực,"㘈掝 ngờ vực
掝𠊛醝𧗱 vực người say về"
淢,vực,"淢漊 vực sâu
淢瀋 vực thẳm"
𢝙,vui,"安𢝙 yên vui
𢝙𢜠 vui mừng
𢝙𢯷 vui vầy
𢝙𨤔 vui vẻ
[翻]"
掊,vùi,"掊𡏽 vùi dập
墫掊 chôn vùi"
𢱔,vun,"𢱔𣑺 vun trồng
𢱔㙮 vun đắp
𢱔𢯝 vun vén
𢱔𢲳 vun xới
𢱔𱜏 vun vút"
僎,vụn,僎伆 vụn vặt
摓,vùng,"摓𬨠 vùng lên
捤摓 vẫy vùng"
漨,vùng,"漨𡐙 vùng đất
漨沔 vùng miền
漨𡗶 vùng trời
[異]𡓄"
淎,vũng,"淎渃 vũng nước
淎艚 Vũng Tàu"
𢜗,vụng,"咹𢜗 ăn vụng
𢜗𥌈 vụng trộm
𢜗𧗱 vụng về
[翻]"
凭,vững,"凭𢡠 vững chắc
凭胣 vững dạ
𥾽凭 bền vững
𣖟盤朱凭 kê bàn cho vững"
𫏖,vươn,𫏖𬨠 vươn lên
𣃱,vuông,𣃱𧣳 vuông góc
王,VƯƠNG,"王國 vương quốc
王子 vương tử
君王 quân vương"
𥿁,vương,"𥿁𦄞 vương vấn
𥿁𫵞 vương vãi
𦄞𥿁 vấn vương"
𦁽,vướng,"𦁽縸 vướng mắc
𦁽蹎 vướng chân
𦁽𥿀 vướng vít
𦁽𬗠 vướng víu"
旺,VƯỢNG,盛旺 thịnh vượng
𤢇,vuốt,"𤢇𬋱 vuốt ve
𤔻𤢇 móng vuốt
𤘓𤢇 nanh vuốt
𥋴𤢇 ngắm vuốt
吶𤢇脽 nói vuốt đuôi"
𱜏,vút,"𢒎𱜏 bay vút
高𱜏 cao vút"
挬,vụt,"挬琫 vụt bóng
挬𠫾 vụt đi
挬戈 vụt qua
挬𤏬 vụt sáng
[翻]"
挬,dục,⇔挬vụt
𨑥,vứt,"𨑥𠫾 vứt đi
𨑥𠬃 vứt bỏ"
車,XA,"車路 xa lộ
火車 hoả xa"
車,xe,"車𨍄 xe cộ
車焒 xe lửa
車踏 xe đạp"
車,xế,"車匣 xế hộp
舵車 tài-xế"
奢,XA,"奢華 xa hoa
奢望 xa vọng
[翻]"
賒,XA,"賒近 xa gần
賒茹 xa nhà"
捨,XẢ,捨身 xả thân
捨,xả,"㵊捨 xối xả
捨銃 xả súng
捨㫰 xả láng"
舍,XÁ,"宿舍 túc xá
寒舍 hàn xá
站舍 trạm xá
舍利 Xá lợi (lị)"
赦,XÁ,"特赦 đặc xá
赦罪 xá tội"
赦,tha,"赦恕 tha thứ
赦纇 tha lỗi
赦𩗴 tha bổng"
杈,xà,"杈夾 xà kép
杈儮 xà lệch
杈鋲 xà beng
杈撟 xà kèo"
蛇,XÀ,蟒蛇 mãng xà
硨,XÀ,"硨磲 xà cừ
硨房 xà-phòng"
社,XÃ,"社會 xã hội
社交 xã giao
市社 thị xã
翁社 ông xã"
射,XẠ,"反射 phản xạ
射手 xạ thủ
發射 phát xạ
輻射 bức xạ
映射 ánh xạ
善射 thiện xạ"
殼,XÁC,"體殼 thể xác
殼𣩂 xác chết
脫殼 thoát xác
殼豆 xác đậu
嗃殼 xao xác
綀殼 xơ xác"
確,XÁC,"正確 chính xác
確寔 xác thực
確定 xác định
確證 xác chứng
確認 xác nhận
[翻]"
捇,xách,籃捇 làn xách
喍,xài,"咹喍 ăn xài
銷喍 tiêu xài
[翻]"
𡏦,xây,"𡏦𥩯 xây dựng
𡏦㙮 xây đắp
[翻][異]磋搓"
繿,xám,"質繿 chất xám
繿哳 xám xịt"
駸,xăm,"賒駸 xa xăm
駸駸 xăm xăm
[翻]"
侵,xâm,"侵入 xâm nhập
侵害 xâm hại
侵犯 xâm phạm
侵略 xâm lược
[翻]"
𢷂,xắn,"𢷂裙 xắn quần
𦎡𢷂 xinh xắn
[翻]"
涳,xăng,"𠮙涳 ét-xăng
掕涳 lăng xăng
[翻]"
鐣,xanh,"丐鐣 cái xanh
鐣𨥿 xanh chảo"
嗃,xao,"嘮嗃 lao xao
嗃殼 xao xác"
巧,XẢO,"奸巧 gian xảo
[翻]"
𢫚,xáo,𢫚笀 xáo măng
𦄓,xâu,"𦄓扯 xâu xé
[翻]"
醜,xấu,"醜㖉 xấu xí
信醜 tin xấu
醜𢜜 xấu hổ"
𦀺,xe,"𦀺黹 xe chỉ
[翻]"
𠠚,xẻ,"𠝺𠠚 mổ xẻ
鋸𠠚 cưa xẻ
𢺹𠠚 chia xẻ"
扯,xé,"扯殼 xé xác
𦄓扯 xâu xé
𢭩扯 giằng xé"
𪰮,xế,"𪰮琫 xế bóng
𪰮斜 xế tà"
䀡,xem,"䀡𧡊 xem thấy
䀡察 xem xét
䀡𧴤 xem bói
䀡𩈘 xem mặt
䀡相 xem tướng
䀡常 xem thường
[翻]"
扦,xen,"扦悋 xen lẫn
撣扦 đan xen
扦𠴜 xen kẽ"
釧,xén,"割釧 cắt xén
俵釧 biếu xén
[翻]"
刟,xẻo,咜刟 xà xẻo
齒,XỈ,"齒質 xỉ chất
齒音 xỉ âm"
齒,xỉ,𢵸齒 xấp xỉ
㖉,xí,"醜㖉 xấu xí
㖉扠 xí xoá
㖉 xí"
廁,XÍ,"㙤廁 hố xí
茹廁 nhà xí"
幟,XÍ,旗幟 cờ xí
嚏,xì,"嚏唏 xì hơi
嚏𪖫 xì mũi
𣭃嚏 xù xì"
嚏,sì,"𣭃嚏 sù sì
⇔嚏xì"
𢸡,xỉa,籤𢸡𪘵 tăm xỉa răng
斥,XÍCH,排斥 bài xích
斥,xệch,"𠰭斥 méo xệch
躅斥 xộc xệch"
赤,XÍCH,"赤道 xích đạo
赤芍 xích thược
赤子 xích tử
[翻]"
𦎡,xinh,"𦎡惵 xinh đẹp
𦎡𢷂 xinh xắn
[翻]"
𧋍,xít,𧌂𧋍 bọ xít
𡭰,xíu,"子𡭰 tí xíu
𡮈𡭰 nhỏ xíu
[翻]"
搊,xô,"搊𢩽 xô đẩy
丐搊 cái xô
[翻]"
綀,xơ,"綀殼 xơ xác
綀桔 xơ quýt
綀如蛹 xơ như nhộng
[翻]"
叉,XOA,夜叉 dạ xoa
叉,sòa,侺叉 sùm sòa
𱱻,xoá,𤽸𱱻 trắng xoá
扠,xoá,"扠𠬃 xoá bỏ
扠𠫾 xoá đi"
搓,xoay,"搓處 xoay xở
搓運 xoay vần
搓陳 xoay trần"
洷,xói,"洷𤷱 xói mòn
𢸡洷 xỉa xói"
𥯎,xóm,"廊𥯎 làng xóm
[翻]"
𠮿,xôn,"𠮿嗃 xôn xao
[翻]"
𧿬,xộn,𪵅𧿬 lộn xộn
歱,xong,"歱𣵶 xong xuôi
歱𡀯 xong chuyện
工役歱耒 công việc xong rồi
[翻][異]衝"
㤕,xót,"㤕賒 xót xa
傷㤕 thương xót
[翻]"
趨,XU,"趨勢 xu thế
趨佞 xu nịnh
[翻]"
處,XỬ,"處理 xử lí
處罰 xử phạt
處事 xử sự
處案 xử án
居處 cư xử"
處,XỨ,"出處 xuất xứ
處所 xứ sở
遠處 viễn xứ"
處,xở,搓處 xoay xở
𨁰,xua,𨁰𨘗 xua đuổi
𠸗,xưa,"𣈜𠸗 ngày xưa
𠸗其 xưa kia
𠸗𫇰 xưa cũ
[異]初"
春,XUÂN,"𬁒春 mùa xuân
新春 tân xuân
回春 hồi xuân
青春 thanh xuân
立春 lập xuân"
出,XUẤT,"出口 xuất khẩu
出獄 xuất ngục
出廠 xuất xưởng
出衆 xuất chúng
產出 sản xuất"
促,XÚC,"逼促 bức xúc
促進 xúc tiến
促諂 xúc xiểm"
促,thúc,"促𠽖 thúc giục
催促 thôi thúc
敦促 đôn thúc
促𥱰 thúc giò
促𣎣𢬣𠓨𦘹伴 thúc khuỷu tay vào sườn bạn"
劅,xúc,"劅𡐙 xúc đất
劅炭 xúc than
劅𡋥 xúc cát
劅色 xúc xắc"
劅,súc,"劅色 súc sắc
⇔劅xúc"
觸,XÚC,"接觸 tiếp xúc
觸動 xúc động
觸覺 xúc giác
觸犯 xúcphạm
觸鬚 xúc tu
[翻]"
𣵶,xuề,𣵶汊 xuề xoà
𣵶,xuôi,"文𣵶 văn xuôi
𣵶𣳔 xuôi dòng
𣵶朝 xuôi chiều
歱𣵶 xong xuôi"
吹,XUÝ,"鼓吹 cổ xuý
吹扠 xuý xoá"
吹,xuể,𫜵空吹 làm không xuể
吹,xui,吹遣 xui khiến
吹,suý,"鼓吹 cổ suý
⇔吹xuý"
川,XUYÊN,常川 thường xuyên
衝,XUNG,"衝突 xung đột
衝鋒 xung phong
衝力 xung lực
衝電 xung điện
𨮇衝 bung xung
浽衝 nổi xung
[翻]"
衝,xông,"衝茹 xông nhà
衝𡐙 xông đất
衝𬨠 xông lên
衝唏 xông hơi
衝𢯠 xông pha
衝𢫚 xông xáo"
稱,XƯNG,"稱呼 xưng hô
名稱 danh xưng
尊稱 tôn xưng
自稱 tự xưng
稱霸 xưng bá
稱罪 xưng tội
[翻]()"
稱,XỨNG,"對稱 đối xứng
相稱 tương xứng
斤稱 cân xứng
稱當 xứng đáng
稱對 xứng đôi
[翻]"
𬺗,xuống,"𬨠𬺗 lên xuống
𨀈𬺗 bước xuống
𬺗𩯀 xuống tóc
[異]𫴋𠖈"
𦩰,xuồng,𣛥𦩰 be xuồng
𩩫,xương,"𩩫骨 xương cốt
𤐚𩩫 hầm xương
𩩫𦘹 xương sườn
[異]昌"
廠,XƯỞNG,工廠 công xưởng
倡,XƯỚNG,起倡 khởi xướng
啞,Á,啞口 á khẩu
啞,á,啞𤴬 á đau
啞,ớ,𤋾啞 ấm ớ
噁,ạc,"𠿮噁 ậm ạc
[翻]"
噁,éc,噁噁 éc éc
阨,ÁCH,阨塞 ách tắc
呃,ách,嚶呃 anh ách
呃,nhách,"𦂄呃 dai nhách
浪呃 lãng nhách"
軛,ÁCH,"軛𤛠 ách trâu
軛奴隸 ách nô lệ"
伌,ạch,"𥑴伌 ì ạch
𤃝伌 lạch ạch"
隘,ẢI,"隘關 ải quan
苦隘 khổ ải
隘支棱 Ải Chi Lăng"
膉,ải,"𥶁膉 lạt ải
繩膉 thừng ải
𤇨朱膉𡐙 phơi cho ải đất"
縊,ẢI,"縊殺 ải sát
自縊 tự ải"
嬡,ÁI,令嬡 lệnh ái
庵,AM,"丐庵 cái am
[翻]"
𩹎,ám,𥺊𩹎 cháo ám
撖,ẵm,"撖嬖 ẵm bế
撖捧 ẵm bồng"
𤀔,ẩm,"𤀔㲸 ẩm ướt
曀𤀔 ế ẩm
𤀔濕 ẩm thấp
𤷴𤀔 ê ẩm"
𠿮,ậm,𠿮噁 ậm ạc
坱,ang,丐坱 cái ang
𣺻,ăng,"𣺻乙 ăng ắc
𣺻𣺻 ăng ẳng"
𣺻,ẳng,𣺻𣺻 ăng ẳng
𠹃,ắng,"唵𠹃 im ắng
[翻]"
罌,ANH,罌粟 anh túc
愥,ảnh,
坳,ao,"坳潭 ao đầm
[異]泑"
懊,ẢO,懊惱 ảo não
奧,áo,共和奧 Cộng hoà Áo
𬪁,ấp,"揞𬪁 ôm ấp
㥋𬪁 e ấp"
𨁲,ập,𨁲𦤾 ập đến
遏,át,"𢭹遏 lấn át
㲸遏 ướt át
𡥵遏主 con át chủ
[翻]"
乙,ẤT,"乙丑 Ất Sửu
乙卯 Ất Mão"
乙,ắc,"𣺻乙 ăng ắc
𣹓乙 đầy ắc"
乙,ốt,乙𣔻 ốt dột
毆,ẨU,毆打 ẩu đả
𬏠,ẩu,𬏠𪭥 ẩu tả
把,bả,"倴把 bươn bả
把𦠘 bả vai
𠬠把穭 một bả lúa"
把,bá,把𦠘 bá vai
妑,bả,
𩚥,bả,"𩚥𤝞 bả chuột
打𩚥 đánh bả"
噃,bá,嗏噃 chà bá
杷,BÀ,枇杷 tì bà
博,BÁC,"博士 bác sĩ
博學 bác học
博愛 bác ái
[翻]"
博,bạc,"打博 đánh bạc
𡥵博 con bạc
牌博 bài bạc
𠴞博 bàn bạc
[翻]"
搏,BÁC,搏鬥 bác đấu
駁,BÁC,"反駁 phản bác
駁案 bác án
駁𠬃 bác bỏ"
煿,bác,煿𱑛 bác trứng
鉑,bạc,"錢鉑 tiền bạc
鐄鉑 vàng bạc
頭鉑 đầu bạc"
苝,bấc,"𣘃苝 cây bấc
𥾘苝 sợi bấc
珥如苝 nhẹ như bấc
㗂苝㗂鈘 tiếng bấc tiếng chì"
𢴾,bai,"吱𢴾 chê bai
𢯏𢴾 bẻ bai"
俳,BÀI,俳句 bài cú
𨭍,bay,丐𨭍 cái bay
㔥,bảy,"𣈖㔥 bóng bảy
()"
㔥,bẩy,"㔥𬨠 bẩy lên
杶㔥 đòn bẩy
𢭻㔥 xúi bẩy
憞𪭼㔥 run lẩy bẩy"
㔥,bây,"㔥㔥 bây bẩy
⇔㔥bảy"
𣊾,bây,𣊾𣇞 bây giờ
𨥧,băm,"𨥧捕 băm bổ
𨥧𬚸 băm thịt
𨥧釩 băm vằm
郎𨥧 lang băm"
𠹰,bặm,"𠹰腜 bặm môi
𡏧𠹰 bụi bặm
𠹰𥉲 bặm trợn"
𠹰,mém,𠻦𠹰 móm mém
𢶸,bấm,"𢶸至 bấm chí
𢶸䏾 bấm bụng"
𦡣,bầm,"𦻳𦡣 tím bầm
𦡣𣎖 bầm giập"
𦡣,vạm,"𦡣𥒮 vạm vỡ
[翻]"
𫲃󠄁,bầm,𫲃󠄁𫥨𬏇𥝽𫲃󠄁憞 bầm ra ruộng cấy bầm run
偘,bẫm,"脯偘 bụ bẫm
朱𤛠咹偘 cho trâu ăn bẫm
𫼻得𦁺偘 vớ được món bẫm"
癍,BAN,焠發癍 sốt phát ban
蟠,BÀN,"蟠桃 bàn đào
蟠龍 bàn long"
𦁂,bấn,"慫𦁂 túng bấn
[翻]"
貧,BẦN,"貧農 bần nông
貧窮 bần cùng"
𢠈,bần,𢠈神 bần thần
鎊,BẢNG,鎊英 bảng Anh
䅭,báng,"𣘃䅭 cây báng
勃䅭 bột báng
䅭銃 báng súng"
𤹔,báng,𤹔渃 báng nước
謗,BÁNG,誹謗 phỉ báng
枋,bàng,𣘃枋 cây bàng
䄱,bàng,"𦹯䄱 cỏ bàng
𧄑䄱 cói bàng"
蚌,BẠNG,蚌鷸 bạng duật
𠶉,bẵng,"𠬃𠶉 bỏ bẵng
悁𠶉𠫾 quên bẵng đi"
炳,bảnh,炳包 bảnh bao
膨,BÀNH,"膨脹 bành trướng
膨膨 bành bành"
膨,phềnh,"脹膨 chương phềnh
[翻]"
褒,BAO,褒貶 bao biếm
泡,BÀO,泡影 bào ảnh
胞,BÀO,"胞胎 bào thai
同胞 đồng bào
細胞 tế bào"
鮑,BÀO,鮑魚 bào ngư
飽,BÃO,飽和 bão hoà
乏,bấp,乏𦛼 bấp bênh
潗,bập,"潗𠹯 bập bẹ
吶𤇥潗 nói lập bập
[翻]"
𦪑,bát,𢭄𦪑 cạy bát
紱,bạt,紱𩂏 bạt che
跋,BẠT,"跋涉 bạt thiệp
𠳒跋 lời bạt"
鈸,bạt,"鐃鈸 nạo bạt
銅鈸 đồng bạt"
匐,bặt,唵匐 im bặt
垉,bàu,"垉蓮 bàu sen
恅垉 làu bàu"
裒,bâu,"裒𠓨 bâu vào
裒襖 bâu áo"
裒,bu,
㨐,bấu,"㨐至 bấu chí
㨐㧼 bấu véo
㨐𬗠 bấu víu"
𨼚,be,𦩰𨼚近𤅶 xuồng be gần bến
𫮦,be,𫮦坡 be bờ
𢯏,bẻ,"𢯏對 bẻ đôi
扒𢯏 bắt bẻ"
𢜢,bẽ,𢜢㥬 bẽ bàng
梐,bẹ,"梐荎 bẹ chuối
梐椰 bẹ dừa"
𠹯,bẹ,潗𠹯 bập bẹ
𤚆,bê,𡥵𤚆 con bê
𣷭,bể,底𣷭 đáy bể
𥓳,bể,丐鉢被𥓳耒 cái bát bị bể rồi
桮,bễ,"𠺙桮 thổi bễ
䈵桮 ống bễ
浖桮 thụt bễ"
薜,BỆ,薜荔 bệ lệ
咟,béc,"咟噴 béc phun
咟支 béc-giê
[翻]"
咟,bếch,
胉,bệch,𤽸胉 trắng bệch
𠷨,bẻm,"𠷨𠵐 bẻm mép
[翻]"
𤶒󠄁,ben,𫉱𤶒󠄁 lang ben
䡢,ben,"車䡢 xe ben
車載䡢 xe tải ben"
𤓩,bén,"焒𤓩𠓨稴 lửa bén vào rơm
銫𤓩 sắc bén
()"
惼,bẽn,惼𢤠 bẽn lẽn
抃,bện,抃𥿣 bện chão
鋲,beng,"杈鋲 xà beng
[翻]"
鋲,bênh,
泙,bềnh,泠泙 lềnh bềnh
𧴋,beo,"𤜯𧴋 cọp beo
𦝂𧴋 đít beo
𧴋𦖻 beo tai"
䕯,bèo,"蘿䕯 lá bèo
䕯蕘 bèo nhèo
餅䕯 bánh bèo
[翻]"
殍,bẽo,薄殍 bạc bẽo
𠻅,bẹp,"碮𠻅 đè bẹp
㑲𠻅 nằm bẹp
𠻅拰 bẹp dúm"
𥇂,bét,"𥇂眜 bét mắt
項𥇂 hạng bét
捏𥇂 nát bét
𠾦𥇂 be bét
[翻]"
𫊽,bét,蟡𫊽 ve bét
𡌀,bết,"𡌀潑 bết bát
𨀺𡌀 lết bết
𠶎𡌀 bê bết"
𡋾,bệt,"𱖗𡋾 ngồi bệt
咧𡋾 lệt bệt
咖啡𡋾 cà phê bệt"
彼,BỈ,"彼岸 bỉ ngạn
彼嗇斯豐 bỉ sắc tư phong"
苾,bí,果苾 quả bí
𠸠󠄁,bí,"𠸠󠄁甫 bí bo
()"
否,BĨ,"運否 vận bĩ
否極泰來 bĩ cực thái lai"
否,PHỦ,"否認 phủ nhận
否定 phủ định
否決 phủ quyết"
俖,bĩ,俖㥬 bĩ bàng
柀,bìa,"柀冊 bìa sách
柀𡹃 bìa rừng"
詖,bịa,詖撻 bịa đặt
甓,bịch,"甓𥟉 bịch thóc
甓𥼱 bịch kẹo
篰甓 bồ bịch
𠏆甓 bồ bịch"
砭,biếm,"針砭 châm biếm
讀差𧵑「砭biêm」。Đọcsaicủa""砭biêm""."
砭,bìm,"砭䒦 bìm bịp
[翻]"
貶,BIẾM,"褒貶 bao biếm
貶畫 biếm hoạ"
騙,BIỂN,騙取 biển thủ
洴,biền,𣵮洴 bưng biền
駢,biền,駢別 biền biệt
諘,biểu,"𠲖𪀊徠低諘！ Ê cu lại đây biểu!
僶其、𫥨低𠋺諘！ Thằng kia, ra đây tao biểu!"
𠍥,bỉm,"丐𠍥 cái bỉm
𠍥𠫾 bỉm đi"
汴,bin,汴𠲅 bin (pin) sạc
𠯴,bịn,"𠯴湅 bịn rịn
[翻]"
丙,BÍNH,"丙子 Bính Tí
丙寅 Bính Dần"
柄,BÍNH,權柄 quyền bính
砰,bình,砰礔 bình bịch
胼,bĩnh,"匏胼 bầu bĩnh
破胼 phá bĩnh"
䒦,bịp,"砭䒦 bìm bịp
[翻]"
瓢,bìu,"瓢𢬢 bìu díu
瓢𬃻 bìu dái
[翻]"
逋,bo,"𭊫逋 ki bo
𡨺逋逋 giữ bo bo
[翻]"
𥒰,bo,𥒰 bo
虶,bò,虶𦘧 bò vẽ
虶,vò,𧔋虶 tò vò
鯆,bò,𩵜鯆 cá bò
𡀨,bõ,拯𡀨 chẳng bõ
㗘,bô,吶㗘㗘 nói bô bô
佈,bố,"佈媄 bố mẹ
[異]布"
怖,BỐ,恐怖 khủng bố
葡,BỒ,葡萄牙 Bồ Đào Nha
蒲,BỒ,"蒲柳 bồ liễu
蒲公英 bồ công anh"
蒲,bồ,"蒲搞 bồ cào
蒲𤆺 bồ hóng
蒲洃 bồ hôi
蒲欲 bồ dục
蒲結 bồ kết
蒲君 bồ quân
𡨸𥱬㗂輔𠓀𥪝詞（外除𠸜𧵑各類𪀄）Chữghitiếngphụtrướctrongtừ(ngoạitrừtêncủacácloàichim)"
蒲,bù,"蒲𦫸 bù nhìn
⇔蒲bồ"
蒲,mồ,"蒲洃 mồ hôi
蒲𠎺 mồ côi
蒲𤆺 mồ hóng
⇔蒲bồ"
𠏆,bồ,"笈𠏆 cặp bồ
𠏆𡭺 bồ nhí
𠏆甓 bồ bịch
𠏆𦅃 bồ tèo"
篰,bồ,"篰甓 bồ bịch
𠬠篰刀鈐 một bồ dao găm"
𡃓,bớ,扒𡃓 bắt bớ
𠳝,bỡ,𠳝𢣸 bỡ ngỡ
卜,BỐC,"占卜 chiêm bốc
[翻]"
曝,BỘC,"曝露 bộc lộ
曝𠻊 bộc tuệch"
呠,bỏm,呠𠷨 bỏm bẻm
渀,bõm,皮渀 bì bõm
泵,bơm,丐泵 cái bơm
𣭛,bờm,"𣭛馭 bờm ngựa
𣭛𬇁 bờm xờm
僶𣭛 thằng bờm"
𤵳,bón,燥𤵳 táo bón
𪝕,bòn,"𪝕捽 bòn rút
𪝕㩢 bòn mót"
奔,BÔN,奔波 bôn ba
奔,bôn,奔墫 bôn chôn
坌,bộn,坌皮 bộn bề
𩺡,bơn,鱓𩺡 thờn bơn
𢸚,bong,"𢸚筋 bong gân
𢸚捉 bong tróc
𤽸𢸚 trắng bong"
琫,bóng,"琫琫 bong bóng
琫畑 bóng đèn
琫跢 bóng đá
[異]𩃳𣈖"
琫,bong,"琫琫 bong bóng
⇔琫bóng"
槰,bòng,"𣘃槰 cây bòng
果槰 quả bòng"
䙜,bòng,"𭢌䙜 đèo bòng
𫼳䙜𠫾塘mang bòng đi đường
摱丐包䙜勃 mượn cái bao bòng bột"
𩸮,bống,𩵜𩸮 cá bống
捧,bồng,捧嬖 bồng bế
蓬,BỒNG,"蓬萊 bồng lai
[翻]"
𠷕,boong,𠷕𠷕 boong boong
䑺,boong,䑺艚 boong tàu
抸,bốp,抸抸 bôm bốp
抸,bôm,"抸抸 bôm bốp
⇔抸bốp"
𠶙,bộp,"𠶙摯 bộp chộp
[翻]"
𩋚,bốt,"𩋚膏蒭 bốt cao-su
蹎𠫾對𩋚𤽸 chân đi đôi bốt trắng"
𤴭,bớt,𤴭青 bớt xanh
𡜵,bu,𡜵㗒 bu ơi
脯,bụ,"脯偘 bụ bẫm
𦙶𢬣㛪𡮣脯 cổ tay em bé bụ"
𫫢,bự,"𫫢哃 bự đùng
𫰅𫫢 to bự
翁𫫢 ông bự
𦙶𫫢𡑪 cổ bự ghét
𩈘𫫢粉 mặt bự phấn
𬃻𦹳𫫢 trái thơm bự"
䋠,bủa,"䋠䋥 bủa lưới
䋠圍 bủa vây"
𭎟,bựa,"𭎟𩚵 bựa cơm
𭎟𪘵 bựa răng"
㯷,bục,"㯷講 bục giảng
磟㯷 lục bục
[翻]"
𠸟,bui,𠸟固𠬠𢚸忠悋孝 bui có một lòng trung lẫn hiếu
筫,búi,"筫𦹯 búi cỏ
筫𩯀徠 búi tóc lại"
𣱭,bủm,丐𣱭 cái bủm
𡀫,bùm,𡀫 bùm
𡀫,lẩm,"𡀫唫 lẩm cẩm
𡀫稟 lẩm bẩm"
𡀫,rẩm,𫫣𡀫 rên rẩm
𠏟,bụm,"𠬠𠏟𥽌 một bụm gạo
𠏟𠰘唭 bụm miệng cười
[翻]"
㤓,bủn,"㤓𫢗 bủn xỉn
㤓噋 bủn rủn"
𥻸,bún,𥻸𦙣 bún mọc
𨮇,bung,"𨮇衝 bung xung
[翻]"
𣵮,bưng,"𣵮洴 bưng biền
[翻]"
掤,bứng,"掤𣘃 bứng cây
掤𪥘󠄁家庭𠫾𬨠沔𡶀 bứng cả gia đình đi lên miền núi"
𣞻,bưởi,"𣘃𣞻 cây bưởi
絁𤿭𣞻 the vỏ bưởi
()"
𬗄,bươm,"襤𬗄 lươm bươm
𧛊𬗄 rách bươm"
倴,bươn,"倴把 bươn bả
倴𦃀 bươn chải"
𤶽,buốt,"洌𤶽 rét buốt
𤴬𤶽 đau buốt
𤶽䏧 buốt da"
蚫,bươu,"蚫頭 bươu đầu
𧎜蚫 ốc bươu"
𤷶,bướu,"丐𤷶 cái bướu
𤷶𦙶 bướu cổ"
伓,bứt,"伓𢲼 bứt rứt
伓𩯀 bứt tóc
伓𦹯憑鐮 bứt cỏ bằng liềm"
𣘁,CA,𣘁茶 ca trà
咖,CÀ,咖啡 cà phê
咖,cà,"咖筥 cà rá
咖計 cà kê
咖𩨼 cà kheo
邏咖 la cà"
蜞,cà,蜞𧋵 cà cuống
𡁤,cạc,"𡁤𡁤 cạc cạc
𡁤幔形 cạc màn hình"
䏱,cặc,檑䏱𤙭 roi cặc bò
䏱,kẹc,
㘌,cạch,"㘌𩈘 cạch mặt
㘌𦤾𫅷 cạch đến già
梮㘌 cọc cạch
𤃝㘌 lạch cạch"
街,cai,"老街 Lào Cai
𡨸尼得讀如格發音尼只𥪝名詞𥢆尼。Chữnàyđượcđọcnhưcáchphátâmnàychỉtrongdanhtừriêngnày."
該,CAI,"該管 cai quản
該治 cai trị
該總 cai tổng
[翻]"
𣒵,cải,"𧵑𣒵 của cải
𣒵𡏢 cải mả"
掑,cài,"掑𨷯 cài cửa
掑擺 cài bẫy
掑撻 cài đặt"
𧉝,cáy,"𡥵𧉝 con cáy
𧍆𧉝 cua cáy
𩻐𧉝 mắm cáy
㦉如𧉝 nhát như cáy"
猉,cạy,𢭄𨷯 cạy cửa
猉,cậy,
猉,cầy,"𬚸猉 thịt cầy
猉香 cầy hương
假猉 giả cầy"
𢚁,cậy,"矓𢚁 trông cậy
信𢚁 tin cậy"
𪴗,cậy,𣘃𪴗 cây cậy
敢,CẢM,勇敢 dũng cảm
詌,càm,詌諃 càm ràm
𣔋,căm,𣔋車踏 căm xe đạp
肣,cằm,"丐肣 cái cằm
歛肣 lẹm cằm
肣𣃱 cằm vuông
𩯁肣 râu cằm"
幹,CÁN,"幹部 cán bộ
骨幹 cốt cán
敏幹 mẫn cán"
乾,CÀN,乾坤 càn khôn
乾,KIỀN,乾坤 kiền khôn
𣷯,cặn,"𣷯粑 cặn bã
𣷯𠴜 cặn kẽ"
䌍,cẩn,𣘊物䌍硨磲 đồ vật cẩn xà cừ
艮,CẤN,卦艮 quái Cấn
泿,cấn,泿渃 cấn nước
硍,cấn,"硍蹎 cấn chân
垓硍 gay cấn"
豤,cấn,𤞼豤 lợn cấn
𫆥,cáng,𫆥當 cáng đáng
𢫮,căng,"𢫮𣦎 căng thẳng
𢫮絏 căng dây
𢫮𣷱 căng sữa"
𨀿,cẳng,"𨀿蹎 cẳng chân
𨀿𧦕 cẳng ghế
𢮩𨀿𧼋 co cẳng chạy"
庚,CANH,"庚子 Canh Tí
庚寅 Canh Dần"
𥓷,canh,叫𥓷𥓷 kêu canh canh
綆,canh,綆絲黹𡲫 canh tơ chỉ vải
鐛,cảnh,鐎鐛 tiu cảnh
稿,CẢO,"稿論 cảo luận
稿葬 cảo táng
遺稿 di cảo
稿𦹳 cảo thơm"
縞,CẢO,縞服 cảo phục
𠞟,cạo,刀𠞟 dao cạo
𠳖,cạp,咜𠳖 xà cạp
𫊩,cạp,𧌂𫊩 bọ cạp
𫊩,cáp,"虎𫊩 Hổ Cáp
⇔𫊩cạp"
芨,CẬP,白芨 bạch cập
桔,CÁT,桔梗 cát cánh
桔,quýt,桔糖 quýt đường
𪁄,cắt,𪀄𪁄 chim cắt
吃,CẬT,吃力 cật lực
吃,khật,"吃啹 khật khừ
吃𢓋 khật khưỡng"
𦛋,cật,"果𦛋 quả cật
𦛋𥯌 cật tre"
皐,cau,皐𣮮 cau mày
垢,cáu,垢𡑪 cáu ghét
㤧,cáu,㤧噶 cáu gắt
𧧷,càu,𧧷𦈂 càu nhàu
駒,CÂU,𨀒駒 vó câu
狗,CẨU,"海狗 hải cẩu
靈狗 linh cẩu"
枸,CẨU,枸杞 cẩu kỉ
𫽚,cẩu,"𫽚行 cẩu hàng
竿𫽚 cần cẩu"
逅,CẤU,邂逅 giải cấu
𢮭,cọ,"𠳚𢮭 cãi cọ
𢮭嚓 cọ xát"
椇,cọ,𣘃椇 cây cọ
賈,CỔ,賈害 cổ hại
臌,CỔ,臌脹 cổ trướng
𡚝,cồ,"大𡚝越 Đại Cồ Việt
𪀄𪄸𡚝 chim trích cồ"
鈷,cỗ,"鈷炮 cỗ pháo
鈷排 cỗ bài"
𩚩,cỗ,"鎫𩚩 mâm cỗ
𩚩𢚸 cỗ lòng
𩚩盤 cỗ bàn"
𨍄,cộ,車𨍄 xe cộ
肌,CƠ,"肌𣔟 cơ bắp
𢮩肌 co cơ
肌體 cơ thể"
𧋉,cóc,𡥵𧋉 con cóc
𫈅,cóc,果𫈅 quả cóc
𣌶,cọc,𣌶𣌶 còng cọc
𣌶,còng,"𣌶𨉞 còng lưng
丐𣌶 cái còng
𣌶𢬣 còng tay"
梮,cọc,"㨂梮 đóng cọc
撻梮 đặt cọc
𩲡梮 còi cọc"
梮,còng,"梮梮 còng cọc
⇔梮cọc"
𤭏,cốc,𤭏𠹾𤎏 cốc chịu nóng
鵒,cốc,𡥵鵒 con cốc
侷,cộc,"裙侷 quần cộc
侷椂 cộc lốc
侷𣝀 cộc cằn
𭊛侷 lộc cộc"
𢜽,cỏi,勁𢜽 cứng cỏi
𧄑,cói,"𣘃𧄑 cây cói
𥴜𧄑 chiếu cói"
𠎺,côi,"單𠎺 đơn côi
𠎺𠬒 côi cút
蒲𠎺 mồ côi
[翻]"
臼,cối,臼迆 cối giã
𦓊,cỗi,"𣝀𦓊 cằn cỗi
()"
𣛣,cơi,"𣛣摕 cơi nới
𣛣茹 cơi nhà
𣛣撜𦺓 cơi đựng trầu"
膁,còm,膁𡎝 còm cõi
𥺻,cốm,"餅𥺻 bánh cốm
[翻]"
𣋜,cợm,劇𣋜 kịch cợm
䐊,cồn,𥻂憑䐊 dán bằng cồn
醌,cồn,"𨢇醌 rượu cồn
性醌 tính cồn"
𡑱,cồn,"𡑱𡋥 cồn cát
𡑱𦛌 cồn ruột
𡑱搞 cồn cào"
𠲟,cớn,𢏣𠲟 cong cớn
𢏣,cong,"𢏣𨙍 cong queo
塘𢏣 đường cong
𢏣𠲟 cong cớn"
𠗸,cóng,"冷𠗸 lạnh cóng
洌𠗸 rét cóng
𠗸𢬣 cóng tay
𠗸渃 cóng nước"
𧋄,còng,𡥵𧋄𧋄 con còng còng
𮜲,cõng,"𮜲僥 cõng nhau
𮜲𧋻哏𪃿茹 cõng rắn cắn gà nhà"
𦮎,cọng,"𦮎蔞 cọng rau
𦮎稴 cọng rơm
𦮎𦹯 cọng cỏ"
攻,CÔNG,"攻擊 công kích
進攻 tiến công
反攻 phản công"
蚣,CÔNG,蜈蚣 ngô công
貢,CỐNG,"貢獻 cống hiến
貢品 cống phẩm
進貢 tiến cống
納貢 nộp cống
翁貢 ông cống
貢濟𦀨 công(cống)-te-nơ
[翻]"
秴,cóp,"𭊫秴 ki cóp
[翻]"
秴,cốp,"秴車 cốp xe
[翻]"
𠺻,cộp,"𡂏𠺻 lộp cộp
𦖑𠬠㗂𠺻 nghe một tiếng cộp"
嗗,cót,"嗗咭 cót két
[翻]"
嗗,khụt,嗗喫 khụt khịt
𥱪,cót,𥱪穭 cót lúa
噘,cọt,噘搩 cọt kẹt
撅,cột,撅馭 cột ngựa
榘,củ,榘𧃷 củ khoai
岣,cù,岣嶗 cù lao
樛,cù,畑樛 đèn cù
懼,CỤ,驚懼 kinh cụ
据,CƯ,拮据 kiết cư
渠,CỪ,"渠魁 cừ khôi
爐渠 lò cừ
窒渠 rất cừ
開渠 khai cừ
渠㨂艚 cừ đóng tàu"
磲,CỪ,硨磲 xà cừ
𬄨,cừ,"湧𬄨 dộng cừ
𬄨坡坳 cừ bờ ao"
坖,cữ,𠼤坖 kiêng cữ
昛,cữ,"於昛 ở cữ
𥝽倲昛 cấy đúng cữ
昛洌𡳳𢆥 cữ rét cuối năm"
巨,CỰ,"巨擘 cự phách
巨富 cự phú"
𧍆,cua,"𡥵𧍆 con cua
坧𧍆 gạch cua"
鐻,cứa,"割鐻 cắt cứa
鐻𦙶 cứa cổ"
鐻,khứa,"鐻對 khứa đôi
鐻𤿭柑 khứa vỏ cam
⇔鐻cứa"
䗇,cúc,𡥵䗇 con cúc
𨨠,cúc,𨨠襖 cúc áo
鞠,CÚC,鞠躬 cúc cung
𣔞,cui,"錐𣔞 dùi cui
𨆢𣔞 lui cui
[翻]"
獪,cúi,"𩵜獪 cá cúi
()"
㽿,cùi,病㽿 bệnh cùi
蒐,cùi,"蒐椰 cùi dừa
蒐𣔟 cùi bắp
蒐𦙴 cùi chỏ"
𪇋,cùi,𪀄𪂰𪇋 chim giẻ cùi
圚,cũi,"丐圚 cái cũi
圚㹥 cũi chó"
𦀻,cửi,縸𦀻 mắc cửi
𪂳,cun,"𪂳𪄥 cun cút
[翻]"
𠽓,củn,侖𠽓 lủn củn
𠽓,ngốn,𠽓𣿃 ngốn ngấu
𠽓,ngủn,𠽓𠰂 ngủn ngoẳn
猑,cún,𡥵猑 con cún
裩,cùn,丐裩 cái cùn
𨮉,cùn,"刀𨮉 dao cùn
䇛𨮉 chổi cùn
理事𨮉 lí sự cùn"
躬,CUNG,鞠躬 cúc cung
栱,củng,栱頭 củng đầu
鞏,CỦNG,鞏固 củng cố
硔,cụng,"硔頭 cụng đầu
𤙭硔 bò cụng"
畺,cưng,"畺𡥵 cưng con
畺朝 cưng chiều
[翻]"
𪅦,cuốc,𪀄𪅦 chim cuốc
钁,cuốc,"丐钁 cái cuốc
钁步 cuốc bộ"
腳,CƯỚC,"腳蹎 cước chân
根腳 căn cước
山腳 sơn cước
腳費 cước phí"
𦃁,cước,"𡥵𦃁 con cước
用𦃁𫜵絏竿鉤 dùng cước làm dây cần câu
𢬣發𦃁 tay phát cước"
挶,cược,"亇挶 cá cược
撻挶 đặt cược
挶錢 cược tiền
挶貝僥 cược với nhau"
𡳳,cuối,"𡳳窮 cuối cùng
[異]𡳜()"
𥖩,cuội,"𥒥𥖩 đá cuội
𠲕𥖩 nhăng cuội
吶嚉如𥖩 nói dối như cuội
()"
玵,cườm,"玵𢬣 cườm tay
籺玵 hạt cườm"
㤮,cuống,隴㤮 luống cuống
𧋵,cuống,蜞𧋵 cà cuống
𫈃,cuống,𫈃花 cuống hoa
崗,CƯƠNG,崗位 cương vị
𠚵,cúp,𠚵𩯀 cúp tóc
𠬒,cút,"𠬒𠫾 cút đi
𠎺𠬒 côi cút"
磆,cút,磆𨢇 cút rượu
𪄥,cút,𪂳𪄥 cun cút
𮇕,cứt,"𮇕𤛠 cứt trâu
𮇕𪃿 cứt gà
𮇕瀻 cứt đái
𮇕鉄 cứt sắt"
𤀞,chả,𠋺𤀞別 tau chả biết
𪃲,chả,𪀄𪃲 chim chả
炙,CHÁ,膾炙 khoái chá
炙,trá,膾炙 khoái trá
乍,chạ,"終乍 chung chạ
𨄂乍 lang chạ"
𫃶,chạc,"𫃶𣘃 chạc cây
絏𫃶 dây chạc"
𫫊,chách,吶攊𫫊 nói lách chách
𦃀,chải,"𦃀𩯀 chải tóc
盤𦃀 bàn chải
𦃀𱐟 chải chuốt
倴𦃀 bươn chải
𥳂𦃀頭 lược chải đầu"
厔,chái,"厔茹 chái nhà
𡏘厔 hè chái"
櫅,chay,𣘃櫅 cây chay
𩶪,cháy,𩵜𩶪 cá cháy
𣖖,chày,"琫𣖖 bóng chày
𠳚𣖖𠳚臼 cãi chày cãi cối"
𩹭,chày,𩵜𩹭 cá chày
𢥖,chây,𢥖𢜞 chây lười
𢥖,trây,
𤈜,chấy,𤈜𩵽 chấy tôm
𧋺,chấy,𧋺𧎠 chấy rận
𧋺,chí,"固𧋺時𢴖 có chí thì gãi
⇔𧋺chấy"
痁,chàm,"病痁 bệnh chàm
𩈘浽痁 mặt nổi chàm"
灆,chàm,襖灆 áo chàm
枕,chắm,枕枕 chăm chắm
枕,chăm,"枕枕 chăm chắm
⇔枕chắm"
紞,chầm,揞紞 ôm chầm
𧿒,chẫm,𨈇𧿒 lẫm chẫm
𧿒,đẫm,
診,CHẨN,診斷 chẩn đoán
賑,CHẨN,"賑濟 chẩn tế
發賑 phát chẩn"
払,chàng,"英払 anh chàng
払𤳆 chàng trai
[異]撞"
鋹,chàng,丐鋹 cái chàng
𧑆,chàng,𧊌𧑆 chão chàng
𣈚,chạng,𣈚暀 chạng vạng
橙,chanh,"橙些 chanh ta
橙西 chanh tây
茶橙 chè chanh
茶橙 trà chanh
伶橙 lanh chanh"
𦭒,chánh,𧤁固𦭒 sừng có chánh
湩,chành,"湩膨 chành bành
湩湩 chành chạnh
泈湩 chòng chành"
湩,chạnh,
湩,nhành,
湩,trành,"泈湩 tròng trành
⇔湩chành"
𢤜,chạnh,𢤜𢚸 chạnh lòng
𧊌,chão,𧊌𧑆 chão chàng
𥿣,chão,抃𥿣 bện chão
𤌀,chập,𤌀𤈛 chập choạng
𤌀,kíp,"𤌀砮 kíp nổ
銃𤌀 súng kíp"
縶,chập,縶重 chập chùng
縶,trập,"縶𢂎 trập dù
㹥縶𦖻 chó trập tai
[翻]"
𤁩,chắt,"𤁩漉 chắt lọc
𤁩招 chắt chiu"
𡦫,chắt,𡥙𡦫 cháu chắt
劕,chặt,劕𣘃 chặt cây
𬘋,chặt,"𬘋䊼 chặt chẽ
[翻]"
㑳,châu,官㑳 quan châu
楱,chấu,"蹎楱 chân chấu
塊𠶎宗 4 楱 khối bê-tông 4 chấu"
𨗛,chầu,"𨗛徝 chầu chực
𨗛紒 chầu rìa
𨗛𡗶 chầu trời
咹𠬠𨗛 ăn một chầu"
𡊱,chậu,"𩩫𡊱 xương chậu
𡊱渃 chậu nước"
𢯙,chẻ,"𢯙檜 chẻ củi
𢯙𥯌 chẻ tre"
痆,ché,𡍘𩻐 ché mắm
痆,choé,
痆,chề,"𠲖痆 ê chề
𥘀痆痆 nặng chề chề"
𬿈,chếch,"佂𬿈 chênh chếch
[翻]"
擲,chệch,𫜵擲 làm chệch
擲,trệch,
鮎,chẽm,𩵜鮎 cá chẽm
拈,chêm,"拈𠓨 chêm vào
𩪞拈 sụn chêm"
沾,chễm,沾治 chễm chệ
𢸢,chẹn,"𢸢𦙶 chẹn cổ
𢸢卬 chẹn ngang"
𨠣,chếnh,𨠣𤶜 chếnh choáng
𠲜,chềnh,"𫯳𠲜 chồng chềnh
𠲜𪝼 chềnh ềnh"
㹦,cheo,"𡥵㹦㹦 con cheo cheo
㹦蹽 cheo leo"
𧵓,cheo,𡠣𧵓 cưới cheo
袑,chéo,"袑巾 chéo khăn
塘袑 đường chéo
袑𧣳 chéo góc
[異]𧝨"
劄,chép,"𥱬劄 ghi chép
抄劄 sao chép"
紥,chét,"𧌂紥 bọ chét
𠬠紥𢬣 một chét tay"
𬗗,chẹt,"𬗗𦙥 chẹt họng
扒𬗗 bắt chẹt
[翻]"
枝,CHI,"枝節 chi tiết
枝儨 chi chít"
𫩝,chi,叫𫩝𫩝 kêu chi chi (chí chí)
址,CHỈ,"地址 địa chỉ
遺址 di chỉ"
𡛰,chỉ,
誌,CHÍ,"報誌 báo chí
標誌 tiêu chí
輿地誌 dư địa chí"
鈘,chì,"筆鈘 bút chì
鈘折 chì chiết"
𢶾,chỉa,撍𢶾 chôm chỉa
䤠,chĩa,"䤠𠀧 chĩa ba
䤠銃 chĩa súng"
䤠,chỉa,
隻,CHÍCH,"隻身 chích thân
單隻 đơn chích
[翻]"
隻,chiếc,"隻船 chiếc thuyền
隻𩠴 chiếc gối
單隻 đơn chiếc"
𪮁,chịch,𪮁 chịch
煎,chiên,"𩚵煎 cơm chiên
𥸷煎 xôi chiên
煎𤇤 chiên xào"
邅,CHIÊN,迍邅 truân chiên
邅,CHUYÊN,迍邅 truân chuyên
廛,chiền,𫷨廛 chùa chiền
鉦,chiêng,鉦𤿰 chiêng trống
𠲷,chiếp,𠲷𠲷 chiêm chiếp
𠲷,chiêm,
折,CHIẾT,"折扣 chiết khấu
折率 chiết suất
折𣘃 chiết cây
鈘折 chì chiết"
折,thiệt,"折害 thiệt hại
折命 thiệt mạng"
昭,chiêu,"姑昭 cô chiêu
冘昭 đăm chiêu
蹎冘跢蹎昭 chân đăm đá chân chiêu"
𣸬,chiêu,𣸬𠬠喁渃 chiêu một ngụm nước
沼,CHIỂU,沼臺 chiểu đài
炤,chiểu,"阮廷炤 Nguyễn Đình Chiểu
⇔照chiểu"
𥴜,chiếu,𧜖𥴜 chăn chiếu
呫,chím,𠶍呫 chúm chím
呫,dụm,"𧶄呫 dành dụm
[翻]"
㐱,chỉn,"㐱周 chỉn chu
[翻]"
𠃩,chín,次𠃩 thứ chín
儨,chít,"儨巾 chít khăn
儨𠴜汻 chít kẽ hở"
𦙴,chỏ,"蒐𦙴 cùi chỏ
𪐬𦙴 ngòn chỏ
指𦙴 chỉ chỏ"
啫,chơ,"啫噅 chơ vơ
𢣻啫 lơ chơ
[翻]"
𥡈,choai,"𥡈𥡈 choai choai
馭𥡈 ngựa choai"
鏯,choảng,𬂆鏯 loảng choảng
鏯,xoảng,𨰧鏯 xủng xoảng
鏯,soảng,
鏯,xoang,
㑁,choạng,𨃹𫏈 loạng choạng
㑁,quàng,"𫏈𠓨 quàng vào
瓊𫏈 quềnh quàng"
㑁,choắt,傈㑁 loắt choắt
㑁,chứt,𠊛㑁 người Chứt
𣘌,chóc,榘𣘌 củ chóc
㫼,choé,"至㫼 chí choé
𧹻㫼 đỏ choé"
𦴶,choè,𦴶𣾵 choè choẹt
𪄦,choè,𬷩𪄦 chích choè
𲇥,choẹ,𥬧𲇥 chũm choẹ
𣾵,choẹt,𦴶𣾵 choè choẹt
椎,choi,𩁦椎 loi choi
椎,chòi,"椎𫥨 chòi ra
椎𪝅 chòi mòi"
𢊛,chòi,"𢊛更 chòi canh
𢊛擱 chòi gác"
䒹,chồi,"𠛌䒹䄧𦬩 đâm chồi nẩy lộc
[翻]"
𠱤,chội,𡒻𠱤 chật chội
𤈪,chới,"𤈪貝 chới với
執𤈪 chấp chới"
笘,chòm,"笘𣇟 chòm sao
笘𥯎 chòm xóm
笘𩯁 chòm râu
笘𣘃 chòm cây"
撍,chôm,撍𢶾 chôm chỉa
跕,chổm,"主跕 chúa chổm
跕𧻭 chổm dậy
[翻]"
𨇸,chồm,謖𧜖𨇸𧻭 tốc chăn chồm dậy
𡹟,chởm,𡾭𡹟 lởm chởm
𡹟,chơm,"𡹟𡹟 chơm chởm
⇔𡹟chởm"
佔,chớm,"佔𦬑 chớm nở
佔病 chớm bệnh"
嶟,chon,嶟𡻖 chon von
炵,chong,"炵畑 chong đèn
炵炵 chong chong"
𥵾,chỏng,"𥵾槓 chỏng gọng
𥵾啫 chỏng chơ
挵𥵾 lỏng chỏng"
泈,chòng,"泈湩 chòng chành
泈嘺 chòng ghẹo"
泈,tròng,"泈湩 tròng trành
⇔泈chòng"
蔠,chông,"𢱛蔠 rải chông
蔠佂 chông chênh
[翻]"
偅,chổng,"偅倞 chổng kềnh
偅整 chổng chểnh"
摯,chộp,"摯𥙩 chộp lấy
𠶙摯 bộp chộp"
𢬮,chọt,𧼋𢬮 chạy chọt
䱣,chốt,𩵜䱣 cá chốt
𥈳,chột,"𥈳眜 chột mắt
𥈳䏾 chột bụng
𥈳胣 chột dạ
煺𥈳 thui chột
𣘃𥈳 cây chột"
𡂒,chớt,𡂒𠰹 chớt nhả
啁,chu,啁㖼 chu mỏ
註,CHÚ,"註解 chú giải
𥱬註 ghi chú
註釋 chú thích"
媎,chửa,固媎 có chửa
準,CHUẨN,"準備 chuẩn bị
標準 tiêu chuẩn
準確 chuẩn xác
準墨 chuẩn mực"
囑,CHÚC,"遺囑 di chúc
()"
徝,chực,"𨗛徝 chầu chực
徝䟻 chực chờ"
跮,chúi,"跮𠓩 chúi nhủi
跮𪖫 chúi mũi
跮頭 chúi đầu"
𢹉,chùi,"撈𢹉 lau chùi
𢹉蹎 chùi chân"
𪒽,chũi,"𤝞𪒽 chuột chũi
𧍝𪒽 dế chũi"
𪒽,trũi,𪒽𪒽 trùi trũi
𪒽,dũi,"𧍝𪒽 dế dũi
⇔𪒽trũi"
𪒽,trùi,"𪒽𪒽 trùi trũi
⇔𪒽trũi"
䍄,chum,"丐䍄 cái chum
䍄㙕 chum vại"
𠶍,chúm,𠶍呫 chúm chím
𫇳,chùm,"𫇳花 chùm hoa
𫇳果 chùm quả
[翻]"
𥬧,chũm,𥬧𲇥 chũm choẹ
𥱱,chụm,"𥱱徠 chụm lại
𥱱蹎 chụm chân
𥱱檜 chụm củi
𥱱焒 chụm lửa"
𨀛,chùn,"𨀛𨀈 chùn bước
[翻]"
盅,CHUNG,盅𨢇 chung rượu
蒸,CHƯNG,"餅蒸 bánh chưng
蒸拮 chưng cất"
汋,chuốc,"汋𥙩 chuốc lấy
汋禍 chuốc vạ
汋𨢇 chuốc rượu"
着,CHƯỚC,扒着 bắt chước
𣙯,chuôi,"𣙯刀 chuôi dao
𣙯鎌 chuôi gươm
捻滕𣙯 nắm đằng chuôi"
𩸯,chuối,𩵜𩸯 cá chuối
漼,chuồi,朱漼𬺗 cho chuồi xuống
𨒸,chuồn,𨒸𠅒 chuồn mất
彰,CHƯƠNG,表彰 biểu chương
樟,CHƯƠNG,樟腦 chương não
掌,CHƯỞNG,"𣆅掌 phim chưởng
掌理 chưởng lí
掌薄 chưởng bạ
降龍十八掌 Giáng Long Thập Bát Chưởng"
掌,trương,掌巡 trương tuần
瘴,CHƯỚNG,"瘴氣 chướng khí
嵐瘴 lam chướng"
𠶯,chụt,𠶯𠶯 chùn chụt
𠶯,suỵt,"𠶯㹥𫥨𨘗 suỵt chó ra đuổi
𠶯！𡃊渚 suỵt! khẽ chứ"
𠶯,chùn,"𠶯𠶯 chùn chụt
⇔𠶯chụt"
也,dả,餘也 dư dả
𧹟,dà,"𤿭𧹟 vỏ dà
𦭷𧹟 màu dà
𢴍𧹟 dần dà"
吔,dã,吔𨢇 dã rượu
㖡,dạ,㖡𠳐 dạ vâng
𫐟,dặc,"𨱽𫐟 dài dặc
𫐟𫐟 dằng dặc"
𫐟,dằng,"𫐟𫐟 dằng dặc
⇔𫐟dặc"
𧜵,dải,"𧜵𫄎 dải lụa
𧜵掩 dải yếm
𧜵銀河 dải ngân hà
𧜵分隔 dải phân cách"
𢘽,dái,坤朱𠊛些𢘽 khôn cho người ta dái
𢘽,rái,
𤋵,dãi,"𤋵油 dãi dầu
𤋵𣌝 dãi nắng"
洩,dáy,洳洩 dơ dáy
洩,gỵa,𣾹洩 giặt gỵa
拽,dấy,"拽軍 dấy quân
拽兵 dấy binh
焒拽𬨠 lửa dấy lên"
𢴗,dạm,𢴗𡉦 dạm ngõ
𥭍,dăm,"𥭍𥯌 dăm tre
𥭍樻 dăm cối"
𨂘,dẫm,"𨂘踏 dẫm đạp
𪭴𨂘 dò dẫm
唑𨂘 doạ dẫm"
𦂼,dậm,丐𦂼 cái dậm
𦂼,giậm,
𢺤,dan,"𢺤𢬢 dan díu
𢺤𢬣 dan tay"
𢴍,dần,"𢴍𢴍 dần dần
𢴍𬚸 dần thịt
𢴍𧹟 dần dà"
𥳄,dần,丐𥳄 cái dần
𧿯,dận,"𧿯蹎 dận chân
𧿯𬺗 dận xuống"
𨀊,dằng,𨀍𨀊 dùng dằng
𨀊,nhằng,"𨀍𨀊 nhùng nhằng
⇔𨀊dằng"
棦,dành,𣘃棦棦 cây dành dành
棦,giành,
𨄹,dạo,𠫾𨄹 đi dạo
𭧙,dạo,𭧙尼 dạo này
唊,dap,"唊鈐 dap găm
[翻]"
𰁡,dấp,𠍵𰁡 dáng dấp
迭,dặt,"𠽮迭 dè dặt
迭𫇿 dặt thuốc
𢭼迭 dìu dặt"
迭,đít,"迭尼 Đít-ni
𡨸尼主要得使用抵翻音。䀡附錄。Chữnàychủyếuđượcsửdụngđểphiênâm.XemPhụlục.[翻]"
軼,DẬT,軼事 dật sự
溢,DẬT,餘溢 dư dật
酉,DẬU,"𣇞酉 giờ Dậu
乙酉 Ất Dậu"
𣏌,dẻ,楛𣏌蜜 gỗ dẻ mật
鵜,dẽ,鵜𧉙 dẽ giun
𠴭,dể,輕𠴭 khinh dể
𧍝,dế,"𧍝𧓭 dế mèn
𧍝𪒽 dế dũi"
湜,dề,"淫湜 dầm dề
吔湜 dã dề
雜湜 tạp dề"
啖,dèm,"啖𢯠 dèm pha
[翻]"
喕,dên,"喕𥉬
𰔫
喈𬰹 Dên-lét Dôn Dê-ro
𡨸尼主要得使用抵翻音。䀡附錄。Chữnàychủyếuđượcsửdụngđểphiênâm.XemPhụlục.[翻]"
挰,dềnh,挰揚 dềnh dàng
溋,dềnh,"𨀍溋 dùng dềnh
[翻]"
溋,dình,
鞢,dép,"𩌂鞢 giày dép
對鞢 đôi dép"
挗,di,挗𡥵蜆朱𣩂 di con kiến cho chết
𧻑,dí,"𧻑蹺𠸜𥌈 dí theo tên trộm
𧻑蹺伮𣭻𬨠！ dí theo nó mau lên!"
已,DĨ,"已然 dĩ nhiên
已往 dĩ vãng
不得已 bất đắc dĩ"
苡,DĨ,薏苡 ý dĩ
杝,dĩa,丐杝 cái dĩa
奕,DỊCH,赫奕 hách dịch
𪁂,diệc,𪀄𪁂 chim diệc
焰,diêm,"焰生 diêm sinh
包焰 bao diêm
焰鐄 diêm vàng
焰臾 diêm dúa"
閻,DIÊM,閻王 Diêm vương
鹽,DIÊM,"政鹽 chính diêm
鹽田 diêm điền"
艷,DIỄM,"嬌艷 kiều diễm
艷麗 diễm lệ
艷福 diễm phúc"
延,DIÊN,"外延 ngoại diên
縣延慶 huyện Diên Khánh"
涎,DIÊN,龍涎香 long diên hương
涎,rờn,摺涎 rập rờn
鳶,DIÊN,鳶尾 diên vĩ
葉,DIẾP,"蔞葉 rau diếp
葉𩵜 diếp cá"
葉,DIỆP,"葉綠 diệp lục
傾葉 khuynh diệp
柏葉 bách diệp
竹葉 trúc diệp"
鍱,DIỆP,鍱𦓿 diệp cày
𠺧,diều,丐𠺧 cái diều
遶,diễu,"遶兵 diễu binh
遶行 diễu hành
遶庯 diễu phố"
遶,nhảu,𮞊遶 nhanh nhảu
遶,nhau,"遶遶 nhau nhảu
⇔遶nhảu"
耀,DIỆU,"黃耀 Hoàng Diệu
陳光耀 Trần Quang Diệu"
𥇌,dim,"𥋲𥇌 lim dim
[翻]"
𢸝,dìm,"𢸝價行 dìm giá hàng
𢸝𬺗渃 dìm xuống nước
伮被姑𢸝 nó bị cô dìm"
𰈏,din,"𡥵𰈏 con din
[翻]"
穎,DĨNH,穎悟 dĩnh ngộ
穎,nhảnh,𡭺穎 nhí nhảnh
穎,nhanh,"穎穎 nhanh nhảnh
⇔穎nhảnh"
鐷,díp,"刀鐷 dao díp
眜鐷徠 mắt díp lại
[翻]"
𢬢,díu,瓢𢬢 bìu díu
𦾤,dó,"𣘃𦾤 cây dó
紙𦾤 giấy dó"
喥,dọ,𠴞次呶徠喥次其 bàn thứ nọ lại dọ thứ kia
𥳉,dô,𩑰𥳉 trán dô
𥳉,giô,
唋,dớ,𥋶唋 dấm dớ
尹,DOÃN,"府尹 phủ doãn
𣱆尹 họ Doãn"
允,DOÃN,應允 ưng doãn
盈,DOANH,盈餘 doanh dư
𡹐,doi,𡹐𡐙 doi đất
𩜑,dôi,𩜑𫥨 dôi ra
𣼭,dồi,𣼭𤁠 dồi dào
𦟿,dồi,𠰳𦟿 miếng dồi
𢢊,dỗi,"𢚷𢢊 giận dỗi
㘋𢢊 hờn dỗi"
𢢊,giỗi,𠇁𢢊 giằn giỗi
蛦,dơi,𡥵蛦 con dơi
吮,dỏn,吮吮 don dỏn
吮,giỏn,吮吮 gion giỏn
吮,don,"吮吮 don dỏn
⇔吮dỏn"
吮,gion,"吮吮 gion giỏn
⇔吮giỏn"
𦛊,dòn,"唭𦛊 cười dòn
𦛊吔 dòn dã
黰𦛊 đen dòn
餅𥹠𦛊 bánh đa dòn"
槦,dong,𣘃槦 cây dong
𦡦,dỏng,𦡦𦡦 dong dỏng
𦡦,dong,"𦡦𦡦 dong dỏng
⇔𦡦dỏng"
搈,dông,搈𨱽 dông dài
𩘪,dông,"𩘪𩘣 dông tố
𩘪𪥘󠄁𢆥 dông cả năm
[翻]"
𩘪,giông,"𩘪𩙍 giông gió
⇔𩘪dông"
湧,dộng,"湧𨷯 dộng cửa
湧𬄨 dộng cừ"
𣔻,dột,"茹𣔻 nhà dột
𣔻捏 dột nát
𠻇𣔻 dại dột
膒𣔻 ủ dột"
萸,DU,茱萸 thù du
喻,DỤ,"比喻 tỉ dụ
譬喻 thí (ví) dụ
隱喻 ẩn dụ"
輿,DƯ,"輿論 dư luận
輿地誌 dư địa chí"
蕷,dự,𥽌蕷 gạo dự
諛,dua,"阿諛 a dua
諛佞 dua nịnh"
臾,dúa,焰臾 diêm dúa
𦼥,dứa,"𣘃𦼥 cây dứa
果𦼥 quả dứa"
椰,dừa,𣘃椰 cây dừa
筍,DUẨN,黎筍 Lê Duẩn
遹,DUẬT,范慎遹 Phạm Thận Duật
燏,DUẬT,陳日燏 Trần Nhật Duật
鷸,DUẬT,蚌鷸 bạng duật
浴,DỤC,沐浴 mộc dục
翼,DỰC,"右翼 hữu dực
[翻]"
裔,DUỆ,"後裔 hậu duệ
裔夷 duệ di"
睿,DUỆ,"睿哲 duệ triết
陳睿宗 Trần Duệ Tông"
拰,dúm,𠻅拰 bẹp dúm
搎,dun,"搎𢩽 dun đẩy
搎車 dun xe
搎𢤡 dun rủi
[翻]"
踴,DŨNG,踴躍 dũng dược
𢘩,dửng,"𢘩𦝺 dửng mỡ
𢘩𠮨 dửng dưng"
𢘩,rửng,
躍,DƯỢC,踴躍 dũng dược
𠏮,duối,𥋶𠏮 dấm duối
𣝉,duối,𣘃𣝉 cây duối
𬧕,duỗi,"𬧕𣦎 duỗi thẳng
𬧕蹎 duỗi chân"
洟,dượi,沲洟 dã dượi
洟,rượi,"𠖾洟 mát rượi
癒洟 rũ rượi
洟洟 rười rượi
花鐄洟 hoa vàng rượi"
洟,rười,"洟洟 rười rượi
⇔洟rượi"
佯,DƯƠNG,佯東擊西 dương đông kích tây
仗,dượng,"仗𡒬 dượng ghẻ
仛仗 cha dượng
注仗 chú dượng"
仗,giướng,𦀊仗 giây giướng
栘,đa,𣘃栘 cây đa
𪀓,đa,𪀄𪀓𪀓 chim đa đa
跢,đá,"抌跢 đấm đá
琫跢 bóng đá
跢𪃿 đá gà"
鴕,ĐÀ,鴕鳥 đà điểu
鐸,đác,洛鐸 lác đác
瀻,đái,𥺿瀻 ỉa đái
苔,ĐÀI,苔原 đài nguyên
颱,ĐÀI,"颱風 đài phong
()"
𩂠,đậy,"𩂏𩂠 che đậy
動𩂠 động đậy
[翻]"
耽,đam,"耽迷 đam mê
耽樂 đam lạc
丐之拱耽 cái gì cũng đam
[翻]"
膽,ĐẢM,"大膽 đại đảm
肝膽 can đảm
()"
痰,ĐÀM,痰𧖱 đàm máu
痰,đờm,痰𣹘 đờm dãi
曇,ĐÀM,曇花 đàm hoa
氮,ĐẠM,氮燐喀璃 đạm lân ca-li
𤁡,đằm,"𤁡𧺀 đằm thắm
㲸𤁡 ướt đằm"
旦,ĐÁN,"花旦 hoa đán
節元旦 tết nguyên đán"
壇,ĐÀN,"演壇 diễn đàn
登壇 đăng đàn"
檀,ĐÀN,𣘃白檀 cây bạch đàn
捵,đắn,"𨅸捵 đứng đắn
捵𢵋 đắn đo"
𨧝,đẵn,"𨧝𣘃 đẵn cây
𨧝𣖙 đẵn mía
𠬠𨧝楛 một đẵn gỗ"
憚,đặn,調憚 đều đặn
𢠤󠄁,đần,"𢠤󠄁鈍 đần độn
愚𢠤󠄁 ngu đần
扡𢠤󠄁 đỡ đần"
癉,đẫn,咜癉 đờ đẫn
嘽,đận,"柁嘽 đà đận
吝嘽 lận đận"
澢,đáng,塘澢 đường đáng
簦,đăng,㨂簦 đóng đăng
藤,ĐẰNG,葛藤 cát đằng
𠎬,đấng,"𠎬英雄 đấng anh hùng
𠎬救星 đấng cứu tinh
𠎬造化 đấng tạo hoá"
芀,đao,"苾芀 bí đao
榘芀 củ đao"
忉,đao,嘮忉 lao đao
萄,ĐÀO,"果葡萄 quả bồ đào
葡萄牙 Bồ Đào Nha"
靼,ĐÁT,韃靼 Thát Đát
逗,ĐẬU,逗車 đậu xe
逗,đỗ,"逗車 đỗ xe
⇔逗đậu"
砥,đe,𨑗砥𨑜斧 trên đe dưới búa
悌,đẽ,惵悌 đẹp đẽ
底,ĐỂ,"徹底 triệt để
到底 đáo để"
底,đáy,"鈉底 nồi đáy
紩底 thắt đáy
𩈘底 mặt đáy"
底,tẩy,𮞶底 lật tẩy
啲,đếch,"啲懃 đếch cần
啲別 đếch biết
[翻]"
墊,đệm,"𠸜墊 tên đệm
墊彈 đệm đàn
墊床 đệm giường"
𦛉,đéo,𠋺𦛉懃別！ Tao đéo cần biết!
岹,đèo,"𡾬岹 dốc đèo
𨅹岹洡𤂬 trèo đèo lội suối"
𭢌,đèo,"𭢌䙜 đèo bòng
𭢌行 đèo hàng"
𠞸,đẽo,"𠞸𠞡 đẽo gọt
鑟𠞸 đục đẽo
𠖭𠞸 lẽo đẽo"
𪸽,đét,"𤷍𪸽 gầy đét
枯𪸽 khô đét
黰𪸽 đen đét
[翻]"
𮬩,đểu,"𮬩𫆥 đểu cáng
𮬩者 đểu giả
㹥𮬩 chó đểu
𨔈𮬩 chơi đểu"
呧,đi,"漫呧噅 Man-đi-vơ
[翻]"
𡚦,đĩ,𨔈𡚦 chơi đĩ
笛,ĐỊCH,彈笛 đàn địch
𦖡,điếc,"𦖡𦖻 điếc tai
𦖡𭉪 điếc đặc"
䀨,điềm,䀨令 điềm lành
甸,ĐIỆN,緬甸 Miến Điện
牒,ĐIỆP,通牒 thông điệp
諜,ĐIỆP,"間諜 gián điệp
諜員 điệp viên"
刁,điêu,吶刁 nói điêu
貂,ĐIÊU,貂蟬 điêu thuyền
鳥,ĐIỂU,鴕鳥 đà điểu
鳥,đụ,鳥媽 đụ má
吊,ĐIẾU,吊文 điếu văn
𫁵,điếu,"𫁵𦓿 điếu cày
𫁵炶 điếu đóm"
叮,ĐINH,"叮嚀 đinh ninh
叮𠄼 đinh (đing) năm"
叮,điếng,"𣩂叮 chết điếng
𤴬叮 đau điếng"
疔,ĐINH,疔𩯁 đinh râu
疔,đanh,𤷿頭疔 nhọt đầu đanh
掟,đính,"掟𧜴 đính khuy
𡲫𧹻掟𡨸鐄 vải đỏ đính chữ vàng"
挺,đĩnh,挺度 đĩnh đạc
艇,ĐĨNH,潛水艇 tiềm thuỷ đĩnh
錠,ĐĨNH,"金錠 kim đĩnh
萬應錠 vạn ứng đĩnh"
𦝂,đít,𦝂𧴋 đít beo
𬇓,địt,𬇓！ địt!
𤂂,đìu,𤂂㳜 đìu hiu
裯,địu,"裯𡥵 địu con
[翻]"
艔,đò,轉艔 chuyến đò
㡯,đọ,"㡯飭 đọ sức
𬧺㡯 so đọ"
賭,đố,"句賭 câu đố
打賭 đánh đố
賭媄䀡 đố mẹ xem"
朵,ĐOÁ,"朵花 đoá hoa
𠄩朵牡丹 hai đoá mẫu đơn"
兌,ĐOÀI,卦兌 quái Đoài
兌,đoái,"兌懷 đoái hoài
兌傷 đoái thương
兌矓景𫇰𠊛𠸗 đoái trông cảnh cũ người xưa"
短,ĐOẢN,"短劍 đoản kiếm
短脈 đoản mạch
所短 sở đoản
短語 đoản ngữ"
𠾕,đòi,"𠾕𠳨 đòi hỏi
𠾕𧴱 đòi nợ
學𠾕 học đòi"
𥖐,đọi,"𥖐𩚵 đọi cơm
咹空𢧚𥖐、吶拯𢧚𠳒 ăn không nên đọi, nói chẳng nên lời"
戴,đội,戴𢃱 đội mũ
玷,đốm,"㹥玷 chó đốm
𤒢玷 lốm đốm
[翻]"
𢲠,đơm,𢲠撻 đơm đặt
惇,ĐÔN,惇篤 đôn đốc
敦,ĐÔN,"敦促 đôn thúc
敦厚 đôn hậu
倫敦 Luân Đôn
[翻]"
墩,ĐÔN,墩楛 đôn gỗ
扽,đốn,扽𣘃 đốn cây
訰,đồn,信訰 tin đồn
飩,ĐỒN,餛飩 hồn đồn
飩,thánh,餛飩 hoành thánh
鈍,ĐỘN,𢠤󠄁鈍 đần độn
𣁲,đong,𣁲迻 đong đưa
秱,đòng,秱秱 đòng đòng
冬,ĐÔNG,"𬁒冬 mùa đông
冬至 đông chí
冬菇 đông cô"
董,ĐỔNG,"扶董 Phù Đổng
董理 đổng lí"
董,đổng,"吶董 nói đổng
𠯽董 chửi đổng"
棟,ĐỐNG,梁棟 lương đống
沓,đốp,"沓𠹗 đốp chát
沓沓 đôm đốp
[翻]"
沓,đôm,"沓沓 đôm đốp
⇔沓đốp"
㗳,đớp,"㗳𥺒 đớp thính
㹥㗳 chó đớp
𩵜㗳𩝇 cá đớp mồi"
哆,đứ,"哆𣴙 đứ đừ
𱖗哆𫥨 ngồi đứ ra"
𣴙,đừ,"𤻻𣴙 mệt đừ
哆𣴙 đứ đừ
𡃖𣴙 lừ đừ"
鑟,đục,鑟圇 đục tròn
𥊖,đui,𥊖霧 đui mù
𦢶,đùi,"𣔟𦢶 bắp đùi
裙𦢶 quần đùi
[翻]"
𦅭,đũi,"𡲫𦅭 vải đũi
裙襖𦅭 quần áo đũi"
𦅰,đùm,"𦅰襆 đùm bọc
[翻]"
焞,đun,"焞渃 đun nước
焞𤍇 đun nấu"
𡶁,đùn,"𥺿𡶁 ỉa đùn
蛽𡶁𡐙 mối đùn đất"
庉,đụn,"庉𤌋 đụn khói
庉𥟉 đụn thóc
[翻]"
𨆟,đủng,𨆟䟓 đủng đỉnh
襠,đũng,"裙𦀪襠 quần vá đũng
[翻]"
燭,đuốc,"抪燭 bó đuốc
檜燭 củi đuốc
畑燭 đèn đuốc"
𤠂,đười,𤠂𤠆 đười ươi
㷋,đượm,"𧺀㷋 thắm đượm
濃㷋 nồng đượm"
𧛆,đụp,"襖𦀪𦁢𦀪𧛆 áo vá chằng vá đụp
[翻]"
曀,ế,"曀𤀔 ế ẩm
曀𫯳 ế chồng"
嗌,ếch,叫嗌嗌 kêu ếch ếch
嚥,en,嚥嚥 en en
𪝼,ềnh,"㑲𪝼 nằm ềnh
𠲜𪝼 chềnh ềnh"
𪝼,ình,"𪝼䏾 ình bụng
𪝼益 ình ịch
𪝼轟 ình oàng"
朠,ễnh,"朠䏾 ễnh bụng
𡥵朠𫊬 con ễnh ương
[翻]"
㕭,eo,"㕭𠾸 eo xèo
㕭㗒 eo ơi"
㕭,ẽo,㕭㕭 èo ẽo
㕭,èo,"㕭㕭 èo ẽo
⇔㕭ẽo"
腰,eo,"腰狹 eo hẹp
腰𡐙 eo đất
腰𨉞 eo lưng
腰㴜 eo biển"
殀,ẻo,"擣殀 trù ẻo
殀𪫦 ẻo lả"
𢰳,éo,"𢰳𢰳 eo éo
𢰳𠻗 éo le
捥𢰳 uốn éo"
𢰳,eo,"𢰳𢰳 eo éo
⇔𢰳éo"
𠇺,ẹp,俋𠇺 ọp ẹp
𠮙,ét,"𠮙涳 ét-xăng
[翻]"
𠮙,ẹt,"喐𠮙 ọt ẹt
[翻]"
喓,êu,"喓喂 êu ôi
[翻]"
𪵤,ga,瓶𪵤 bình ga
𠶄,gạ,𠶄𡀯 gạ chuyện
㓢,gạc,"㓢𠸜𥪝名冊 gạc tên trong danh sách
攑㓢 gỡ gạc"
觡,gạc,觡㹯 gạc hươu
𦂦,gạc,𨬋𦂦㲸 miếng gạc ướt
棘,gấc,"𥸷棘 xôi gấc
[翻]"
𢹆,gài,"𢹆擺 gài bẫy
𢹆𨷯 gài cửa"
𢴖,gãi,固𧋺時𢴖 có chí thì gãi
㨟,gảy,"㨟彈 gảy đàn
㨟稴𠓨𤇮 gảy rơm vào bếp"
㨟,khảy,
𠰁,gáy,𪃿𠰁𡀴𡀴 gà gáy o o
𩺺,gáy,𩵜𩺺 cá gáy
𬛑,gáy,𬛑冊 gáy sách
㧡,gẩy,"㧡彈 gẩy đàn
㧡盤併 gẩy bàn tính"
𨭺,gam,"其露𨭺 ki-lô-gam
[翻]"
㨔,găm,𬚸羝㨔蒜 thịt dê găm tỏi
鈐,găm,"針鈐 kim găm
鈐行 găm hàng
刀鈐 dao găm
唊鈐 dap găm"
𢤝,gằm,儈𢤝 cúi gằm
齽,gặm,"𤝞齽 chuột gặm
齽𠰃 gặm nhấm"
𢢈,gàn,𢢈𢢈 gàn gàn
𢭬,gạn,"𢭬𡃕 gạn gùng
𢭬漉 gạn lọc
𢭬𠳨 gạn hỏi
𢭬濁𢵱沖 gạn đục khơi trong"
𡬼,gang,荼𡬼 dưa gang
鋼,gang,鍊鋼 luyện gang
㮗,găng,𣘃㮗 cây găng
𠡚,gắng,"𠡚功 gắng công
固𠡚 cố gắng
[翻]"
𫧂,gáo,"𫧂椰 gáo dừa
彈𫧂 đàn gáo"
檤,gạo,𣘃檤 cây gạo
𢰽,gáp,急𢰽 gấp gáp
𢰽,gắp,"𢰽籤 gắp thăm
丐𢰽 cái gắp
𢰽式咹 gắp thức ăn"
𥄫,gấp,"𥄫𥇚 gấp ghé
[翻]"
𥄫,ngấp,
岋,gập,"岋冊 gập sách
岋𡹡 gập ghềnh"
噑,gáu,噑噑 gau gáu
噑,ngáu,噑噑 ngau ngáu
噑,ngấu,噑噑 ngâu ngấu
噑,gau,"噑噑 gau gáu
⇔噑gáu"
噑,ngau,"噑噑 ngau ngáu
⇔噑ngáu"
噑,ngâu,"噑噑 ngâu ngấu
⇔噑ngấu"
浗,gàu,浗𣙩 gàu sòng
浗,gầu,
脙,gàu,"𬖾脙 phở gàu
頭固𡗉脙 đầu có nhiều gàu"
脙,gầu,
𠯜,gâu,𠯜𠯜 gâu gâu
㗕,gẫu,𠾎㗕 tán gẫu
㗕,quạu,㗕㗕 quàu quạu
㗕,quàu,"㗕㗕 quàu quạu
⇔㗕quạu"
䑴,ghe,䑴船 ghe thuyền
𡃊,ghe,𡃊番 ghe phen
𡃊,khẽ,"捈高打𡃊 giơ cao đánh khẽ
溪𡃊 khe khẽ"
𤴪,ghẻ,"𤴪𤹙 ghẻ chốc
𤴪𧋆 ghẻ ruồi
丐𤴪 cái ghẻ
𤴪渃 ghẻ nước"
𡒬,ghẻ,"姨𡒬 dì ghẻ
𡒬冷 ghẻ lạnh"
𥇚,ghé,𥄫𥇚 gấp ghé
𥇚,nghé,
㙋,ghè,"㙋𩻐 ghè mắm
㖗㙋 gầm ghè"
𥗎,ghề,𥕥𥗎 gồ ghề
𮞑,ghếch,"𮞑蹎 ghếch chân
[翻]"
𧁴,ghém,"蔞𧁴 rau ghém
襘𧁴 gói ghém
[翻]"
𡹡,ghềnh,"𣴜𡹡 thác ghềnh
岋𡹡 gập ghềnh
[翻]"
嘺,ghẹo,"嘹嘺 trêu ghẹo
[翻]"
嘺,kẽo,嘺𠹳 kẽo kẹt
𡑪,ghét,垢𡑪 cáu ghét
剘,ghi,𢯏剘 bẻ ghi
𢙕,ghiếc,𡃍𢙕 gớm ghiếc
𠋵,ghiền,"ghiền nặng 𠋵𨢇
ghiền rượu𠊛𠋵古喀印
người ghiền cô-ca- in"
捦,ghim,"捦𠓨 ghim vào
[翻]"
𩸱,ghím,𩵜𩸱 cá ghím
拑,ghìm,拑𬘋 ghìm chặt
𩸰,go,丐𩸰𩵜 cái go cá
𦁿,gô,"𦁿𦙶 gô cổ
繓𦁿 trói gô
𪃿𦁿 gà gô"
𥕥,gồ,"𩑰𥕥 trán gồ
𡐙𥕥 đất gồ
𥕥𥗎 gồ ghề"
塸,gơ,"塸絏𧃷榔 gơ dây khoai lang
𠊛𤄷塸萊 người Ra Gơ-lai (Glai)
[翻]"
𪡽󠄁,gở,"吶𪡽󠄁 nói gở
怪𪡽󠄁 quái gở
()"
埧,gờ,"埧𤬪 gờ ngói
埧盤 gờ bàn
埧𦑃𨷯 gờ cánh cửa"
梏,gộc,梞梏 gậy gộc
澮,gội,"浸澮 tắm gội
澮頭 gội đầu
油澮 dầu gội
()"
搛,gom,"搛𢵰 gom góp
收搛 thu gom
[翻]"
𡑲,gốm,"𣘊𡑲 đồ gốm
𠏲𡑲 thợ gốm"
𡃍,gớm,"𭌲𡃍 ghê gớm
𡃍𢙕 gớm ghiếc
𡃍！ gớm!"
𢢬,gờm,𢢬𢢬 gờm gờm
袞,gọn,袞抗 gọn gàng
袞,gòn,"袞袞 gòn gọn
⇔袞gọn"
琨,gôn,琫琨 bóng gôn
𰜠,gợn,𰜠㳥 gợn sóng
𰜠,gờn,"𰜠𰜠 gờn gợn
⇔𰜠gợn"
嗊,gỏng,噶嗊 gắt gỏng
嗊,ngỗng,"藝嗊 nghề ngỗng
[翻]"
槓,gọng,槓鏡 gọng kính
𭡅󠄁,gồng,"挭𭡅󠄁 gánh gồng
𭡅󠄁𨉟 gồng mình"
佮,gộp,"賚佮 lãi gộp
佮徠 gộp lại"
𠞡,gọt,"𠞸𠞡 đẽo gọt
𠞡𡧲 gọt giũa"
淈,gột,"淈𣳮 gột rửa
淈仍意擬腐敗 gột những ý nghĩ hủ bại"
㘗,gu,合㘗 hợp gu
佝,gù,佝𨉞 gù lưng
𨗥,gũi,"近𨗥 gần gũi
[翻]()"
𨗥,gụi,"近𨗥 gần gụi
[翻]"
𡃕,gùng,"𢭬𡃕 gạn gùng
[翻]"
薑,gừng,"榘薑 củ gừng
[翻]"
槶,guốc,"鞢槶 dép guốc
槶楛 guốc gỗ"
𤶹,guộc,𤷍𤶹 gầy guộc
鎌,gươm,錆鎌 thanh gươm
睒,gườm,睒睒 gườm gườm
軖,guồng,"軖𣛠 guồng máy
軖捁𥾘 guồng kéo sợi"
縎,gút,"紩縎黹 thắt gút chỉ
[翻]"
縎,gùn,"縎縎 gùn gút
⇔縎gút"
咦,gi,
釲,gỉ,"𨫪釲 han gỉ
釲𡏥 gỉ sét
釲眜 gỉ mắt
釲𪖫 gỉ mũi"
釲,rỉ,"釲𡏥 rỉ sét
⇔釲gỉ"
侇,gí,"㑲侇 nằm gí
碮𠻅侇𬺗 đè bẹp gí xuống"
枷,gia,𣘃校枷 cây giâu gia
枷,da,
迆,giã,迆𥽌 giã gạo
捔,giác,捔𨉞 giác lưng
偕,GIAI,百年偕老 bách niên giai lão
邂,GIẢI,邂逅 giải cấu
𦄂,giải,"𦄂賞 giải thưởng
[異]繲"
𤐃,giãi,"𤐃排 giãi bày
𤐃𤍊 giãi tỏ"
㑘,giáy,𠊛㑘 người Giáy
䟢,giãy,"䟢𣩂 giãy chết
䟢䄧 giãy nảy"
䟢,rẫy,
𦀊,giây,墨𦀊𠓨襖 mực giây vào áo
𥹋,giầy,餅𥹋 bánh giầy
𥹋,dày,
𥹋,dầy,
𨡉,giấm,"𨡉𤽸 giấm trắng
䣷如𨡉 chua như giấm"
𨡉,dấm,
𥋶,giấm,𥋶搥 giấm giúi
𥋶,dấm,"𥋶𠏮 dấm duối
𥋶唋 dấm dớ
⇔𥋶giấm"
𨃵,giẫm,𨃵踏 giẫm đạp
𨁹,giậm,"𨁹蹎 giậm chân
[翻]"
𨁹,dậm,
𧍴,gián,𡥵𧍴 con gián
橺,giàn,橺𦲾 giàn mướp
𢴟,giằn,𢴟𬴭 giằn giọc
𢴟,trằn,"𢴟𬴭 trằn trọc
𤴬𢴟𣅶𠭤胣 đau trằn lúc trở dạ"
洚,giáng,洚朱𠬠梞 giáng cho một gậy
𢭩,giằng,"𢭩扯 giằng xé
𢭩𢮩 giằng co
𢭩𢴘 giằng xay"
𥯰,giành,丐𥯰 cái giành
蛟,GIAO,蛟龍 giao long
狡,GIẢO,"奸狡 gian giảo
狡猾 giảo hoạt
狡詐 giảo trá"
絞,GIẢO,"罪絞 tội giảo
絞刑 giảo hình"
𥋽,giáo,𥋽𠭤 giáo giở
𥋽,tráo,"𥋽𥉲 tráo trợn
𥗁𥋽 trơ tráo
打𥋽 đánh tráo"
𥋽,trao,"𥋽𥋽 trao tráo
⇔𥋽tráo"
𣎖,giập,"𣎖捏 giập nát
𦡣𣎖 bầm giập"
𣎖,chập,
泆,giạt,"㵢泆 trôi giạt
泆𠓨坡 giạt vào bờ"
𢳂,giắt,"𢳂𢬣僥 giắt tay nhau
𢳂錢𠓨紩𠦻 giắt tiền vào thắt lưng"
𥭛,giậu,"樔𥭛 rào giậu
𥭛楛𨒺茹 giậu gỗ quanh nhà"
綵,giẻ,綵𧛊 giẻ rách
𪂰,giẻ,𪀄𪂰𪇋 chim giẻ cùi
秷,gié,秷穭 gié lúa
𦟘,gien,"部𦟘 bộ gen
相作𦟘 tương tác gen"
𦟘,gen,
𧁶,giền,"蔞𧁶 rau giền
[翻]"
𧁶,dền,
𫣂,giềng,"㫰𫣂 láng giềng
[翻]"
𫣂,giênh,
佋,giẹo,佋住 giẹo giọ
浙,giẹt,"𪖫浙 mũi giẹt
𤷿㐌浙𬺗 nhọt đã giẹt xuống
[翻]"
嘋,giễu,"𠶜嘋 chế giễu
嘋𠹳 giễu cợt"
𥱰,giò,"𥱰𤙭 giò bò
𥱰鮓 giò chả"
𨃝,giò,蹎𨃝 chân giò
捛,giở,"捛冊 giở sách
捛襖𫥨𬡶 giở áo ra mặc"
𬴭,giọc,𢴟𬴭 giằn giọc
𬴭,trọc,"𠞟𬴭 cạo trọc
𬴭頭 trọc đầu
[翻]"
䇶,giốc,"㗂䇶 tiếng giốc
[翻]"
蜼,giòi,𡥵蜼 con giòi
蜼,dòi,
介,GIỚI,"介紹 giới thiệu
介詞 giới từ
[翻]"
伅,giòn,"伅偖 giòn giã
黰伅 đen giòn
[翻]"
笗,giong,"抪檜笗 bó củi giong
樔笗 rào giong"
𩢦,giong,"𩢦燭 giong đuốc
𩢦帆𫥨𣾺 giong buồm ra khơi
𩢦𤛠𫥨𬏇 giong trâu ra ruộng"
𪢊,gióng,"𪢊鐘 gióng chuông
𪢊㨋 gióng giả"
柊,giông,柊𪥘󠄁𢆥 giông cả năm
𧊕,giông,"麒𧊕 kì giông
盲𧊕 manh giông
沙𧊕 sa giông"
㘁,gịt,"㘁𪖫 gịt mũi
[翻]"
𱡃,giũ,"𣾹𱡃 giặt giũ
[翻]()"
銼,giũa,"丐銼 cái giũa
𥕄銼 mài giũa
𠞡銼 gọt giũa"
㗎,giụa,𣼼㗎 giàn giụa
搥,giúi,"𨁟搥 ngã giúi
𥋶搥 giấm giúi
搥𢵌 giúi giụi"
搥,dúi,"搥朱 dúi cho
搥𢵌 dúi dụi
𡥵搥 con dúi
⇔搥giúi"
𢵌,giụi,𢵌眜 giụi mắt
𢵌,dụi,"𢵌眜 dụi mắt
搥𢵌 dúi dụi
⇔𢵌giụi"
𡑓,giùm,"𫜵𡑓 làm giùm
[翻]"
撴,giun,"撴僥𨁟 giun nhau ngã
[翻]"
掁,giương,"掁弓 giương cung
掁圍 giương vây
掁眜 giương mắt"
𧯶,há,𧘇𧯶沛𱺵惡咍哰？ Ấy há phải là ác hay sao?
霞,HÀ,"雲霞 vân hà
[翻]"
郝,HÁC,"𣱆郝 họ Hác
嘝郝 hốc hác"
鶴,HẠC,"𪀄鶴 chim hạc
紅鶴 hồng hạc"
黑,HẮC,"黑素 hắc tố
黑煙 hắc ín
黑店 hắc điếm
黑暗 hắc ám
黑馬 hắc mã
黑猩猩 hắc tinh tinh"
黑,hắc,"黑斧 hắc búa
㤚黑 hăng hắc
排算黑過 bài toán hắc quá"
嘿,hặc,"𡄆嘿 hục hặc
[翻]"
孩,HÀI,孩兒 hài nhi
鞋,HÀI,對鞋 đôi hài
唉,hãy,"唉朱別 hãy cho biết
唉𡀳 hãy còn"
㦑,hám,"㦑名 hám danh
㦑利 hám lợi
洃㦑 hôi hám"
噷,hăm,噷𠇍歲 hăm mấy tuổi
㤷,hằm,"㤷㤷 hằm hằm
㤷嗄 hằm hè"
㤷,hầm,"㤷嗄 hầm hè
⇔㤷hằm"
𥼲,hẩm,"𩚵𥼲 cơm hẩm
𥼲㳜 hẩm hiu"
𤐚,hầm,𤐚𩩫 hầm xương
爁,hậm,爁𤍋 hậm hực
𰗯,han,蘿𰗯 lá han
𨫪,han,𨫪釲 han rỉ
𪡗,han,𠳨𪡗 hỏi han
暵,HÁN,旱暵 hạn hán
痕,hằn,"䌰痕 nếp hằn
痕餅車 hằn bánh xe"
痕,ngấn,"𤵖痕 vết ngấn
痕渃 ngấn nước"
釁,HẤN,"𨠳釁 gây hấn
𢭁釁 hề hấn"
胻,háng,"樣胻 dạng háng
𠋥𤻭胻啊？ mày ngứa háng à?"
响,hắng,"哅响 húng hắng
响𠰩 hắng giọng"
𫰟,HẰNG,𫰟娥 Hằng Nga
哘,hẵng,哘抵妬 hẵng để đó
哼,hanh,"𢝜哼 đành hanh
𩙍哼 gió hanh"
衡,HÀNH,"權衡 quyền hành
玉衡 ngọc hành"
毫,HÀO,錢毫 tiền hào
蠔,HÀO,𡥵蠔 con hào
蠔,hàu,𡥵蠔 con hàu
𠲡,hão,"許𠲡 hứa hão
𠲡玄 hão huyền"
昊,HẠO,
浩,HẠO,"浩然 hạo nhiên
浩氣 hạo khí"
顥,HẠO,
灝,HẠO,
盍,háp,
熻,hấp,"熻𩚵 hấp cơm
熻熻 hâm hấp"
熻,hâm,"熻熻 hâm hấp
⇔熻hấp"
𫤾,hắt,"𫤾癐 hắt hủi
𫤾㳜 hắt hiu"
迄,hất,"迄𨀿 hất cẳng
迄𦛜 hất hàm"
𬷎,hâu,鷂𬷎 diều hâu
茩,hấu,荼茩 dưa hấu
𭌟,hê,嘑𭌟 hả hê
𠯋,hể,𠯋嘑 hể hả
𠯋,hi,唭𠯋𠯋 cười hi hi
嗘,hề,唭嗘嗘 cười hề hề
侅,hếch,"𪖫侅 mũi hếch
侅蹎𬨠 hếch chân lên
[翻]"
劾,hệch,斛劾 hộc hệch
𡑯,hẻm,"𡉦𡑯 ngõ hẻm
塘𡑯 đường hẻm
[翻]"
𠻃,hen,"𠯖𠻃 ho hen
[翻]"
𭉑,hẹn,"許𭉑 hứa hẹn
𭉑㗅 hẹn hò
[異]限"
䘆,hến,"𡥵䘆 con hến
䘆𤇤 hến xào"
亨,hênh,"𤾟亨 hớ hênh
惺亨 tênh hênh
[翻]"
啈,hểnh,𠸣啈 hổng hểnh
㺧,heo,𡥵㺧 con heo
𤉗,héo,"𤉗焝 héo hon
枯𤉗 khô héo"
鶡,hét,𪀄鶡 chim hét
𩊽,hia,對𩊽 đôi hia
𢷓,hích,"𢷓𣎣𢬣𠓨𦘹伴 hích khuỷu tay vào sườn bạn
用把𦠘𢷓𠬠丐 dùng bả vai hích một cái"
𢷓,huých,"𢷓㹥𫥨哏 huých chó ra cắn
⇔𢷓hích"
檄,HỊCH,"檄文 hịch văn
[翻]"
嫌,HIỀM,"嫌隙 hiềm khích
嫌疑 hiềm nghi"
嫌,hem,潛嫌 tèm hem
軒,HIÊN,"行軒 hàng hiên
𠃅軒 mái hiên"
憲,HIẾN,憲法 hiến pháp
蠍,HIẾT,天蠍 Thiên Hiết
蠍,hạt,"天蠍 Thiên Hạt
⇔蠍hiết"
蠍,yết,"天蠍 Thiên Yết
⇔蠍hiết"
校,HIỆU,"校冊 hiệu sách
校長 hiệu trưởng
監校 giám hiệu"
校,giâu,𣘃校枷 cây giâu gia
𥋵,him,"𥋵𥋵 him him
[翻]"
嬐,hĩm,丐嬐 cái hĩm
馨,HINH,馨香 hinh hương
型,HÌNH,"模型 mô hình
典型 điển hình
類型 loại hình"
䀫,híp,"䀫眜 híp mắt
[翻]"
𭊪,hít,"㖧𭊪 hôn hít
[翻]"
㳜,hiu,"𤂂㳜 đìu hiu
㳜𣔲 hiu quạnh
[翻]"
𢜜,hổ,"醜𢜜 xấu hổ
𢜜𢢆 hổ thẹn"
諕,hố,被諕 bị hố
壺,HỒ,銅壺 đồng hồ
醐,HỒ,醍醐 đề hồ
怙,hỗ,怙價 hỗ giá
𤏤,hơ,"𤏤過焒 hơ qua lửa
[翻]"
𤾟,hớ,𤾟亨 hớ hênh
𤾟,hơ,"𤾟𤾟 hơ hớ
⇔𤾟hớ"
鏵,hoa,"𠬠鏵 một hoa
單位𢵋đơnvịđo"
嚯,hoác,"㢅嚯 rộng hoác
𢲫嚯 mở hoác
𥧪嚯 trống hoác
𫫥嚯 toang hoác"
嚯,oác,"嚯嚯 oác oác
[翻]"
霍,HOẮC,"霍亂 hoắc loạn
揮霍 huy hoắc"
霍,hoắc,"𨓐霍 lạ hoắc
啐霍 thối hoắc
醜霍 xấu hoắc"
藿,HOẮC,藿香 hoắc hương
𥩇,hoáy,咥渨 hí hoáy
𥩇,ối,"𩓜渨 màng ối
渃渨 nước ối
栓塞渨 thuyên tắc ối
𡀳渨𫥨蒂 còn ối ra đấy"
𥩇,hoắm,漊𥩇 sâu hoắm
浣,hoán,糖浣 đường hoán
換,HOÁN,"換𢷮 hoán đổi
換改 hoán cải
交換 giao hoán"
喚,HOÁN,呼喚 hô hoán
桓,HOÀN,盤桓 bàn hoàn
宦,HOẠN,"宦官 hoạn quan
宦𤞼 hoạn lợn"
唍,hoằn,和唍 hoạ hoằn
惶,HOÀNG,驚惶 kinh hoàng
𣹔,hoảnh,𣋝𣹔 ráo hoảnh
猾,HOẠT,狡猾 giảo hoạt
𨨅,hoắt,𨮐𨨅 nhọn hoắt
𫘲,hóc,閧𫘲 hỏng hóc
嘝,hốc,"𠹛嘝 há hốc
𡎟嘝 hang hốc
𥧪嘝 trống hốc
嘝郝 hốc hác"
斛,HỘC,"𠬠斛 một hộc
單位𢵋đơnvịđo"
斛,hộc,斛速 hộc tốc
斛,hồng,"斛斛 hồng hộc
⇔斛hộc"
鵠,HỘC,鴻鵠 hồng hộc
暉,hoe,"𧹻暉 đỏ hoe
咏暉 vắng hoe"
槐,HOÈ,𣘃槐 cây hoè
𠽡,hoẹ,橫𠽡 hoạnh hoẹ
𤸫,hoen,"𤸫釲 hoen gỉ
𤸫癋 hoen ố"
宛,hoẻn,宣宛 toen hoẻn
𠲣,hoét,"𧹻𠲣 đỏ hoét
花𠲣 hoa hoét"
脄,hoi,"苿脄 mùi hoi
𠳾脄 hẳn hoi
險脄 hiếm hoi"
洄,hói,"掏汒𢵼洄 đào mương vét hói
𢵼洄引渃 vét hói dẫn nước"
䰎,hói,"䰎頭 hói đầu
瀝䰎 rạch hói"
賄,HỐI,賄賂 hối lộ
鮰,hồi,𩵜鮰 cá hồi
咳,hỡi,咳喂 hỡi ôi
亥,HỢI,"𣇞亥 giờ Hợi
乙亥 Ất Hợi"
𩩿,hom,𩩿嫌 hom hem
𠮬,hỏn,"准𠮬 chỏn hỏn
𧹻𠮬 đỏ hỏn"
𠮬,hon,"𠮬𠮬 hon hỏn
⇔𠮬hỏn"
𧍎,hôn,𡥵𧍎 con hôn
魂,HỒN,"心魂 tâm hồn
靈魂 linh hồn
招魂 chiêu hồn
魂魄 hồn phách"
餛,HỒN,餛飩 hồn đồn
餛,hoành,餛飩 hoành thánh
烘,hong,烘𣌝 hong nắng
𤆺,hóng,蒲𤆺 bồ hóng
𥈰,hóng,"𥈰𩙍 hóng gió
𥈰𡀯 hóng chuyện"
𥈰,hong,"𥈰𥈰 hong hóng
⇔𥈰hóng"
𢞃,hòng,"𢞃懞 hòng mong
𢞃矓 hòng trông
揨𢞃 đừng hòng"
胷,hông,"𫰅胷𪥘󠄁胻 to hông cả háng
促𠓨胷埃 thúc vào hông ai"
𡏠,hông,"鈉𡏠 nồi hông
𡏠𥸷 hông xôi"
吼,hống,吼赫 hống hách
洪,HỒNG,洪水 hồng thuỷ
𨸚,hóp,𨸚𦟐 hóp má
匣,hộp,匣茶 hộp trà
𪡄,hộp,"徊𪡄 hồi hộp
[翻]"
呷,hớp,"呷魂 hớp hồn
𩵜呷渤 cá hớp bọt
呷𠬠喁茶 hớp một ngụm trà"
㧾,hốt,㧾𧅫 hốt rác
㧾,hót,
胕,hủ,豆胕 tàu-hủ
胕,phở,豆胕 tào-phở
胕,phớ,豆胕 tào-phớ
栩,HỦ,"𠊛羅栩 người La Hủ
[翻]"
腐,HỦ,"腐敗 hủ bại
古腐 cổ hủ
腐儒 hủ nho
豆腐 đậu hủ"
腐,PHỤ,豆腐 đậu phụ
腐,hũ,豆腐 đậu hũ
粿,hủ,粿條 hủ tiếu
吁,hú,"吁咥 hú hí
𪀄𭉫吁 chim tu hú"
𪺛,hũ,"丐𪺛 cái hũ
𪺛荼 hũ dưa
𪺛式咹 hũ thức ăn"
譃,hự,淤譃 ứ hự
𫊯,hua,醬固𫊯 tương có hua
勖,húc,"勖頭 húc đầu
𤛠𤙭勖僥 trâu bò húc nhau"
𡄆,hục,"熊𡄆 hùng hục
[翻]()"
携,HUỀ,提携 đề huề
蕙,HUỆ,花蕙 hoa huệ
𠇟,huênh,𠇟荒 huênh hoang
𠇟,vãnh,伆𠇟 vặt vãnh
癐,hủi,"病癐 bệnh hủi
𫤾癐 hắt hủi
()"
𠜮,húi,"𠜮𩯀 húi tóc
[翻]"
諱,HUÝ,"諱名 huý danh
忌諱 kị huý"
鬩,huỵch,螢鬩 huỳnh huỵch
萱,HUYÊN,茹萱 nhà huyên
萱,hiên,花萱 hoa hiên
喧,HUYÊN,"喧鬧 huyên náo
喧天 huyên thuyên"
喧,luyên,喧天 luyên thuyên
暄,HUYÊN,寒暄 hàn huyên
弦,HUYỀN,六弦琴 lục huyền cầm
懸,HUYỀN,懸案 huyền án
炫,HUYỄN,炫耀 huyễn diệu
眩,HUYỄN,"眩惑 huyễn hoặc
眩想 huyễn tưởng"
穴,HUYỆT,"穴道 huyệt đạo
巢穴 sào huyệt"
𢬔,huýt,"𢬔𧥇 huýt còi
𢬔哨 huýt sáo"
𥵗,hum,"𥳍𥵗 tùm hum
[翻]"
𤞻,hùm,𩵽𤞻 tôm hùm
𦭪,húng,"蔞𦭪 rau húng
𦭪桂 húng quế
𦭪橙 húng chanh"
哅,húng,哅响 húng hắng
𤈍,hửng,熷𤈍 tưng hửng
𢯘,huơ,"𢯘𢬣 huơ tay
𢯘鎌 huơ gươm"
謔,HƯỚC,諧謔 hài hước
㹯,hươu,"𡥵㹯 con hươu
㹯𣇟 hươu sao
㹯高𦙶 hươu cao cổ"
噏,húp,"噏噏 hum húp
[翻]"
噏,hum,"噏噏 hum húp
⇔噏húp"
貅,HƯU,貔貅 tì hưu
佑,HỰU,"永佑 Vĩnh Hựu
開佑 Khai Hựu"
祐,HỰU,"天祐 Thiên Hựu
𫷨延祐 Chùa Diên Hựu
黎維祐 Lê Duy Hựu"
𥑴,ì,𥑴伌 ì ạch
𥑴,ĩ,𩆢𥑴 ầm ĩ
𥺿,ỉa,𥺿沚 ỉa chảy
𠸯,ỉn,𡅯𠸯 ủn ỉn
煙,ín,黑煙 hắc ín
𠸄,inh,"𠸄𱔎 inh ỏi
[翻]"
倚,Ỷ,"倚勢 ỷ thế
倚權 ỷ quyền
倚賴 ỷ lại"
倚,ỉ,陰倚 âm ỉ
椅,Ỷ,丐椅 cái ỷ
𧱺,ỷ,𤞼𧱺 lợn ỷ
薏,Ý,薏苡 ý dĩ
𡏉,yến,"𠬠𡏉 một yến
單位𢵋đơnvịđo"
夭,YỂU,𣩂夭 chết yểu
夭,ỉu,"夭𱡁 ỉu xìu
[翻]"
窈,YỂU,窈窕 yểu điệu
𤄬,ke,"䛒𤄬 xạo ke
𠰘沚𤄬 miệng chảy ke
性伮𤄬𡗋 tính nó ke lắm"
仉,kẻ,"仉𢲩 kẻ cắp
仉讎 kẻ thù"
𢩫,kẻ,𢩫𠬠塘𨱽 kẻ một đường dài
𦵗,ké,束𦵗 thúc ké
䗁,kè,則䗁 tắc-kè
𥰇,kè,"坡𥰇 bờ kè
笈𥰇 cặp kè"
笄,KÊ,及笄 cập kê
嵇,kê,籺嵇 hạt kê
稽,KÊ,"檢稽 kiểm kê
統稽 thống kê
滑稽 hoạt kê
稽單𫇿 kê đơn thuốc"
雞,KÊ,𡥵雞 con kê
𠽤,kếch,"𠽤𣭃 kếch xù
𫰅𠽤 to kếch
[翻]"
𥗌,kệch,"粗𥗌 thô kệch
𥗌慬 kệch cỡm"
鐱,kẽm,"𡎡鐱 mỏ kẽm
錢鐱 tiền kẽm"
摼,ken,"摼𠓨 ken vào
摼徠坡樔 ken lại bờ rào
𣘃樻𠚐摼𪠗 cây cối mọc ken dày"
挸,kén,挸譔 kén chọn
繭,kén,"襖繭 áo kén
蒐繭 cùi kén"
𥱲,kèn,"丐𥱲 cái kèn
𥱲距 kèn cựa"
䌑,kên,"䌑簦 kên đăng
䌑𬌓䉒 kên tấm phên"
𪅤,kên,𡥵𪅤𪅤 con kên kên
𨪝,kền,"𨬈𨪝 mạ kền
[翻]"
鏗,keng,鈴鏗 leng keng
𢙼,kễnh,忣𢙼 cập kễnh
𤠃,kễnh,"𡥵𤠃 con kễnh
𤠃䏾 kễnh bụng"
傹,kệnh,傹傹 kềnh kệnh
傹,kềnh,"傹傹 kềnh kệnh
⇔傹kệnh"
膠,keo,"膠杣 keo sơn
𣘃膠𦖻象 cây keo tai tượng"
𪢤,kẻo,"𪢤𦓡 kẻo mà
𪢤耒 kẻo rồi"
撟,kèo,杈撟 xà kèo
撟,kẹo,撟撟 kèo kẹo
撟,quéo,𨒺撟 quanh quéo
𡝔,kép,𡝔喝 kép hát
鋏,kẹp,"鉗鋏 kìm kẹp
𥼕鋏 lép kẹp"
咭,két,嗗咭 cót két
𪆰,két,䴌𪆰 mòng két
羯,kết,摩羯 Ma Kết
羯,oét,
杞,KỈ,枸杞 cẩu kỉ
杞,khởi,榘杞 củ khởi
岐,KÌ,三岐 Tam Kì
妓,KĨ,妓女 kĩ nữ
𣈒,kìa,𣈜𣈒 ngày kìa
𠼻,kìa,𠼻！ Kìa!
𠼻,cơ,
戟,KÍCH,"丐戟 cái kích
巴戟 ba kích"
戟,kích,"戟𡱩 kích thước
戟烏蘇 kích ô-tô
襖𠠚戟 áo xẻ kích"
劇,KỊCH,"𡲈劇 vở kịch
劇本 kịch bản
劇烈 kịch liệt
悲劇 bi kịch
諧劇 hài kịch
劇𣋜 kịch cợm"
劇,kình,"劇劇 kình kịch
⇔劇kịch"
𪆺,kịch,𪀄𪆺 chim kịch
臉,KIỂM,盎桃臉 áng đào kiểm
鹼,KIỀM,"質鹼 chất kiềm
鹼土 kiềm thổ
金類鹼 kim loại kiềm"
犍,KIỀN,目犍連 Mục Kiền Liên
榩,kiền,"楛榩 gỗ kiền
榩榩 kiền kiền"
鍄,kiềng,"蹎鍄 chân kiềng
𤥑鍄 vòng kiềng
凭如鍄𠀧蹎 vững như kiềng ba chân"
𤵹,kiết,𤵹痢 kiết lị
喬,KIỀU,"𣱆喬 họ Kiều
喬富 Kiều Phú"
蕎,KIỀU,蕎麥 kiều mạch
韭,kiệu,榘韭 củ kiệu
轎,KIỆU,"𢷰轎 khiêng kiệu
轎蠬 kiệu rồng"
虔,kìn,虔虔 kìn kìn
𠎠,kỉnh,"㤧𠎠 cáu kỉnh
𰈼𠎠 lỉnh kỉnh"
勍,KÌNH,"勍𢶢 kình chống
勍敵 kình địch
勍僥 kình nhau"
鯨,KÌNH,"鯨魚 kình ngư
𣖖鯨 chày kình
𩵜虎鯨 cá hổ kình"
喼,kíp,喼𫜵𣎀 kíp làm đêm
桀,kịt,"礄桀 kĩu kịt
[翻]"
桀,kìn,"桀桀 kìn kịt
⇔桀kịt"
礄,kĩu,"礄桀 kĩu kịt
[翻]"
柯,KHA,𣱆柯 họ Kha
疴,KHA,沈疴 trầm kha
軻,KHA,"孟軻 Mạnh Kha
荊軻 Kinh Kha"
𠀪,khà,𠀫𠀪 khề khà
楷,KHẢI,楷書 khải thư
𤡚,khái,𡥵𤡚 con khái
慨,KHÁI,"感慨 cảm khái
慷慨 khảng khái"
慨,ngấy,𢥇慨 chán ngấy
概,KHÁI,"氣概 khí khái
大概 đại khái
概念 khái niệm
概括 khái quát"
𥳐,khay,"𥳐茶 khay trà
𥳐𦺓 khay trầu"
𫫤,khảy,"唭𫫤 cười khảy
吶𫫤 nói khảy"
堪,KHAM,"不堪 bất kham
堪苦 kham khổ
可堪 khả kham
難堪 nan kham
堪役𥘀 kham việc nặng"
戡,KHAM,戡亂 kham loạn
𠥈,khám,𠓨囚𫥨𠥈 vào tù ra khám
龕,KHÁM,丐龕𰨂 cái khám thờ
㘛,khắm,𫫭㘛 khai khắm
㘛,khăm,"㘛㘛 khăm khắm
⇔㘛khắm"
衾,KHÂM,衾殮 khâm liệm
撳,khấm,撳可 khấm khá
侃,khản,"侃㗂 khản tiếng
侃𭉪 khản đặc
𠰩侃 giọng khản"
𠰙,khàn,"𠰙𦙶 khàn cổ
𠰙𠰙 khàn khàn"
𡁵,khẳn,𡁵𡁵 khăn khẳn
𡁵,khăn,"𡁵𡁵 khăn khẳn
⇔𡁵khẳn"
緊,KHẨN,"緊急 khẩn cấp
緊張 khẩn trương"
糠,KHANG,糟糠 tao khang
慷,KHẢNG,慷慨 khảng khái
𠀖,khạng,𠀖𣡤 khạng nạng
卿,KHANH,"愛卿 ái khanh
卿將 khanh tướng
國務卿 quốc vụ khanh"
𠾶,khảnh,𤗖𠾶 mảnh khảnh
𠾶,khỉnh,"蔻𠾶 kháu khỉnh
𠾶𠾶 khinh khỉnh"
𠾶,khinh,"𠾶𠾶 khinh khỉnh
⇔𠾶khỉnh"
𠾶,nghỉnh,"𠺱𠾶 ngủng nghỉnh
⇔𠾶khỉnh"
犒,KHAO,"犒賞 khao thưởng
𢝛犒 khít khao"
拷,KHẢO,拷問 khảo vấn
𥹬,khảo,餅𥹬 bánh khảo
𡂀,kháo,"𡂀𡀯 kháo chuyện
𡂀僥 kháo nhau"
伋,khấp,"伋俓 khấp khểnh
[翻]"
蔻,KHẤU,"豆蔻 đậu khấu
[翻]"
蔻,kháu,蔻𠾶 kháu khỉnh
𤌳,khê,"𩚵𤌳 cơm khê
饒𤌳 nhiêu khê"
栔,khế,𣘃栔 cây khế
𠀫,khề,𠀫𠀪 khề khà
憩,khệ,憩泥 khệ nệ
慊,khem,"𠼤慊 kiêng khem
[翻]"
俓,khểnh,"伋俓 khấp khểnh
㑲俓 nằm khểnh
[翻]"
𠀗,khệnh,𠀗𠀖 khệnh khạng
𩨼,kheo,𩨼蹎 kheo chân
撬,khều,撬𢪮 khều móc
崎,KHI,崎嶇 khi khu
棄,KHÍ,放棄 phóng khí
𠿁,khì,𠿁𠿁 khì khì
𧪢,khị,誘𧪢 dụ khị
㓶,khía,㓶𧣲 khía cạnh
欠,KHIẾM,"欠缺 khiếm khuyết
欠雅 khiếm nhã
欠聽 khiếm thính"
牽,KHIÊN,牽強 khiên cưỡng
㯠,khiên,丐㯠 cái khiên
遣,KHIỂN,"調遣 điều khiển
消遣 tiêu khiển"
遣,khiến,"差遣 sai khiến
吹遣 xui khiến"
𢷰,khiêng,"𢷰𱠲 khiêng vác
𢷰𫆥 khiêng cáng"
𢷰,khênh,
竅,KHIẾU,能竅 năng khiếu
𢝛,khít,"𢝛犒 khít khao
[翻]"
𢝛,khin,"𢝛𢝛 khin khít
⇔𢝛khít"
喫,khịt,"喫𪖫 khịt mũi
嗗喫 khụt khịt
列喫 lịt khịt"
喫,khìn,"喫喫 khìn khịt
⇔喫khịt"
𠰋,khiu,"肯𠰋 khẳng khiu
[翻]"
𠰋,nghiu,肯𠰋 ngẳng nghiu
𤇌,kho,"𬚸𤇌 thịt kho
[異]𤋹"
𠺟,khò,𠺟𠺟 khò khò
袴,KHỐ,丐袴 cái khố
𠍲,khơ,"𠍲楣 Khơ-me (Khmer)
𠍲𩹮 Khơ Mú
[翻]"
𤵕,khờ,"𤵕叩 khờ khạo
傴𤵕 khù khờ
𠻇𤵕 dại khờ"
挎,khoa,挎𢬣𢱖蹎 khoa tay múa chân
𬈎,khoả,"𬈎蹎朱滌 khoả chân cho sạch
𢚹𬈎 khuây khoả"
挂,khoải,刻挂 khắc khoải
𬜴,khoáy,"債𬜴 trái khoáy
頭伮固𠄩𬜴 đầu nó có hai khoáy"
鑧,khoan,𣛠鑧 máy khoan
𦨻,khoang,"𦨻船 khoang thuyền
[異]𦪻"
儣,khoắng,拞儣 khua khoắng
𭡭,khoát,𭡭𢬣 khoát tay
𥉯,khoé,"𬔽𥉯 mánh khoé
𧣲𥉯 cạnh khoé
𥉯眜 khoé mắt
[異]𠺺"
儌,khoẻo,𣱾儌 lẻo khoẻo
鈌,khoét,"鈌𡓇 khoét lỗ
鑟鈌 đục khoét"
恢,KHÔI,恢復 khôi phục
盔,KHÔI,盔甲 khôi giáp
傀,KHÔI,奇傀 kì khôi
𢐎,khom,"𢐎𨉞 khom lưng
𦡶𢐎 lom khom"
𢐎,khum,"𦡶𢐎 lum khum
⇔𢐎khom"
莰,khóm,"莰𣘃 khóm cây
[翻]"
閫,KHỔN,閨閫 khuê khổn
𢪬,khỏng,挵𢪬 lỏng khỏng
𢪬,khòng,挵𢪬 lòng khòng
嶇,KHU,崎嶇 khi khu
𦟏,khu,丐𦟏 cái khu
𤹪,khú,"荼𤹪 dưa khú
𫅷𤹪 già khú"
傴,khù,"傴𤵕 khù khờ
瀘傴 lù khù"
傴,khụ,"傴傴 khù khụ
⇔傴khù"
啹,khừ,"吃啹 khật khừ
𡃖啹 lừ khừ
許𢡠啹 hứa chắc khừ
學勁啹 học cứng khừ"
拞,khua,"拞儣 khua khoắng
拞𠃅棹 khua mái chèo"
𪲀,khua,𪲀𥶄 khua nón
佉,khứa,"佉老 khứa lão
客佉 khách khứa
懇佉 khấn khứa"
㹤,khựa,艚㹤 tàu khựa
𢚹,khuây,"解𢚹 giải khuây
𢚹𬈎 khuây khoả"
捃,khuân,捃𱠲 khuân vác
𪲇,khúc,"蔞𪲇 rau khúc
餅𪲇 bánh khúc"
𪲇,cúc,
㖆,khục,㖆咯 khục khặc
閨,KHUÊ,"閨閣 khuê các
閨房 khuê phòng"
擴,KHUẾCH,"擴大 khuếch đại
擴散 khuếch tán
擴張 khuếch trương"
擴,huếch,擴嚯 huếch hoác
啟,khui,"啟𫥨 khui ra
啟𥑂𨢇 khui chai rượu
[翻]"
𧜴,khuy,"𧜴襖 khuy áo
𧜴裙 khuy quần"
圈,KHUYÊN,圈𦖻 khuyên tai
圈,QUYỂN,氣圈 khí quyển
𣎣,khuỷu,𣎣𢬣 khuỷu tay
穹,khum,穹穹 khum khum
𨆃,khúm,"𨆃埝 khúm núm
[翻]"
𠺱,khủng,𠺱𠾶 khủng khỉnh
𠺱,ngủng,"𠺱𠾶 ngủng nghỉnh
⇔𠺱khủng"
𰜀,khừng,淩𰜀 lừng khừng
掯,khựng,"𤗆役調掯徠 mọi việc đều khựng lại
當𠫾唪掯徠 đang đi bỗng khựng lại"
羌,KHƯƠNG,𠊛羌 người Khương
姜,KHƯƠNG,𣱆姜 họ Khương
𢓋,khưỡng,吃𢓋 khật khưỡng
肐,khướt,醝肐 say khướt
嗅,KHỨU,"嗅覺 khứu giác
嗅官 khứu quan"
騾,la,𡥵騾 con la
囉,LA,嘍囉 lâu la
囉,la,"囉𡓃 la lối
囉𠻵 la mắng
囉鵶 la ó"
鑼,LA,鐋鑼 thanh la
𪫦,lả,"殀𪫦 ẻo lả
𪫦𪭥 lả tả"
𪡉,lã,渃𪡉 nước lã
𥋷,lác,𥋷眜 lác mắt
櫟,lác,𦹯櫟 cỏ lác
鴼,lạc,𪀄鴼 chim lạc
釛,lắc,𬌓釛 tấm lắc
肋,LẶC,雞肋 kê lặc
肋,lặc,肋嚟 lặc lè
勒,LẶC,"彌勒 Di Lặc
縣玉勒 Huyện Ngọc Lặc"
勒,lắc,"得勒 Đắk Lắk (Đắc Lắc)
𡨸尼得讀如格發音尼只𥪝名詞𥢆尼。Chữnàyđượcđọcnhưcáchphátâmnàychỉtrongdanhtừriêngnày."
𥷒,lách,𦰤𥷒 lau lách
𫇀,lách,蘿𫇀 lá lách
𤃝,lạch,𤃝瀧 lạch sông
𤃝,rịch,濁𤃝 rục rịch
棶,lai,"𣘃棶 cây lai
()"
賚,lãi,"利賚 lời lãi
賚率 lãi suất"
𧕬,lãi,"𡥵𧕬 con lãi
()"
攭,lảy,𠊝攭 thay lảy
𠸨,láy,"𠸨眜 láy mắt
詞𠸨 từ láy"
𠸨,lay,"𠸨𠸨 lay láy
⇔𠸨láy"
𪭼,lẩy,"𪭼𤔻𢬣 lẩy móng tay
憞𪭼㔥 run lẩy bẩy"
浰,lầy,"湓浰 bùn lầy
蹉浰 sa lầy
浰洡 lầy lội"
𢹿,lẫy,"𠀧𣎃別𢹿 ba tháng biết lẫy
𢯒𢹿 bóp lẫy
()"
婪,LAM,貪婪 tham lam
嵐,LAM,嵐瘴 lam chướng
糮,lam,𩚵糮 cơm lam
淋,LÂM,淋漓 lâm li
霖,lâm,霖𩂐 lâm dâm
壈,lấm,"壈湓 lấm bùn
壈濂 lấm lem"
凜,lẫm,凜冽 lẫm liệt
廩,lẫm,廩𥟉 lẫm thóc
𨈇,lẫm,"𨓐𨈇 lạ lẫm
𨈇𧿒 lẫm chẫm"
爛,LẠN,燦爛 xán lạn
𤶾,lằn,"浽𤶾 nổi lằn
𤶾檑 lằn roi"
䗲,lằn,蜄䗲 thằn lằn
僯,lân,"𦤾僯 đến lân
割僯僥擱 cắt lân nhau gác"
撛,lân,"消撛𠓨𲂪 tiêu lân vào vốn
合撛𨖅𣇜𣊿 họp lân sang buổi chiều"
麟,LÂN,"麒麟 kì lân
[翻]"
𫉱,lang,"𫉱𤶒󠄁 lang ben
𡥵𤙭𫉱 con bò lang"
踉,lảng,踉踉 lang lảng
踉,lang,"踉踉 lang lảng
⇔踉lảng"
啢,lạng,啢楛 lạng gỗ
鯪,lăng,𩵜鯪 cá lăng
㖫,lằng,㖫嚷 lằng nhằng
㖫,rưng,"𢜠㖫渃眜 mừng rưng nướcmắt
㖫㖫渃眜 rưng rưng nước mắt"
䗀,lằng,𧋆䗀 ruồi lằng
𬕨,lẵng,𬕨花 lẵng hoa
欞,lanh,𣘃欞 cây lanh
𪽏,lảnh,𪽏𪽏 lanh lảnh
𪽏,lanh,"𪽏𪽏 lanh lảnh
⇔𪽏lảnh"
𪸝,lánh,𬊊𪸝 lóng lánh
𪸝,nhánh,𬊊𪸝 nhóng nhánh
嶗,lao,岣嶗 cù lao
癆,LAO,"病癆 bệnh lao
()"
㧯,lảo,"㧯倒 lảo đảo
傠㧯 thảo lảo"
澇,LẠO,水澇 thuỷ lạo
澇,lạo,"澇䛒 lạo xạo
磟澇 lục lạo
𪵅澇 lộn lạo"
啦,láp,"𦧷啦 liếm láp
吶噃啦 nói bá láp"
粒,LẠP,粒體 lạp thể
蠟,LẠP,白蠟 bạch lạp
蠟,sáp,"粉蠟 phấn sáp
蠟螉 sáp ong"
𬅀,lát,楛𬅀 gỗ lát
𥶁,lạt,"𧵑𠊛菩薩、𧵑𨉟𥶁𫃚 của người Bồ tát, của mình lạt buộc"
搮,lắt,"搮嘹 lắt léo
搮𣱾 lắt lẻo
搮摛 lắt lay
㨋搮𧴱 trả lắt nợ"
㗚,lất,"秩㗚 trật lất
[翻]"
㗚,rật,𠻤㗚 rần rật
嗍,láu,"嗍𰈼 láu lỉnh
嗹嗍 liến láu"
嗍,lau,"嗍嗍 lau láu
⇔嗍láu"
恅,làu,"恅恅 làu làu
恅垉 làu bàu"
瘺,lậu,病瘺 bệnh lậu
𠻗,le,"雙𠻗 song le
惏𠻗 lăm le"
𠻗,nhe,惏𠻗 nhăm nhe
𪅆,le,𪀄𪅆𪅆 chim le le
嚟,lè,"嚟𦧜 lè lưỡi
嚟𪷗 lè tè
青嚟 xanh lè"
藜,LÊ,藿藜 hoắc lê
𣠲,lể,"計𣠲 kể lể
𣠲荄 lể gai
()"
荔,LỆ,"荔枝 lệ chi
薜荔 bệ lệ"
勵,LỆ,"激勵 khích lệ
()"
隸,LỆ,"隸屬 lệ thuộc
奴隸 nô lệ"
𨘸,lếch,𨘸逖 lếch thếch
𩽏,lệch,𩵜𩽏 cá lệch
𩽏,lịch,
𩽏,nhệch,
濂,lem,"濂溽 lem luốc
濂濂 lem nhem"
濂,nhem,"𤆹濂 nhá nhem
濂溽 nhem nhuốc
濂濂 lem nhem
𤷳濂 nhom nhem
⇔濂lem"
𡄥,lẻm,𡄥𡄥 lem lẻm
𡄥,lem,
蘝,lém,蘝𰈼 lém lỉnh
蘝,lem,"蘝蘝 lem lém
⇔蘝lém"
歛,lẹm,"歛肣 lẹm cằm
銫歛 sắc lẹm"
縺,len,"襖縺 áo len
[翻]"
𨇍,lẻn,"拮𨇍 cất lẻn
𨇍圇 lẻn tròn"
𨇍,lén,𨇍𨇍 len lén
𨇍,len,"𨇍𨇍 len lén
⇔𨇍lén"
𢤠,lẽn,惼𢤠 bẽn lẽn
鈴,leng,"鈴鏗 leng keng
鈴鋲 leng beng"
𩻻,leo,𩵜𩻻 cá leo
𣱾,lẻo,"挵𣱾 lỏng lẻo
𣱾𣱾 leo lẻo
𠼽𣱾 mách lẻo
搮𣱾 lắt lẻo
㓭𣱾 hớt lẻo
𣱾𠵐 lẻo mép"
𣱾,leo,"𣱾𣱾 leo lẻo
⇔𣱾lẻo"
膫,lèo,渃膫 nước lèo
瞭,lẹo,"瞭眜 lẹo mắt
荎瞭 chuối lẹo
𧐖瞭 lươn lẹo"
𥼕,lép,"𥼕鋏 lép kẹp
[翻]"
𥉬,lét,"蹽𥉬 leo lét
[翻]"
𥉬,len,"𥉬𥉬 len lét
⇔𥉬lét"
哷,lẹt,𤋸哷 khét lẹt
𨀺,lết,𠠍𨀺 lê lết
咧,lệt,"咧𡋾 lệt bệt
咧𣻂 lệt sệt"
𡃔,lêu,"𡃔！ lêu!
𡃔𭍌 lêu lổng
被各伴𡃔爲𥄬洏 bị các bạn lêu vì ngủ nhè"
漓,LI,淋漓 lâm li
罹,LI,罹難 li nạn
唎,lì,"唎呾 lì lợm
𡍚唎 lầm lì
𥗁唎 trơ lì
塝唎 phẳng lì"
痢,LỊ,"病痢 bệnh lị
𤵹痢 kiết lị"
攡,lia,"捿攡 thia lia
攡攡 lia lịa
攡𤗖𡊳𬺗坳 lia mảnh sành xuống ao"
攡,lịa,攡攡 lia lịa
𥆁,liếc,"𥆁䀡 liếc xem
𥆁眜 liếc mắt
𥆁刀 liếc dao"
鐮,LIÊM,鉤鐮 câu liêm
鐮,liềm,"𦧜鐮 lưỡi liềm
伓𦹯憑鐮 bứt cỏ bằng liềm"
𦧷,liếm,"𦧷啦 liếm láp
𦧷𠵐 liếm mép"
殮,LIỆM,"衾殮 khâm liệm
殮𠊛 liệm người
入殮 nhập liệm"
殮,lịm,𡴯殮 ngất lịm
嗹,liến,"嗹𠶤 liến thoắng
嗹嗍 liến láu
嗹𤠲 liến khỉ
僶𡮣嗹 thằng bé liến"
璉,LIỄN,"璉𩚵 liễn cơm
璉𡊳 liễn sành"
𩙳,liệng,"𢒎𩙳 bay liệng
𩙳𥒥 liệng đá
𦑃燕𩙳𤥑 cánh én liệng vòng"
䉭,liếp,䉭攝 liếp nhiếp
𩷈,liệt,𩵜𩷈 cá liệt
𬏩,liệt,"痺𬏩 tê liệt
敗𬏩 bại liệt"
寥,LIÊU,寂寥 tịch liêu
了,LIỄU,結了 kết liễu
蛉,LINH,螟蛉 minh linh
𰈼,lỉnh,"嗍𰈼 láu lỉnh
蘝𰈼 lém lỉnh
𰈼𠎠 lỉnh kỉnh"
𥘃,lình,𥓉𥘃 thình lình
𡊻,lít,"𡊻𱎰 lít nhít
[翻]"
𥌧,ló,"垃𥌧 lấp ló
𥌧樣 ló dạng
𥌧眜𫥨 ló mắt ra"
𡀔,lọ,𡀔𱺵 lọ là
倮,lô,𠊛倮倮 người Lô Lô
瀂,lổ,"𰺽瀂 loang lổ
𥘷𡥵於瀂 trẻ con ở lổ"
魯,LỖ,粗魯 thô lỗ
賂,LỘ,賄賂 hối lộ
路,LỘ,"國路 quốc lộ
路程 lộ trình
路面 lộ diện"
路,lồ,孔路 khổng lồ
路,trộ,瞪路 trừng trộ
𡋿,lở,"𥒮𡋿 vỡ lở
𡐙𡋿 đất lở"
籚,lờ,"抯籚 thả lờ
()"
𠐳,lợ,"𠐳𠐳 lờ lợ
榘茄𡳝尼𠐳 củ cà-rốt này lợ
()"
𠐳,lờ,"𠐳𠐳 lờ lợ
⇔𠐳lợ"
螺,LOA,"噲螺 gọi loa
丐螺 cái loa"
𤆷,loá,"𤆷眜 loá mắt
熶𤆷 chói loá"
夥,loã,同夥 đồng loã
𤁖,loã,"𤁖𧖱 loã máu
𤁖渃 loã nước"
𠯿,loạc,𠯿𠺷 loạc choạc
𠯿,lóc,𠯿唂 lóc cóc
欒,LOAN,"團欒 đoàn loan
()"
灣,LOAN,"臺灣 Đài Loan
()"
彎,loăn,彎𩭵 loăn xoăn
𰺽,loang,"𰺽𫥨 loang ra
𤵖油𰺽 vết dầu loang
𡲫染被𰺽 vải nhuộm bị loang"
𬂆,loảng,𬂆鏯 loảng soảng
灤,loáng,灤𤶜 loáng choáng
𠌇,loàng,𠌇侊 loàng xoàng
𣿅,loãng,"𢯠𣿅 pha loãng
𥺊𣿅 cháo loãng
𣿅𩩫 loãng xương"
𣿅,lỏng,𣿅𣿅 long lỏng
𣿅,long,"𣿅𣿅 long lỏng
⇔𣿅lỏng"
𨃹,loạng,𨃹𫏈 loạng choạng
啷,loằng,啷弘 loằng ngoằng
𨗺,loanh,𨗺𨒺 loanh quanh
唰,loạt,唰咄 loạt xoạt
傈,loắt,傈㑁 loắt choắt
䱚,lóc,𩵜䱚 cá lóc
𫼚,lóc,"𫼚𬚸 lóc thịt
蹸𫼚 lăn lóc"
椂,lốc,"穭椂 lúa lốc
椂谷 lốc cốc
𠬠椂𣷱 một lốc sữa"
𪋖,lốc,𩂀𪋖 cơn lốc
𦬩,lộc,"𦬩碧 lộc biếc
𠛌䒹䄧𦬩 đâm chồi nẩy lộc"
𭊛,lộc,𭊛侷 lộc cộc
傫,loe,傫𤷯 loe loét
𤑬,loé,"垃𤑬 lấp loé
𣈢𩅀𤑬𬨠 tia chớp loé lên"
𤍶,loè,"𤇥𤍶 lập loè
伮咹面炳包抵𤍶天下 nó ăn diện bảnh bao để lòe thiên hạ"
𤍶,nhoè,"㲸𤍶 ướt nhoè
被𤍶𫥨 bị nhoè ra
⇔𤍶loè"
𤷯,loét,"𡋿𤷯 lở loét
被𤷯𫥨 bị loét ra
𤺯𡋿𤷯𫰅 mụn lở loét to"
𩁦,loi,𥛭𩁦 lẻ loi
𣢹,lỏi,"𠬃𣢹 bỏ lỏi
卒𣢹 tốt lỏi"
𤑭,lói,𠻗𤑭 le lói
𤑭,trui,"𤓢𤑭 nướng trui
格𤑭 cách trui
𨨧𤑭 thép trui"
𤞖,lòi,𤞼𤞖 lợn lòi
䋘,lòi,"䋘𫥨 lòi ra
䋘綷 lòi tói"
𣑳,lõi,骨𣑳 cốt lõi
𥑶,lọi,"熶𥑶 chói lọi
磟𥑶 lục lọi
𥑶蹎 lọi chân"
𪆼,lôi,𪃿𪆼 gà lôi
𡋃,lồi,"𡋃𡔑 lồi lõm
𡋃眜 lồi mắt"
蕾,LỘI,"花蕾 hoa lội
[翻]"
𩭷,lơi,"𪫦𩭷 lả lơi
捹𩭷紀律 buông lơi kỉ luật
()"
𭇶,lới,𬔽𭇶 mánh lới
𪘌,lợi,𪘵𪘌 răng lợi
𦡶,lom,𦡶𢐎 lom khom
𦡶,lum,"𦡶𢐎 lum khum
⇔𦡶lom"
𦗝,lỏm,"𦖑𦗝 nghe lỏm
學𦗝 học lỏm"
𦗝,lóm,
㘕,lòm,"𧹻㘕 đỏ lòm
𣞻䣷㘕 bưởi chua lòm"
㘕,lờm,㘕𬇁 lờm xờm
𡔑,lõm,"𡋃𡔑 lồi lõm
𡔑渀 lõm bõm
𡔑𠓨 lõm vào"
𤒢,lốm,"𤒢玷 lốm đốm
[翻]"
礷,lộm,礷𥖜 lộm cộm
𡾭,lởm,𡾭𡹟 lởm chởm
呾,lợm,"呾𠰩 lợm giọng
唎呾 lì lợm"
錀,lon,錀錫 lon thiếc
𫐮,lỏn,"𫐮𠓨 lỏn vào
𫐮𫥨 lỏn ra"
崙,lôn,崑崙 Côn Lôn
侖,lổn,侖𫣑 lổn nhổn
侖,lủn,侖𫃐 lủn mủn
腀,lồn,丐腀之勢？ cái lồn gì thế?
瀨,lởn,瀨湲 lởn vởn
㑝,lóng,㗂㑝 tiếng lóng
𬊊,lóng,𬊊𪸝 lóng lánh
𬊊,nhóng,𬊊𪸝 nhóng nhánh
𢃈,lọng,"傘𢃈 tàn lọng
𢂎𢃈 dù lọng"
𭍌,lổng,"𭍌偅 lổng chổng
𡃔𭍌 lêu lổng"
弄,LỘNG,"弄權 lộng quyền
[翻]"
弄,lụng,𫜵弄 làm lụng
弄,róng,𦄃弄 riết róng
苙,lóp,"苙𥼕 lóp lép
[翻]"
𡂏,lộp,"𡂏𠶙 lộp bộp
𡂏𠺻 lộp cộp"
菈,lợp,"菈茹 lợp nhà
菈𢃱 lợp mũ"
葎,lốt,"蘿葎 lá lốt
𧋻𠊝葎 rắn thay lốt
𤢿戴葎裘 sói đội lốt cừu"
𣼷,lớt,𣼷咈 lớt phớt
罏,lu,"罏渃 lu nước
丐罏 cái lu
()"
婁,lủ,婁苦瀘傴 lủ khủ lù khù
瀘,lù,"瀘瀘 lù lù
瀘𣭃 lù xù
[翻]()"
攎,lư,"扐攎 lắc lư
()"
㾔,lử,㾔此㾔𤶠 lử thử lử thừ
𡃖,lừ,"𡃖啹 lừ khừ
𡃖𣴙 lừ đừ
𡃖眜 lừ mắt
𤻻𡃖 mệt lừ
𤮾𡃖 ngọt lừ"
泐,lự,𠊛泐 người Lự
摟,lùa,"摟𠓨 lùa vào
摟畜物散𠖾徠 lùa súc vật tản mát lại"
𫄎,lụa,"𫄎紋 lụa vân
()"
𬐸,lừa,"𬐸倒 lừa đảo
打𬐸 đánh lừa
𬐸漉 lừa lọc
𬐸嚉 lừa dối
()"
呂,lữa,吝呂 lần lữa
呂,rứa,呂呂 rưa rứa
呂,rưa,"呂呂 rưa rứa
⇔呂rứa"
綸,LUÂN,經綸 kinh luân
綸,luấn,綸𦄄 luấn quấn
𩺮,lục,𩵜𩺮 cá lục
𫦨,lức,"𥽌𫦨 gạo lức
𦹳𫦨 thơm lức"
𤈞,lùi,𤈞𧃷 lùi khoai
𤈞,nhùi,裴𤈞 bùi nhùi
𥟹,lụi,"殘𥟹 tàn lụi
𥟹敗 lụi bại
𥟹𢷴 lụi cụi
𥟹𩵜 lụi cá"
𮎫,lụi,𣘃𮎫 cây lụi
壘,LUỸ,"戰壘 chiến luỹ
障壘 chướng luỹ
營壘 dinh luỹ
屯壘 đồn luỹ
壕壘 hào luỹ
城壘 thành luỹ"
𡄁,lúm,"𡄁銅錢 lúm đồng tiền
[翻]"
菻,lùm,"菻𣘃 lùm cây
𣹓菻 đầy lùm
菻菻 lùm lùm"
菻,răm,蔞菻 rau răm
𣼍,lún,"𣼍𬺗 lún xuống
泏𣼍 sụt lún
𣼍濆 lún phún
[翻]"
𠍓,lùn,𠍓隰 lùn thấp
竉,lủng,"竉㥄 lủng lẳng
竉栱 lủng củng
竉𠬠𡊲 lủng một chỗ
()"
蘢,lùng,"𦹯蘢 cỏ lùng
()"
朗,lững,朗賞 lững thững
朗,rảng,朗朗 rang rảng
朗,rang,"朗朗 rang rảng
⇔朗rảng"
𤊒,luộc,"𤊒𤇪 luộc chín
𤊒蔞 luộc rau"
懢,luộm,懢愖 luộm thuộm
㫻,luôn,"㫻㫻 luôn luôn
[異]連掄輪嗹"
掄,luồn,掄攊 luồn lách
掄,lòn,
𧐖,lươn,"𡥵𧐖 con lươn
𧐖瞭 lươn lẹo"
𫅤,lượn,"𢒎𫅤 bay lượn
𢂎𫅤 dù lượn
捥𫅤 uốn lượn
𫅤矑 lượn lờ"
隴,luống,"隴蔞 luống rau
隴㤮 luống cuống
()"
嚨,luồng,"嚨渃 luồng nước
嚨𩙍 luồng gió
()"
梁,LƯƠNG,梁棟 lương đống
魎,LƯỢNG,魑魅魍魎 si mị võng lượng
𦂻,luốt,剟𦂻 tuốt luốt
𧙀,lúp,"鏡𧙀 kính lúp
[翻]"
㡴,lụp,"㡴䉅 lụp xụp
㡴𠌷 lụp chụp
㡴芣 lụp bụp"
茟,lút,茟頭 lút đầu
硫,LƯU,硫黃 lưu hoàng
𡏢,mả,"𣒵𡏢 cải mả
墓𡏢 mồ mả
改𡏢 cải mả"
罵,MẠ,"辱罵 nhục mạ
凌罵 lăng mạ"
𥢂,mạ,穭𥢂 lúa mạ
𨬈,mạ,𨬈鐄 mạ vàng
𬡶,mặc,"𬡶襖 mặc áo
咹𬡶 ăn mặc"
𠼽,mách,𠼽𣱾 mách lẻo
𠼽,méc,
𬏽,mải,"𬏽篾 mải miết
𬏽迷 mải mê"
𫡠,mãi,"𫡠𫡠 mãi mãi
[異]買"
䁲,mại,眜固䁲 mắt có mại
𫙽,mại,"𩵜𫙽 cá mại
()"
𡮳,mảy,"𡮳𠶣 mảy may
𠬠𡮳 một mảy"
𢵯,máy,"𢵯眜 máy mắt
𢵯𢬣 máy tay"
𩄲,mây,"𩙍𩄲 gió mây
𩄲黰 mây đen
[翻]"
𫂗,mây,行𫂗𥯌撣 hàng mây tre đan
𣎊,mẩy,"籺𣎊 hạt mẩy
𣎊䏧𣎊𬚸 mẩy da mẩy thịt"
𨊋,mẩy,𨉟𨊋 mình mẩy
𡕩,măm,"𠴊𡕩 Rơ Măm
[翻]"
鎫,mâm,"鎫𩚵 mâm cơm
鎫𥸷 mâm xôi
鎫鍮 mâm thau"
𢠧,mẩm,𢡠𢠧 chắc mẩm
𢠧,mèm,"醝𢠧 say mèm
𫇰𢠧 cũ mèm"
蔓,mạn,茶蔓 chè mạn
蔓,mởn,"蔓蔓 mơn mởn
𬏇蔞青蔓 ruộng rau xanh mởn"
蔓,mơn,"蔓蔓 mơn mởn
⇔蔓mởn"
𫇞,mạn,𫇞船 mạn thuyền
抿,mân,"抿𢺀 mân mó
抿迷 mân mê"
𢠨,mẩn,迷𢠨 mê mẩn
緍,mấn,𢃱緍 mũ mấn
緍,mân,
㨉,mần,"㨉役 mần việc
頻㨉 tần mần"
槾,mận,"𣘃槾 cây mận
槾桃 mận đào"
忙,MANG,慌忙 hoang mang
𤞽,mang,𡥵𤞽𡥵狔 con mang con nai
莽,mảng,"莽䏧 mảng da
莽𦖑 mảng nghe
莽悁 mảng quên"
𠴏,máng,𠴏𠴏 mang máng
𠴏,mang,"𠴏𠴏 mang máng
⇔𠴏máng"
𣙷,máng,"𣙷渃 máng nước
𣙷㵊 máng xối"
杧,mãng,𣘃杧球 cây mãng cầu
蟒,MÃNG,"蟒蛇 mãng xà
襖蟒 áo mãng"
笀,măng,"笀西 măng tây
𢫚笀 xáo măng
嗤笀 xi-măng
[翻]"
𩷶,măng,𩵜𩷶 cá măng
𠻵,mắng,"𠯦𠻵 thét mắng
𠻵𠲔 mắng nhiếc
𠯽𠻵 chửi mắng
𠻵𠯽 mắng chửi
聒𠻵 quát mắng"
𬔽,mánh,"𬔽𥉯 mánh khoé
𬔽𭇶 mánh lới"
𢅆,mành,"𢅆𢅆 mành mành
船𢅆 thuyền mành"
𫙍,mãnh,翁𫙍 ông mãnh
旄,MAO,旗旄 cờ mao
𦙤,mào,𢵱𦙤 khơi mào
卯,MÃO,"𣇞卯 giờ Mão
辛卯 Tân Mão"
卯,mẻo,𤘁卯 mỏng mẻo
䏜,mạp,𦚖䏜 mập mạp
䏜,mọp,跪䏜𬺗 quỳ mọp xuống
𠸾,mấp,𠸾塻 mấp mô
𬟼,mát,𡥵𬟼 con mát (mạt)
𬟼,mạt,𬟼𪃿 mạt gà
末,MẠT,"末劫 mạt kiếp
末項 mạt hạng
𱞁末 rẻ mạt
[翻]"
抹,MẠT,抹殺 mạt sát
牟,MÂU,"釋迦牟尼 Thích Ca Mâu Ni
[翻]"
牟,MƯU,"牟利 mưu lợi
[翻]"
𠇩,mẩu,"𠇩餅麪 mẩu bánh mì
𠄩𠇩信 hai mẩu tin"
𥭏,mấu,𥭏𢱝 mấu chốt
母,MẪU,"父母 phụ mẫu
母親 mẫu thân
韻母 vận mẫu
保母 bảo mẫu
道母 Đạo Mẫu
母后 mẫu hậu"
茂,MẬU,茂才 mậu tài
楣,me,𣘃楣 cây me
𠝫,mẻ,"𠿰𠝫 sứt mẻ
鉢𠝫 bát mẻ"
渼,mẻ,"𠬠渼㧾袞 một mẻ hốt gọn
𠖾渼 mát mẻ
[異]𡎤"
𥻙,mẻ,𩚵𥻙 cơm mẻ
𠩕,mé,"𪜻𠩕 xếch mé
邊𠩕債 bên mé trái"
𩹪,mè,𩵜𩹪 cá mè
𫃎,mè,"油𫃎 dầu mè
𪉥𫃎 muối mè"
𭩽,mè,榱𭩽 rui mè
米,MỄ,米西基 Mễ Tây Cơ
米,mễ,禮米 lễ mễ
𥊋,mếch,"𥊋𢚸 mếch lòng
[翻]"
䟨,men,䟨蹺 men theo
𥾃,men,"𥾃𨢇 men rượu
()"
鏝,mèn,"鐘鏝 chuông mèn
咖鏝 cà- mèn"
𧓭,mèn,𧍝𧓭 dế mèn
渵,meo,"霂渵 mốc meo
𬨠渵 lên meo
渵渵 meo meo"
𮘃,mẹo,謀𮘃 mưu mẹo
𥬎,mẹt,"丐𥬎 cái mẹt
𩈘𥬎 mặt mẹt"
瀎,met,"其露瀎 kí(ki)-lô-mét
[翻]"
𠴕,mếu,"𠴕𠴕 mếu mếu
𠴕𠰭 mếu máo"
魅,MỊ,魑魅魍魎 si mị võng lượng
𠸍,mỉa,𠸍枚 mỉa mai
𣖙,mía,"𣘃𣖙 cây mía
梇𣖙 gióng mía"
寞,MỊCH,"寂寞 tịch mịch
靜寞 tĩnh mịch
寞寞 mịch mịch
[翻]"
謐,MỊCH,靜謐 tĩnh mịch
緬,MIẾN,緬甸 Miến Điện
冕,MIỆN,𢃱冕 mũ miện
𠰳,miếng,𠰳咹 miếng ăn
𨬋,miếng,鐄𨬋 vàng miếng
篾,miết,𬏽篾 mải miết
廟,MIẾU,"文廟 văn miếu
殿廟 đền miếu
宗廟 tông miếu
廟貌 miếu mạo"
廟,miễu,"𡾵廟 ngôi miễu
丐廟 cái miễu"
廟,míu,縸廟 mắc míu
媌,miều,美媌 mĩ miều
𠻦,mím,𠻦腜 mím môi
𠻦,móm,𠻦𠹰 móm mém
俛,mĩm,俛腜 mĩm môi
㒙,min,劫𤯩𫯳㒙𠫾耒 cướp sống chồng min đi rồi
姄,mìn,"媄姄 mẹ mìn
姄絻 mìn mịn"
䂥,mìn,𢱛䂥 rải mìn
絻,mịn,"絻芒 mịn màng
[翻]"
螟,MINH,螟蛉 minh linh
㕨,míp,"䏎㕨 múp míp
[翻]"
櫗,mít,"𣘃櫗 cây mít
𠻨櫗 kín mít
櫗𭉪 mít đặc
𠾼櫗 tịt mít"
喵,miu,
𧄲,mo,"𧄲榔 mo nang
𩈘𧄲 mặt mo
𧄲槹 mo cau
偨𧄲 thầy mo"
㖼,mỏ,獸㖼𩿠 thú mỏ vịt
𡮘,mỏ,𥘷𡮘 trẻ mỏ
𧉦,mò,塢𪃿固𧉦 ổ gà có mò
𤑮,mò,𤑮𤆺 mò hóng
𫂋,mõ,"打𫂋 đánh mõ
丐𫂋 cái mõ
𫂋𥯌 mõ tre"
麽,mô,𠫾麽 đi mô
𧜗,mớ,"縸𧜗 mắc mớ
𠬠𧜗役 một mớ việc
𤾓𠦳萬𧜗抵𠓨兜 trăm nghìn vạn mớ để vào đâu"
𧪨,mớ,"𥄬𧪨 ngủ mớ
吶𧪨 nói mớ"
𫲎,mợ,舅𫲎 cậu mợ
莯,móc,𣘃莯 cây móc
𦙣,mọc,𥻸𦙣 bún mọc
𡉿,mốc,"𤀔霂 ẩm mốc
霂渵 mốc meo
𬨠霂 lên mốc"
霂,mốc,"榾𡉿 cột mốc
𡉿界 mốc giới
㩒𡉿 cắm mốc"
霂,mông,"霂霂 mông mốc
⇔霂mốc"
沐,MỘC,沐浴 mộc dục
挴,moi,挴𢪮 moi móc
痗,mỏi,"𤻻痗 mệt mỏi
痗𤷱 mỏi mòn"
𢪛,mói,"𤐝𢪛 soi mói
𫼳𢪛𠫾𥝽 mang mói đi cấy"
𩸳,mòi,𩵜𩸳 cá mòi
𪝅,mòi,"䁛𪝅 coi mòi
𪉽𪝅 mặn mòi
椎𪝅 chòi mòi"
莓,môi,烏莓 ô môi
楳,môi,丐楳 cái môi
䗋,mối,"𩵜䗋 cá mối
𧋻䗋 rắn mối"
烸,mồi,烸焒 mồi lửa
𡼇,mỏm,"𡼇𡶀 mỏm núi
𡼇𡐙 mỏm đất
𡼇𡾫 mỏm đồi"
𡂅,mõm,"𡂅㹥 mõm chó
𡂅馭 mõm ngựa
𤇪𡂅 chín mõm"
𣼺,mớm,"咘𣼺 bú mớm
𣼺𣷱 mớm sữa"
𬦢󠄁,mon,𬦢󠄁䟨 mon men
菛,môn,𧃷菛 khoai môn
𢺳,mơn,"𢺳𡥵 mơn con
𢺳磌 mơn trớn
()"
蠓,mòng,𧋟蠓 muỗi mòng
䴌,mòng,"𪀄䴌 chim mòng
䴌𪆰 mòng két"
𭲿,mọng,"𢫮𭲿 căng mọng
𭲿渃 mọng nước
𤇪𭲿 chín mọng"
𭲿,mòng,"𭲿𭲿 mòng mọng
⇔𭲿mọng"
蒙,MÔNG,"蒙古 mông cổ
[翻]"
濛,mông,溟濛 mênh mông
䑅,mông,䑅𦝂 mông đít
冡,mồng,冡𪃿 mồng gà
冡,mùng,
𤛔,mộng,𤛠𤛔 trâu mộng
漞,móp,"漞𠵐 móp mép
漞𠓨 móp vào
[翻]"
㩢,mót,"𢹦㩢 lượm mót
㩢抇 mót nhặt
㩢穭 mót lúa
㩢瀻 mót đái"
蠛,mọt,"𡥵蠛 con mọt
螻蠛 sâu mọt"
𤪶,mu,"𤪶𧒍 mu rùa
𩩫𤪶 xương mu"
湈,mủ,"𧖱湈 máu mủ
剛湈 cương mủ"
𩹮,mú,𩵜𩹮 cá mú
嗎,mửa,"𠷀嗎 nôn mửa
𣾿嗎 ói mửa"
傌,mứa,"𠬃傌 bỏ mứa
剩傌 thừa mứa"
𢪷,múc,"𢪷渃 múc nước
𢪷𥺊 múc cháo"
睦,MỤC,"和睦 hoà mục
[翻]"
𥯍,mui,"𥯍船 mui thuyền
𩂏𥯍𬨠 che mui lên"
𢙽,mủi,𢙽𢚸 mủi lòng
脢,múi,"脢𣞻 múi bưởi
脢柑 múi cam"
椚,mun,"楛椚 gỗ mun
[翻]"
𫃐,mủn,"𫃐𫥨 mủn ra
繜𫃐 tủn mủn"
𡍜,mùn,"𡍜鋸 mùn cưa
𡍜𪷦 mùn vẩn
𡍜𧅫 mùn rác"
𤺯,mụn,𤺯𤷿 mụn nhọt
𥶃,mủng,𥴗𥶃 thúng mủng
幪,mùng,"幪幔 mùng màn
[翻]"
𤶼,mưng,"𤶼湈 mưng mủ
𤷿𤶼 nhọt mưng"
𬄪,muôi,𠬠𬄪羹 một muôi canh
𤇿,muồi,"𤇪𤇿 chín muồi
𥄬𤇿 ngủ muồi"
妹,MUỘI,"師妹 sư muội
賢妹 hiền muội"
梚,muỗm,𣘃梚 cây muỗm
𮔔,muỗm,𡥵𮔔 con muỗm
獴,muông,"𪀄獴 chim muông
獴獸 muông thú"
𦬺,muống,蔞𦬺 rau muống
𨮵,muỗng,丐𨮵 cái muỗng
𨮵,muỗm,
汒,mương,"汒渃 mương nước
汒汫 mương rãnh
汒𣙷 mương máng"
𠉋,mường,𠊛𠉋 người Mường
𦲾,mướp,橺𦲾 giàn mướp
𠇱,muốt,𤽸𠇱 trắng muốt
滵,mướt,"滵𠖾 mướt mát
滵𧺕 mướt rượt
滵蒲洃 mướt mồ hôi"
䏎,múp,"䏎㕨 múp míp
[翻]"
䏎,mum,"䏎䏎 mum múp
⇔䏎múp"
𡃙,mút,"𡃙𥼱 mút kẹo
𡃙𬁒 mút mùa
[翻]"
莈,mụt,"莈𤷿 mụt nhọt
莈𧋆 mụt ruồi
莈笀 mụt măng"
𦰡,na,果𦰡 quả na
𥭵,nả,𧵑𥭵 của nả
嗱,nả,"包嗱 bao nả
擃嗱 nong nả
沛空嗱？ phải không nả?"
哪,ná,赧哪 nấn ná
𫸶,ná,"丐𫸶 cái ná
𢏑𫸶 bắn ná"
㑚,nà,𧀒㑚 nõn nà
拿,NÃ,"追拿 truy nã
公安拿仉奸 công an nã kẻ gian"
拿,nã,拿炮𠓨屯敵 nã pháo vào đồn địch
𫱗,nạ,𫱗𣳔 nạ dòng
䑈,nạc,𰈒䑈 nục nạc
匿,NẶC,匿名 nặc danh
匿,nắc,匿𦕗 nắc nẻ
喏,nặc,"濃喏 nồng nặc
[翻]"
㘃,nấc,㘃𡭕 nấc cụt
𮥛,nấc,"𮥛簜 nấc thang
㨢𬨠𠬠𮥛 nâng lên một nấc"
腋,nách,氍𠓨腋 cù vào nách
抳,nai,"抳𦄇 nai nịt
[翻]"
埿,nai,埿𨢇 nai rượu
㭁,nải,"𢬣㭁 tay nải
㭁荎 nải chuối
𬓐㭁 trễ nải"
𤜠,nái,𤞼𤜠 lợn nái
𧈣,nái,螻𧈣 sâu nái
𥾋,nái,"𫄎𥾋 lụa nái
裙𥾋 quần nái"
𭝎,nại,拯𭝎艱勞 chẳng nại gian lao
腩,nạm,𬖾腩 phở nạm
錜,nạm,錜鐄 nạm vàng
𥸁,nan,𥸁𥯌 nan tre
儺,nán,"儺徠 nán lại
𱖗儺添 ngồi nán thêm"
攤,nặn,攤像 nặn tượng
赧,nấn,赧哪 nấn ná
嫨,nần,"𧴱嫨 nợ nần
[翻]"
𣡤,nạng,"𢶢𣡤 chống nạng
𣡤𢬣𣡤蹎 nạng tay nạng chân"
㑷,nằng,㑷喏 nằng nặc
㶞,nẵng,沱㶞 Đà Nẵng
饢,nấng,𩝺饢 nuôi nấng
𧰗,nành,豆𧰗 đậu nành
鐃,nạo,"鐃鈸 nạo bạt
𣘃鐃擒窒𢡠𢬣 cây nạo cầm rất chắc tay
鐃𣛭𣛭 nạo đu đủ"
汭,nập,"漝汭 tấp nập
[翻]"
汭,nầm,"汭汭 nầm nập
⇔汭nập"
𢟹,nẩu,
𢟹,nẫu,
𤊲,nẫu,"𤇪𤊲 chín nẫu
𤊲𠽋 nẫu nực
𤊲㑚 nẫu nà"
耨,nậu,"頭耨 đầu nậu
襖耨 áo nậu"
𦕗,nẻ,㘿𦕗 nứt nẻ
迡,né,𦵗迡 ké né
柅,nê,𣘃柅 cây nê
𪿗,nề,"𠏲𪿗 thợ nề
𪿗墻 nề tường
𥘀𪿗 nặng nề"
泥,NỆ,拘泥 câu nệ
泥,nệ,憩泥 khệ nệ
逽,nếch,
𣑻,nêm,"㨂𣑻 đóng nêm
𣑻𢱝 nêm chốt
𬘋如𣑻 chặt như nêm"
𨡯,nêm,"𨡯羹 nêm canh
𩻐𨡯 mắm nêm"
𫫞,nếm,"𫫞𱱇 nếm trải
㑲荄𫫞𦟽 nằm gai nếm mật"
𧛋,nệm,"㑲𧛋 nằm nệm
𧛋唏 nệm hơi"
𦮴,nén,"榘𦮴 củ nén
𦮴鐄 nén vàng
𦮴香 nén hương
[翻]"
搌,nén,拵搌 dồn nén
𨫀,nén,"𠬠𨫀 một nén
單位𢵋đơnvịđo"
𪰟,nến,"𣘃𪰟 cây nến
畑𪰟 đèn nến
紙𪰟 giấy nến"
𢬧,nện,"𢬧𡐙 nện đất
𢬧𡲫 nện vải
𢬧劕 nện chặt
𢬧朱𠬠丐 nện cho một cái"
儜,nênh,
釖,neo,"㖼釖 mỏ neo
釖逗 neo đậu
抯釖 thả neo"
𡑩,nẻo,"𨷯𡑩 cửa nẻo
𡑩塘 nẻo đường
𡑩賒 nẻo xa
每𠊛𠬠𡑩 mỗi người một nẻo"
𱒡,nèo,撟𱒡 kèo nèo
㨥,nép,"𢬱㨥 khép nép
㨥𬺗 nép xuống"
㨥,nem,"㨥㨥 nem nép
⇔㨥nép"
𬗂,nếp,"咹𬗂 ăn nếp
𥽌𬗂 gạo nếp
𬗂丐 nếp cái
𨢇𬗂 rượu nếp
𬗂粃 nếp tẻ
穭𬗂 lúa nếp"
𠹑,nẹt,𠴓𠹑 đe nẹt
𢟗,nết,"𢟗那 nết na
仄𢟗 trắc nết
性𢟗 tính nết"
𪡇,nỉ,"𪡇嫩 nỉ non
奈𪡇 nài nỉ
𡅧𪡇 năn nỉ"
𪡇,nì,"𡅧𪡇 nằn nì
⇔𪡇nỉ"
鈮,nĩa,用鈮劅𪿙 dùng nĩa xúc vôi
𡀡,ních,"𠴐𡀡 núc ních
𬘋𡀡 chặt ních
[翻]"
𡀡,ninh,"𡀡𡀡 ninh ních
⇔𡀡ních"
𠺁,nịch,𠺁𠺁 nình nịch
𠺁,nình,"𠺁𠺁 nình nịch
⇔𠺁nịch"
薴,niễng,榘薴 củ niễng
䗿,niễng,䗿䗿 niềng niễng
䗿,niềng,"䗿䗿 niềng niễng
⇔䗿niễng"
𦉗,niêu,"鈉𦉗 nồi niêu
𩚵𦉗 cơm niêu"
尿,NIỆU,尿道 niệu đạo
𦡲,nính,𨆞𦡲 núng nính
𥷨,níp,"𣗿𥷨 tủ níp
[翻]"
𦄇,nịt,"絏𦄇 dây nịt
抳𦄇 nai nịt
[翻]"
𫼩,níu,"𫼩捁 níu kéo
[翻]"
溺,nịu,㕴溺 nũng nịu
弩,nỏ,"𢹿弩 lẫy nỏ
弩別 nỏ biết
弩得 nỏ được"
𬊨,nỏ,"𤇨𬊨 phơi nỏ
𬊨𠵘 nỏ mồm"
伮,nó,"衆伮 chúng nó
[異]奴"
奴,NÔ,"奴隸 nô lệ
家奴 gia nô
奴婢 nô tì"
𦀨,nơ,"丐𦀨 cái nơ
𦀨𧊉 nơ bướm
[翻]"
㣽,nỡ,"㣽𱜢 nỡ nào
[異]女𡝖𦬑"
卵,NOÃN,"卵黃 noãn hoàng
卵巢 noãn sào"
𧂭,nóc,"𧂭茹 nóc nhà
𣔻自𧂭𣔻𬺗 dột từ nóc dột xuống"
𩽖,nóc,𩵜𩽖 cá nóc
𣕬,nọc,"㨂𣕬 đóng nọc
[翻]"
蝳,nọc,"蝳毒 nọc độc
蝳𧋻 nọc rắn
蝳蝳 nòng nọc"
蝳,nòng,"蝳蝳 nòng nọc
⇔蝳nọc"
𡄍,nốc,"𡄍𨡕 nốc bia
𡄍𨢇 nốc rượu
隻𡄍 chiếc nốc"
𨁡,noi,"𨁡蹺 noi theo
𨁡𦎛 noi gương"
𣊌,nôi,𣌝𣊌 nắng nôi
𥱮,nôi,"丐𥱮 cái nôi
催𥱮 thôi nôi"
摕,nới,摕挵 nới lỏng
摕,nơi,"摕摕 nơi nới
⇔摕nới"
唸,nỏm,匿唸 nắc nỏm
喃,nôm,"𡨸喃 chữ Nôm
喃那 nôm na
[翻]"
𩄑,nồm,"𩙍𩄑 gió nồm
𡗶𩄑 trời nồm"
䭃,nộm,"䭃𧍇 nộm sứa
䭃花荎 nộm hoa chuối"
䈒,nơm,䈒扒𩵜 nơm bắt cá
𧀒,nõn,"𧀒荎 nõn chuối
𧀒㑚 nõn nà"
𧀒,nõ,"𧀒娘 nõ nường
⇔𧀒nõn"
擃,nong,"擃𩌂 nong giày
擃飭 nong sức
擃嗱 nong nả
椌固擃鏡 khung có nong kính"
𥵛,nong,"𥵛蠶 nong tằm
丐𥵛 cái nong"
𪇌,nông,𪁭𪇌 bồ nông
襛,nỗng,襛襛 nồng nỗng
襛,nồng,"襛襛 nồng nỗng
⇔襛nỗng"
𢟕,nớp,𢟕𢟕 nơm nớp
𢟕,nơm,"𢟕𢟕 nơm nớp
⇔𢟕nớp"
𠯆,nự,拒𠯆 cự nự
𦶦,nưa,"勃𦶦 bột nưa
嗏𦶦 Chà Nưa"
𥫭,nứa,𣘃𥫭 cây nứa
𠴐,núc,"𠴐𡀡 núc ních
[翻]"
𰈒,nục,𰈒䑈 nục nạc
𤎐,nực,𤎐內 nực nội
埝,núm,"埝𡑵 núm vung
埝斤 núm cân
𨆃埝 khúm núm
[翻]"
埝,num,"埝埝 num núm
⇔埝núm[翻]"
蕽,nùn,"蕽稴 nùn rơm
[翻]"
儂,nùng,"𠊛儂 người Nùng
[翻]"
憹,nùng,惱憹 não nùng
㕴,nũng,"𫜵㕴 làm nũng
㕴溺 nũng nịu
𡥵㕴媄 con nũng mẹ"
㕴,nhủng,㕴𦅯 nhủng nhẳng
湳,nườm,湳𣻀 nườm nượp
䁸,nuông,䁸朝 nuông chiều
𢭗,nương,𢭗𨉟𠓨𧦕 nương mình vào ghế
娘,NƯƠNG,"姑娘 cô nương
娘娘 nương nương"
娘,nàng,"娘仙 nàng tiên
娘妯 nàng dâu"
娘,nường,𧀒娘 nõn nường
𣻀,nượp,湳𣻀 nườm nượp
𱟄,nuột,"𱟄㑚 nuột nà
惱𱟄 não nuột"
𥧩,núp,"𥧩𨉟 núp mình
𥧩𣈖 núp bóng
[翻]"
莪,nga,𦹯莪 cỏ nga
鱳,ngác,𩵜鱳 cá ngác
㗁,ngạc,㗁𦙥 ngạc họng
腭,NGẠC,腭化 ngạc hoá
鱷,NGẠC,鯨鱷 kình ngạc
𥔲,ngắc,"𥔲迯 ngắc ngoải
𥔲語 ngắc ngứ
㑋𥔲 ngúc ngắc"
𠊎,ngái,𠊛𠊎 người Ngái
𠵨,ngáy,"𠵨𠵨 ngay ngáy
𠵨哺哺 ngáy pho pho"
𠵨,ngay,"𠵨𠵨 ngay ngáy
⇔𠵨ngáy"
𰟅,ngấy,"𰟅焠 ngấy sốt
𰟅𰟅 ngây ngấy"
𰟅,gây,
𰟅,gấy,
𰟅,ngây,
蔇,ngấy,"𣘃蔇 cây ngấy
𠹗蔇 chát ngấy
蔇香 ngấy hương"
𠵌,ngầy,𠵌玡 ngầy ngà
𠵌,nghí,𠵌𨀑 nghí ngoáy
𦡡,ngậy,脿𦡡 béo ngậy
儑,ngám,儑儑 ngam ngám
儑,ngam,"儑儑 ngam ngám
⇔儑ngám"
黔,ngăm,黔黔黰 ngăm ngăm đen
吟,ngâm,"吟哦 ngâm nga
吟詩 ngâm thơ
吟詠 ngâm vịnh
[翻]"
汵,ngâm,"茄汵𩻐 cà ngâm mắm
汵𩵽 ngâm tôm"
𪃛,ngan,𪃛𪄌 ngan ngỗng
岸,NGẠN,"右岸 hữu ngạn
左岸 tả ngạn"
諺,NGẠN,諺語 ngạn ngữ
𠵫,ngàng,𢣸𠵫 ngỡ ngàng
硬,NGẠNH,剛硬 cương ngạnh
樈,ngạnh,"怏樈 ương ngạnh
箭固樈 tên có ngạnh
樈𩵜𩵾 ngạnh cá trê"
𩺿,ngạnh,𩵜𩺿 cá ngạnh
遨,NGAO,遨遊 ngao du
獒,NGAO,㹥獒 chó ngao
螯,ngao,𡥵螯 con ngao
獓,ngáo,"𡥵獓 con ngáo
獓𧋾 ngáo ộp
忤獓 ngổ ngáo
獓𥒥 ngáo đá"
𬳜,ngát,"八𬳜 bát ngát
𦹳𬳜 thơm ngát
𬳜香 ngát hương
𩂁𬳜 ngút ngát"
𠖯,ngắt,"𦻳𠖯 tím ngắt
冷𠖯 lạnh ngắt"
𢪰,ngắt,"𢪰𠳒 ngắt lời
𢪰葻花 ngắt bông hoa"
𢪰,lắt,"𢪰花 lắt hoa
⇔𢪰ngắt"
𣿃,ngấu,"𩻐𣿃 mắm ngấu
𣿃哯 ngấu nghiến"
湡,ngầu,"濁湡 đục ngầu
矓窒湡 trông rất ngầu
[翻]"
湡,ngụa,汲湡 ngập ngụa
𠿄,ngậu,𠿄𬽾 ngậu xị
犠,nghé,"𡥵犠 con nghé
()"
𠊙,nghè,"翁𠊙 ông nghè
𠊙𥾘 nghè sợi
[翻]"
𤈝,nghẹ,𤮗𤈝 lọ nghẹ
倪,NGHÊ,"𣱆倪 họ Nghê
悞倪 ngô nghê"
猊,NGHÊ,"狻猊 toan nghê
𡥵猊 con nghê"
鯢,NGHÊ,鯨鯢 kình nghê
乂,NGHỆ,乂安 Nghệ An
𪭄,nghệch,"𩈘𪭄 mặt nghệch
㘈𪭄 ngờ nghệch
𪭄愕 nghệch ngạc"
噖,nghêm,
垷,nghẽn,塞垷 tắc nghẽn
撓,nghẽo,扢撓 ngặt nghẽo
撓,nghẹo,扢撓 ngặt nghẹo
嘵,nghêu,嘵嗷 nghêu ngao
嘵,nhéo,"叫嘵嘵 kêu nheo nhéo
[翻]"
嘵,nheo,"嘵嘵 nheo nhéo
⇔嘵nhéo[翻]"
嶢,nghểu,𡴯嶢 ngất nghểu
𥪯,nghễu,𥪯喭 nghễu nghện
宜,NGHI,"便宜 tiện nghi
適宜 thích nghi"
儼,NGHIỄM,儼然 nghiễm nhiên
儼,ngẩm,"心儼 tâm ngẩm
𩜽儼 ngán ngẩm"
哯,nghiến,"哯𪘵 nghiến răng
𣿃哯 ngấu nghiến
𠸂哯 nuốt nghiến"
㘙,nghỉm,"沈㘙 chìm nghỉm
𤎕㘙 tắt nghỉm"
㘙,ngoém,㘙㘙 ngoem ngoém
㘙,ngoem,"㘙㘙 ngoem ngoém
⇔㘙ngoém"
頸,nghĩnh,唔頸 ngộ nghĩnh
𠑦,nghịt,"𠑦𪖫 nghịt mũi
黰𠑦 đen nghịt
佟𠑦 đông nghịt
𠑦𠑦 nghìn nghịt"
𠑦,nghìn,"𠑦𠑦 nghìn nghịt
⇔𠑦nghịt"
憢,nghỉu,鐎憢 tiu nghỉu
憢,nghịu,𢗾憢 ngượng nghịu
𢫸,ngo,𢫸㧪 ngo ngoe
藕,ngó,"藕蓮 ngó sen
藕𧃷 ngó khoai"
茣,ngò,蔞茣 rau ngò
蜈,NGÔ,蜈蚣 ngô công
𦬶,ngổ,蔞𦬶 rau ngổ
忤,NGỖ,"忤逆 ngỗ nghịch
忤逆 ngỗ ngược"
忤,ngổ,忤獓 ngổ ngáo
悟,NGỘ,"覺悟 giác ngộ
醒悟 tỉnh ngộ"
𢣸,ngỡ,"𠳝𢣸 bỡ ngỡ
𢣸𠵫 ngỡ ngàng"
訛,ngoa,"吶訛 nói ngoa
刁訛 điêu ngoa"
鈺,ngoắc,鈺𢬣 ngoắc tay
𢫛,ngoặc,𨁪𢫛夾 dấu ngoặc kép
𠱓,ngoai,𢢯𠱓 nguôi ngoai
迯,ngoải,𥔲迯 ngắc ngoải
𨀑,ngoáy,"𨀑脽 ngoáy đuôi
𥄭𨀑 ngó ngoáy"
𠶃,ngoạm,"𠶃𥙩 ngoạm lấy
㹥𠶃𩩫 chó ngoạm xương"
𠰂,ngoẳn,𠽓𠰂 ngủn ngoẳn
𠰂,ngoẻn,𠰂𠰂 ngoen ngoẻn
𠰂,ngoen,"𠰂𠰂 ngoen ngoẻn
⇔𠰂ngoẻn"
𱒌,ngoảng,𱒌𱒌 ngoang ngoảng
𱒌,ngoang,"𱒌𱒌 ngoang ngoảng
⇔𱒌ngoảng"
弘,ngoằng,啷弘 loằng ngoằng
𥋓,ngoảnh,"𥋓徠 ngoảnh lại
𥋓𩈘 ngoảnh mặt"
𠲺,ngoáp,𠲺𠲺 ngoam ngoáp
𠲺,ngóp,𢶼𠲺 ngoi ngóp
𠲺,ngoam,"𠲺𠲺 ngoam ngoáp
⇔𠲺ngoáp"
𭨦,ngoắt,𭨦僥 ngoắt ngoéo
逧,ngóc,"逧𡿃 ngóc ngách
逧頭 ngóc đầu"
𣔣,ngộc,𣔣𪭄 ngộc nghệch
㧪,ngoe,"㧪𭡏 ngoe nguẩy
𢫸㧪 ngo ngoe
㧪脽 ngoe đuôi"
蛫,ngoé,蛫蛫 ngoe ngoé
蛫,ngoe,"蛫蛫 ngoe ngoé
⇔蛫ngoé"
㳉,ngoét,㐳㳉 ngót ngoét
𢶼,ngoi,"𢶼𠲺 ngoi ngóp
𢶼𧻭 ngoi dậy"
𤬪,ngói,"坧𤬪 gạch ngói
[翻]"
𩿺,ngói,𪀄𩿺 chim ngói
𦛽,ngỏm,𥿂𦛽 tom ngỏm
𤼔,ngợm,"𠊛𤼔 người ngợm
逆𤼔 nghịch ngợm"
𪐬,ngòn,"黰𪐬 đen ngòn
𧹻𪐬 đỏ ngòn
𪐬𦙴 ngòn chỏ"
𦰟,ngọn,"𦰟畑 ngọn đèn
𦰟𣘃 ngọn cây
𦰟源 ngọn nguồn"
𬢞,ngộn,𬢞𬢞 ngồn ngộn
𬢞,ngồn,"𬢞𬢞 ngồn ngộn
⇔𬢞ngộn"
𥍎,ngóng,𥍎矓 ngóng trông
𥍎,ngong,"𥍎𥍎 ngong ngóng
⇔𥍎ngóng"
隅,ngòng,隅蟯 ngòng ngoèo
𡅑,ngọng,"吶𡅑 nói ngọng
𡅑憢 ngọng nghịu"
顒,ngông,顒狂 ngông cuồng
茙,ngồng,茙茙 ngồng ngồng
𪄌,ngỗng,𪃛𪄌 ngan ngỗng
𥆹,ngớp,𥆹𥆹 ngơm ngớp
𥆹,ngơm,"𥆹𥆹 ngơm ngớp
⇔𥆹ngớp"
㐳,ngót,"㐳㳉 ngót ngoét
𱑛㐳 trứng ngót
㐳𠬠世紀 ngót một thế kỉ"
㐳,ngon,"㐳㐳 ngon ngót
⇔㐳ngót"
𦬂,ngót,"𫈨𦬂 ráy ngót
蔞𦬂 rau ngót"
兀,NGỘT,"突兀 đột ngột
[翻]"
𠯪,ngớt,"𠯪𢚷 ngớt giận
𠯪𩄎 ngớt mưa"
𠯪,ngơn,"𠯪𠯪 ngơn ngớt
⇔𠯪ngớt"
𬗙,ngù,𬗙㘈 ngù ngờ
魚,NGƯ,鮑魚 bào ngư
𣊘,ngừ,垠𣊘 ngần ngừ
俉,ngữ,俉𧘇𫜵咹之得 ngữ ấy làm ăn gì được
敔,ngữ,咹消固敔 ăn tiêu có ngữ
𤻭,ngứa,"𤻭𠵨 ngứa ngáy
𤻭蹎 ngứa chân
𤻭藝 ngứa nghề"
𭡏,nguây,𭡏𭡏 nguây nguẩy
𭡏,nguẩy,"𭡏𭡏 nguây nguẩy
𭡏頭辭挃 nguẩy đầu từ chối"
𭡏,ngoay,"𭡏𭡏 ngoay ngoảy
⇔𭡏ngoảy"
𭡏,ngoảy,"澿𭡏 ngấm ngoảy
⇔𭡏nguẩy"
𠰻,nguậy,午𠰻 ngọ nguậy
𠰻,ngoạy,"午𠰻 ngọ ngoạy
⇔𠰻nguậy"
㑋,ngúc,㑋𥔲 ngúc ngắc
哎,ngủi,"𠦯哎 ngắn ngủi
[翻]"
𬹯,ngửi,"𬹯𧡊 ngửi thấy
𭊪𬹯 hít ngửi
𬹯苿 ngửi mùi"
魏,NGUỴ,"阿魏 a nguỵ
𣱆魏 họ Nguỵ"
𥊜,nguýt,澿𥊜 ngấm nguýt
喁,ngụm,"𠬠喁渃 một ngụm nước
[翻]"
𤉘,ngún,"𤉘焒 ngún lửa
[翻]"
𤸒,ngúng,𤸒𭡏 ngúng nguẩy
𥈴,ngước,"𥈴眜 ngước mắt
𥈴𬨠 ngước lên"
𢢯,nguôi,"𢢯𠱓 nguôi ngoai
𢢯𢚷 nguôi giận"
𱐂,nguội,"𱐂冷 nguội lạnh
𩚵𱐂 cơm nguội
𠏲𱐂 thợ nguội"
𱐂,nguồi,"𱐂𱐂 nguồi nguội
⇔𱐂nguội"
崞,ngưởng,𡴯崞 ngất ngưởng
𩓛,ngụp,"𩓛𬺗 ngụp xuống
[翻]"
𩂁,ngút,"𡶀高𩂁 núi cao ngút
霓𩂁 nghi ngút
[翻]"
𤈡,ngụt,𤈡𤈡 ngùn ngụt
𤈡,ngùn,"𤈡𤈡 ngùn ngụt
⇔𤈡ngụt"
牛,NGƯU,"牛郎 ngưu lang
金牛 kim ngưu
𣇟牛 sao ngưu"
丫,NHA,丫鬟 nha hoàn
丫,a,丫鬟 a hoàn
芽,NHA,芽莊 Nha Trang
𠰹,nhả,"𠰹𫥨 nhả ra
𠰹𩝇 nhả mồi
𡂒𠰹 chớt nhả"
𤆹,nhá,𤆹濂 nhá nhem
㦡,nhác,"𭞣㦡 nhếch nhác
𬇣㦡 nháo nhác
𢙫㦡 nhớn nhác"
㦡,dác,
䁻,nhác,"䁻𧡊 nhác thấy
䁻矓 nhác trông"
𠯅,nhắc,"𠯅𢬨 nhắc nhở
𠯅徠 nhắc lại
𠯅𡀯𫇰𫜵之朱𢞂 nhắc chuyện cũ làm gì cho buồn"
啀,nhai,啀𩚵 nhai cơm
啀,nhài,"𢯦啀 lài nhài
⇔啀nhai"
涯,NHAI,"天涯 thiên nhai
生涯 sinh nhai
[翻]"
涯,nhải,"涯涯 nhai nhải
[翻]"
𦲒,nhài,花𦲒 hoa nhài
𦲒,lài,
爾,nhãi,爾囁 nhãi nhép
𠽬,nhại,"𠽬徠 nhại lại
𪀄𠽬 chim nhại
濔𠽬 nhễ nhại
𠽬𠳒𠊛恪 nhại lời người khác"
捱,nhay,捱捱 nhay nhay
𥅘,nháy,"𥅘眜 nháy mắt
扖𥅘 nhấp nháy"
𥅘,nhay,"𥅘𥅘 nhay nháy
⇔𥅘nháy"
𮛢,nhạy,"𮛢𤓩 nhạy bén
𮛢感 nhạy cảm
𮞊𮛢 nhanh nhạy"
徍,nhầy,"徍濡 nhầy nhụa
𠍣徍 bầy nhầy
[翻]"
岩,NHAM,"岩石 nham thạch
岩險 nham hiểm"
岩,ngồm,岩含 ngồm ngoàm
𩜠,nham,"咹𩜠 ăn nham
糮𩜠 lam nham"
𰪯,nhám,"紙𰪯 giấy nhám
𰪯𰪯 nham nhám
𰪯謲 nhám xàm"
𰪯,nham,"𰪯𰪯 nham nhám
⇔𰪯nhám"
𩸶,nhám,𩵜𩸶 cá nhám
𥄮,nhắm,"𥄮眜 nhắm mắt
[翻]"
𠲏,nhắm,𠲏𨢇 nhắm rượu
壬,NHÂM,"壬申 Nhâm Thân
壬辰 Nhâm Thìn"
𠿹,nhẩm,"𡀫𠿹 lẩm nhẩm
併𠿹 tính nhẩm"
𠰃,nhấm,齽𠰃 gặm nhấm
𠰃,nhồm,𠰃啱 nhồm nhàm
𠰃,nhuôm,𠰃𠰃 nhuôm nhuôm
雁,NHẠN,𪀄雁 chim nhạn
雁,nhàn,
仞,nhẳn,仞仞 nhăn nhẳn
仞,nhẩn,仞芽 nhẩn nha
仞,nhăn,"仞仞 nhăn nhẳn
⇔仞nhẳn"
仞,nhân,"仞仞 nhân nhẩn
⇔仞nhẩn"
𣼴,nhẵn,"歇𣼴 hết nhẵn
𣼴𣾶 nhẵn nhụi
𣼴𩈘 nhẵn mặt
𠫾𣼴塘 đi nhẵn đường"
𠽗,nhặn,雅𠽗 nhã nhặn
姻,NHÂN,"婚姻 hôn nhân
姻緣 nhân duyên"
𠯄,nhẫn,自𧘇𠯄𫢩 từ ấy nhẫn nay
爙,nhang,爙畑 nhang đèn
瓖,nhàng,"珥瓖 nhẹ nhàng
廊瓖 làng nhàng
[翻]"
芿,nhăng,榘芿 củ nhăng
𠲕,nhăng,掕𠲕 lăng nhăng
𦅯,nhẳng,𦅯𦅯 nhăng nhẳng
𦅯,nhăng,"𦅯𦅯 nhăng nhẳng
⇔𦅯nhẳng"
囔,nhắng,囔𱎰 nhắng nhít
嚷,nhằng,㖫嚷 lằng nhằng
𠯹,nhẵng,冗𠯹 nhũng nhẵng
𠯹,nhằng,"𠯹𠯹 nhằng nhẵng
⇔𠯹nhẵng"
蠅,nhặng,"𧋆蠅 ruồi nhặng
蠅𬽾 nhặng xị
𫜵蠅𬨠 làm nhặng lên"
椩,nhành,"椩𣘃 nhành cây
㨢𱠴椩花 nâng niu nhành hoa"
拎,nhạnh,抇拎 nhặt nhạnh
堯,nhao,吶堯堯 nói nhao nhao
𬇣,nháo,"八𬇣 bát nháo
𬇣𤄮 nháo nhào
𥇈𬇣 nhốn nháo
[翻]"
𬇣,dáo,
𤄮,nhào,"𤄮𪵅 nhào lộn
𨁟𤄮 ngã nhào"
𤃤,nhão,"𡐙𤃤 đất nhão
繌𤃤 mềm nhão
𤃤𥹽 nhão nhoét"
𠿱,nhạo,"𠿱謗 nhạo báng
𠶜𠿱 chế nhạo"
𡊠,nháp,"紙𡊠 giấy nháp
𣱿𡊠 nhớp nháp
[翻]"
𡊠,nham,"𡊠𡊠 nham nháp
⇔𡊠nháp"
扖,nhấp,"扖𠰘 nhấp miệng
扖𥅘 nhấp nháy
扖䠨 nhấp nhổm"
𡥌,nhắt,"𡥌𡥌 lắt nhắt
𤝞𡥌 chuột nhắt
[翻]"
𡥌,lắt,"𤝞𡥌 chuột lắt
⇔𡥌nhắt"
抇,nhặt,𠹌抇𬘋𣖾 năng nhặt chặt bị
橈,nhàu,"𣘃橈 cây nhàu
𬃻橈 trái nhàu"
𦈂,nhàu,"𡲫𦈂 vải nhàu
𦈂捏 nhàu nát
𧧷𦈂 càu nhàu
𦈂𦈂 nhàu nhàu"
洏,nhè,"哭洏 khóc nhè
洏𪥘󠄁𣈜 nhè cả ngày
洏頭𦓡打 nhè đầu mà đánh"
濔,nhễ,濔𠽬 nhễ nhại
𭞣,nhếch,"𭞣㦡 nhếch nhác
[翻]"
呥,nhẻm,呥𣲹濂 nhẻm nhèm nhem
呥,nhem,"呥呥 nhem nhẻm
⇔呥nhẻm"
𣲹,nhèm,"𠿳𣲹 lèm nhèm
入𣲹 nhập nhèm
[翻]"
𠇦,nhẹm,"𡨺𠇦 giữ nhẹm
掩𠇦 ém nhẹm"
𠇦,dẹm,"掩𠇦 ém dẹm
⇔𠇦nhẹm"
蝒,nhện,"𦁸蝒 mạng nhện
𡥵蝒 con nhện"
蝒,dện,
𤾱,nhênh,"𤽸𤾱 trắng nhênh
[翻]"
䁱,nheo,䁱眜 nheo mắt
鱙,nheo,𩵜鱙 cá nheo
𡅍,nhẻo,𡅍𡅍 nheo nhẻo
𡅍,nheo,"𡅍𡅍 nheo nhẻo
⇔𡅍nhẻo"
蕘,nhèo,䕯蕘 bèo nhèo
繞,nhẽo,冗繞 nhõng nhẽo
繞,nhếu,繞𬇣 nhếu nháo
繞,nhiễu,巾繞 khăn nhiễu
𠰉,nhẹo,𠰉𠰉 nhèo nhẹo
𠰉,réo,"𠰉𬨠 réo lên
叫𠰉 kêu réo
𠰉噲 réo gọi"
𠰉,giéo,"𠰉㗭 giéo giắt
⇔𠰉réo"
𠰉,nhèo,"𠰉𠰉 nhèo nhẹo
⇔𠰉nhẹo"
囁,nhép,"𥼕囁 lép nhép
[翻]"
囁,nhem,"囁囁 nhem nhép
⇔囁nhép"
叺,nhẹp,"捷叺 tẹp nhẹp
碮叺 đè nhẹp"
叺,nhóp,叺囁 nhóp nhép
𪷴,nhẹt,"𠻼𪷴 nhậu nhẹt
[翻]"
𡃺,nhệu,𡃺𠿱 nhệu nhạo
膩,NHỊ,細膩 tế nhị
𠲔,nhiếc,𠻵𠲔 mắng nhiếc
𦫸,nhìn,蒲𦫸 bù nhìn
𦫸,dìn,
𠽒,nhỉnh,"𠽒欣 nhỉnh hơn
𠽒𠽒 nhinh nhỉnh"
𠽒,nhinh,
𱎰,nhít,"𡊻𱎰 lít nhít
[翻]"
皺,nhíu,"皺𣮮 nhíu mày
[翻]"
皺,nhịu,"𰮐皺 nhụng nhịu
[翻]"
檽,nho,𣘃檽 cây nho
𢘾,nhờ,"𢘾𡲤 nhờ vả
𤍶𢘾 nhoè nhờ"
𠾒,nhỡ,𠾒𠾒 nhờ nhỡ
𠾒,nhờ,"𠾒𠾒 nhờ nhỡ
⇔𠾒nhỡ"
𱒥,nhợ,𱒥𱒥 nhờ nhợ
𱒥,nhờ,
𦀌,nhợ,絏𦀌 dây nhợ
哸,nhoá,吶哸 nhuế nhoá
𬿕,nhoai,類𬿕 loai nhoai
𬿕,nhoài,"𤻻𬿕 mệt nhoài
捕𬿕 bổ nhoài"
迩,nhoáy,迩迩 nhoay nhoáy
迩,nhoay,"迩迩 nhoay nhoáy
⇔迩nhoáy"
晄,nhoáng,豪晄 hào nhoáng
晄,nhoang,"晄晄 nhoang nhoáng
⇔晄nhoáng"
𣋆,nhoạng,入𣋆 nhập nhoạng
傉,nhóc,"傉𡥵 nhóc con
僶傉 thằng nhóc
𠲔傉 nhiếc nhóc
[翻]"
嘫,nhoé,嚅嚅 nhoe nhoé
嘫,nhoe,"嚅嚅 nhoe nhoé
⇔嚅nhoé"
嘫,nhoẻn,嘫唭 nhoẻn cười
嘫,nhoen,"嘫嘫 nhoen nhoẻn
⇔嘫nhoẻn"
𥹽,nhoét,𤃤𥹽 nhão nhoét
𥹽,nhoẹt,
焳,nhói,𤴬焳 đau nhói
焳,nhoi,"焳焳 nhoi nhói
⇔焳nhói"
𤻫,nhối,𤴵𤻫 nhức nhối
𧐻,nhồi,𧎜𧐻 ốc nhồi
𤷳,nhom,瘖𤷳 ốm nhom
𠽦,nhỏm,𠯅𠽦 nhắc nhỏm
鈓,nhôm,鈉鈓 nồi nhôm
䠨,nhổm,扖䠨 nhấp nhổm
𣷰,nhơm,𣷰𢬨 nhơm nhở
偄,nhỏn,偄偄 nhon nhỏn
偄,nhon,"偄偄 nhon nhỏn
⇔偄nhỏn"
𨅄,nhón,"𨅄𨃴 nhón gót
𨅄蹎 nhón chân"
𫣑,nhổn,侖𫣑 lổn nhổn
𥇈,nhốn,"𪵅𥇈 lốn nhốn
𥇈𬇣 nhốn nháo"
𢚴,nhơn,𢚴𢚴 nhơn nhơn
𣼹,nhởn,𣼹洳 nhởn nhơ
𢙫,nhớn,𢙫㦡 nhớn nhác
𢙫,dớn,
𦠥,nhờn,"脿𦠥 béo nhờn
𢬣𦠥 taynhờn
輕𦠥 khinh nhờn
𦠥𫇿 nhờn thuốc"
銊,nhong,儱銊 long nhong
𬫍,nhong,𬫍𬫍 nhong nhong
𢟞,nhóng,𢟞𢟞 nhong nhóng
𢟞,nhong,"𢟞𢟞 nhong nhóng
⇔𢟞nhóng"
𧻪,nhông,𧻪𧻪 nhông nhông
蛹,nhộng,"蛹蠶 nhộng tằm
[翻]"
蛹,dộng,
𣱿,nhớp,𣱿𡊠 nhớp nháp
𣱿,nhơm,"𣱿𣱿 nhơm nhớp
⇔𣱿nhớp"
𣑵,nhót,"𣘃𣑵 cây nhót
果𣑵 quả nhót"
𤷿,nhọt,"癰𤷿 ung nhọt
𤺯𤷿 mụn nhọt"
噎,nhốt,噎噎 nhôn nhốt
噎,rốt,噎噎 rôn rốt
噎,nhôn,"噎噎 nhôn nhốt
⇔噎nhốt"
噎,rôn,"噎噎 rôn rốt
⇔噎rốt"
𦝬,nhột,𦝬溂 nhột nhạt
𣼸,nhớt,𣼸㦉 nhớt nhát
𣼸,nhơn,"𣼸𣼸 nhơn nhớt
⇔𣼸nhớt"
𣼸,rơn,"𣼸𣼸 rơn rớt
⇔𣼸rớt"
𣼸,rớt,"𣼸𣼸 rơn rớt
⇔𣼸nhớt"
需,NHU,"需要 nhu yếu
需求 nhu cầu
軍需 quân nhu"
薷,NHU,香薷 hương nhu
葇,nhú,"葇𬨠 nhú lên
𦹰𣘃㐌葇 mầm cây đã nhú"
葇,nhu,"葇葇 nhu nhú
⇔葇nhú"
乳,NHŨ,"乳母 nhũ mẫu
石乳 thạch nhũ
金乳 kim nhũ
乳漿 nhũ tương"
乳,nhõ,𥆾乳 nhìn nhõ
餌,nhử,"𩝇餌 mồi nhử
餌𩵜 nhử cá"
𤈟,nhừ,𤈟子 nhừ tử
濡,nhúa,𣱿濡 nhớp nhúa
濡,nhụa,徍濡 nhầy nhụa
閏,NHUẬN,𢆥閏 năm nhuận
銳,NHUỆ,"銳兵 nhuệ binh
銳氣 nhuệ khí
英銳 anh nhuệ"
𠓩,nhủi,"𠓩𠓨 nhủi vào
𠓩𩵜 nhủi cá"
𢪭,nhúm,"𢪭徠 nhúm lại
𠬠𢪭 một nhúm
[翻]"
戎,NHUNG,"兵戎 binh nhung
戎𠲕 nhung nhăng"
戎,nhỏng,戎牙戎穎 nhỏng nha nhỏng nhảnh
茸,NHUNG,"茸㹯 nhung hươu
[翻]"
𣴛,nhúng,"𣴛𢬣 nhúng tay
𣴛渃 nhúng nước"
𰮐,nhụng,𰮐皺 nhụng nhịu
溽,nhuốc,"洳溽 nhơ nhuốc
濂溽 nhem nhuốc"
溽,luốc,
攘,NHƯƠNG,擾攘 nhiễu nhương
葖,nhút,"𩻐葖 mắm nhút
[翻]"
𢝀,nhút,𢝀㦉 nhút nhát
𢝀,dút,
鈤,nhụt,"𫜵鈤 làm nhụt
𨮉鈤 cùn nhụt
鈤志 nhụt chí"
𡡅,o,婆𡡅 bà o
鵶,ó,囉鵶 la ó
𦶀,ô,秦𦶀 tần ô
癋,ố,"𤸫癋 hoen ố
𡲫被癋 vải bị ố"
㐵,ơ,"悇㐵 thờ ơ
吶幽㐵 nói u ơ
[翻]"
𰂔,ợ,"𰂔䣷 ợ chua
𰂔唏 ợ hơi"
喎,oa,"哭喎喎 khóc oa oa
[翻]"
哇,oà,哭哇 khóc oà
蒦,oách,"矓窒蒦 trông rất oách
𬡶部尼朱蒦 mặc bộ này cho oách
[翻]"
矮,OẢI,矮香 oải hương
痿,oải,濊痿 uể oải
噾,oăm,"𠶔噾 oái oăm
[翻]"
𥺹,oản,"𥺹荎 oản chuối
𥺹𥸷 oản xôi"
倇,oằn,"倇偎 oằn oại
倇𬺗 oằn xuống
莄𣘃倇 cành cây oằn
[翻]"
𠻄,oang,"𠻄𠻄 oang oang
[翻]"
瑩,OÁNH,"阮春瑩 Nguyễn Xuân Oánh
高玉瑩 Cao Ngọc Oánh
[翻]()"
唈,oạp,"𥑴唈 ì oạp
[翻]"
唈,oàm,"唈唈 oàm oạp
⇔唈oạp"
喐,oắt,"𡮣喐 bé oắt
[翻]"
喐,ọt,喐𠮙 ọt ẹt
喔,óc,"𪃿㕭喔 gà eo óc
[翻]"
𣹙,ọc,𣹙𣹙 ọc ọc
喴,oe,"喴喴 oe oe
[翻]"
唩,ỏe,唩𠽡 ỏe hoẹ
唩,ủa,"唩？ ủa?
唩𨓐 ủa lạ"
噦,oé,噦噦 oe oé
噦,oe,"噦噦 oe oé
⇔噦oé"
俺,oem,
煨,oi,"煨妸 oi ả
煨煏 oi bức
煨𤎏 oi nóng"
𥯜,oi,丐𥯜 cái oi
𱔎,ỏi,"𠃣𱔎 ít ỏi
𠸄𱔎 inh ỏi"
𣾿,ói,𠷀𣾿 nôn ói
偎,ÔI,"倚翠偎紅 ỷ thuý ôi hồng
[翻]"
偎,oại,倇偎 oằn oại
𦞏,ôi,𬚸𦞏 thịt ôi
猥,ỔI,"猥陋 ổi lậu
鄙猥 bỉ ổi"
椳,ổi,"果椳 quả ổi
𣘃椳 cây ổi"
噫,ới,"囉㗒噫 la ơi ới
噫婆𡥵㗒 ới bà con ơi
固之噫朱別貝 có gì ới cho biết với"
喑,om,"喑嚵 om sòm
[翻]"
喑,ồm,"喑𧋾 ồm ộp
[翻]"
喑,um,"喑嚵 um sùm
⇔喑om"
嚈,ỡm,嚈唹 ỡm ờ
𢞴,ớn,"𢞴冷 ớn lạnh
𢞴洌 ớn rét
𢞴𪥘󠄁𠊛 ớn cả người"
𢞴,ơn,"𢞴𢞴 ơn ớn
⇔𢞴ớn"
滃,óng,"絲滃 tơ óng
滃映 óng ánh
囉滃滃 la óng óng"
慃,ông,嗡嗡 ông ổng
慃,ổng,嗡嗡 ông ổng
慃,ổng,
俋,ọp,"俋𠇺 ọp ẹp
[翻]"
偮,ốp,"偮僥 ốp nhau
偮役 ốp việc
抪偮徠 bó ốp lại"
䱒,ốp,𩵜䱒 cá ốp
𧋾,ộp,𧋾𧋾 ộp ộp
顇,ót,"𩯀顇𨱽過 tóc ót dài quá
[翻]"
𣎷,ớt,"𣎷鐘 ớt chuông
[翻]"
𫮒,phá,潭𫮒 đầm phá
𠶊,phà,淝𠶊 phì phà
卟,phạc,𠱀卟 phờ phạc
卟,vốc,"𠬠卟 một vốc
卟𠄩卟𥽌 vốc hai vốc gạo"
噗,phắc,噗噗 phăng phắc
噗,phăng,"噗噗 phăng phắc
⇔噗phắc"
珀,PHÁCH,"琥珀 hổ phách
血珀 huyết phách
明珀 minh phách"
魄,PHÁCH,魂魄 hồn phách
𩗀,phạch,"𩗀𩗀 phạch phạch
帆𢒎𩗀 buồm bay phạch
橛𩗀𩗀 quạt phành phạch"
𩗀,phành,"橛𩗀𩗀 quạt phành phạch
⇔𩗀phạch"
㗑,phai,"溂㗑 nhạt phai
㗑𥊚 phai mờ
㗑𦭷 phai màu"
㧊,phẩy,派㧊 phe phẩy
幡,PHAN,莄幡 cành phan
坢,phắn,塝坢 phẳng phắn
𡃎,phàn,𡃎難 phàn nàn
枌,phần,𣘃枌 cây phần
㧍,phang,"𪢜㧍 phô phang
㧍卬 phang ngang"
㕫,phăng,"吶㕫 nói phăng
𫜵㕫朱歱 làm phăng cho xong"
枰,phanh,枰𢬣 phanh tay
𢴒,phành,𢴒𫥨 phành ra
𣿖,phao,"𣿖救生 phao cứu sinh
𣿖信䚾 phao tin nhảm"
𠵽,phắp,𠵽𠵽 phăm phắp
𠵽,vếp,
𠵽,phăm,"𠵽𠵽 phăm phắp
⇔𠵽phắp"
𭡚,phấp,"𭡚𢭿 phấp phới
𭡚倣 phấp phỏng"
怫,phập,"怫𤂧 phập phồng
怫怫 phầm phập
[翻]"
怫,phầm,"怫怫 phầm phập
⇔怫phập"
罰,PHẠT,"懲罰 trừng phạt
刑罰 hình phạt"
𧿳,phắt,𨅸𧿳𧻭 đứng phắt dậy
𧿳,phăn,"𧿳𧿳 phăn phắt
⇔𧿳phắt"
𤽵,phau,"𤽵𤽵 phau phau
𤽸𤽵 trắng phau"
腓,phè,"𣹓腓 đầy phè
腓𦙀 phè phỡn
腓腓 phè phè
𢥇腓 chán phè"
啡,PHÊ,"咖啡 cà phê
撫啡 phủ phê
[翻]"
肺,PHẾ,肺管 phế quản
肺,phổi,"炎肺 viêm phổi
[異]𦟊"
㭀,phệ,㭀泥 phệ nệ
㭀,phề,"㭀㭀 phề phệ
⇔㭀phệ"
𤾷,phếch,"薄𤾷 bạc phếch
[翻]"
礬,phèn,"𡐙礬 đất phèn
糖礬 đường phèn
渃礬 nước phèn
礬䣷 phèn chua"
䉒,phên,"䉒壁 phên vách
糖䉒 đường phên"
咆,phèo,"淝咆 phì phèo
[翻]"
珐,phếp,
𦠱,phét,"𦠱洛 phét lác
𠄩𠀲𦠱僥 hai đứa phét nhau"
㗶,phẹt,"㗶㗶 phèn phẹt
[翻]"
㗶,phết,"𫥨㗶 ra phết
[翻]"
㗶,phèn,"㗶㗶 phèn phẹt
⇔㗶phẹt"
蚾,phi,𡥵蚾 con phi
匪,PHỈ,土匪 thổ phỉ
悱,phỉ,"悱願 phỉ nguyền
悱志 phỉ chí
悱飭 phỉ sức"
翡,PHỈ,翡翠 phỉ thuý
誹,PHỈ,"誹謗 phỉ báng
誹𢮫 phỉ nhổ"
肥,PHÌ,"肥饒 phì nhiêu
肥嫩 phì nộn
發肥 phát phì"
𦜀,phị,𦜀𦜀 phì phị
𦜀,phì,"𦜀𦜀 phì phị
⇔𦜀phị"
澼,phích,"壓澼 áp-phích
澼撜渃 phích đựng nước
[翻]"
噼,phịch,噼噼 phình phịch
噼,phình,"噼噼 phình phịch
⇔噼phịch"
𦢟,phịch,服𦢟 phục phịch
泛,PHIẾM,"浮泛 phù phiếm
𡀯泛 chuyện phiếm
泛指 phiếm chỉ
泛函 phiếm hàm
泛遊 phiếm du
泛定 phiếm định"
泛,phêm,
翻,PHIÊN,"翻譯 phiên dịch
翻版 phiên bản
翻音 phiên âm
翻覆 phiên phúc"
飄,PHIÊU,飄搖 phiêu diêu
𠶏,phỉnh,"𠶏𠱀 phỉnh phờ
𠶏佞 phỉnh nịnh
[翻]"
𠶏,phĩnh,"𠶏𠶏 phình phĩnh
[翻]"
𠶏,phình,"𠶏𠶏 phình phĩnh
⇔𠶏phĩnh[翻]"
𣍪,phính,𰇷𣍪 phúng phính
𣍪,phinh,"𣍪𣍪 phinh phính
⇔𣍪phính"
胓,phình,"脹胓 trương phình
胓𫥨 phình ra"
墂,phiu,塝墂 phẳng phiu
慓,phịu,"奉慓 phụng phịu
[翻]"
赴,PHÓ,赴會 phó hội
駙,PHÒ,駙馬 phò mã
𪢜,phô,"𪢜𠎩 phô bay
𪢜㧍 phô phang"
披,phơ,拂披 phất phơ
苤,phơ,鉑苤 bạc phơ
𡂄,phở,"𡂄𡋿 phở lở
𠯘𡂄 phớn phở"
𬖾,phở,𩚵𬖾 cơm phở
𠱀,phờ,"𠶏𠱀 phỉnh phờ
[翻]"
𤷵,phờ,巴𤷵 bơ phờ
䟔,phóc,"𬦮䟔 nhảy phóc
[翻]"
坯,PHÔI,坯𨨧 phôi thép
𢭿,phới,"𭡚𢭿 phấp phới
𢭿𢭿 phơi phới"
𢭿,phơi,"𢭿𢭿 phơi phới
⇔𢭿phới"
𠆩,phom,"𠆩𠊛 phom người
[翻]"
𠱍,phớm,𠱍𠶏 phớm phỉnh
𠯘,phớn,𠯘𡂄 phớn phở
𦙀,phỡn,腓𦙀 phè phỡn
丰,PHONG,丰采 phong thái
峰,PHONG,峰衙 Phong Nha
葑,PHONG,菲葑 phỉ phong
楓,PHONG,𣘃楓 cây phong
鋒,PHONG,"先鋒 tiên phong
前鋒 tiền phong
衝鋒 xung phong"
豐,PHONG,"豐富 phong phú
𦼔豐 rêu phong
()"
堸,phông,堸𡋂 phông nền
仿,phỗng,"僶仿 thằng phỗng
仿𢬣𨑗 phỗng tay trên"
𪾁,phốp,"𤽸𪾁 trắng phốp
𪾁法 phốp pháp
[翻]"
𪾁,phôm,"𪾁𪾁 phôm phốp
⇔𪾁phốp"
咈,phớt,"咈過 phớt qua
𣼷咈 lớt phớt
咈矑 phớt lờ"
咈,phơn,"咈咈 phơn phớt
⇔咈phớt"
甫,PHỦ,臺甫 đài phủ
負,PHỤ,"負𢚸 phụ lòng
負責 phụ trách
自負 tự phụ
負薄 phụ bạc"
埠,PHỤ,商埠 thương phụ
茯,PHỤC,茯苓 phục linh
複,PHỨC,"煩複 phiền phức
複雜 phức tạp
數複 số phức
複本 phức bản"
𢲭,phủi,"𢲭𢬣 phủi tay
𢲭𡏧 phủi bụi"
噴,phun,噴渃 phun nước
濆,phún,"𣼍濆 lún phún
[翻]"
𤂫,phùn,"𤂫𩄎 phùn mưa
𩄎𤂫 mưa phùn"
𢱚,phung,𢱚費 phung phí
𰇷,phúng,𰇷𣍪 phúng phính
𰇷,phung,"𰇷𰇷 phung phúng
⇔𰇷phúng"
賵,PHÚNG,賵怺 phúng viếng
諷,PHÚNG,嘲諷 trào phúng
逢,PHÙNG,"重逢 trùng phùng
相逢 tương phùng"
馮,PHÙNG,"𣱆馮 họ Phùng
馮克寬 Phùng Khắc Khoan"
炐,phừng,"炐炐 phừng phừng
[翻]"
炥,phụt,"𠺙炥 thổi phụt
畑炥𤎕 đèn phụt tắt"
炥,phọt,
𠵩,quã,𫏓𠵩 quày quã
𠵩,quở,"𠵩𠻵 quở mắng
𠵩光 quở quang
𠵩責 quở trách"
𩿙,quạ,"𡥵𩿙 con quạ
𩿙黰 quạ đen
[異]𪇍"
嘓,quác,嘓嘓 quác quác
嘓,quạc,嘓嘓 quạc quạc
嘓,quàng,"嘓嘓 quàng quạc
⇔嘓quạc"
擭,quạc,㨯擭 quệch quạc
擭,ngoác,"㨯擭 nguếch ngoác
⇔擭quạc"
擭,ngoạc,"㨯擭 nguệch ngoạc
⇔擭quạc"
矍,QUẮC,矍鑠 quắc thước
郭,QUÁCH,"城郭 thành quách
𣱆郭 họ Quách"
郭,quách,炪郭仍傳挑淫 đốt quách những truyện khiêu dâm
槨,QUÁCH,𥪝棺外槨 trong quan ngoài quách
𬗜,quai,"𥶄𬗜絛 nón quai thao
[翻]"
卦,QUÁI,八卦 bát quái
拐,quảy,"拐捇 quảy xách
拐挭 quảy gánh"
拐,quây,"拐拐 quây quẩy
⇔拐quẩy"
拐,quẩy,
𫏓,quày,𫏓𠵩 quày quã
𡇸,quây,"𡇸群 quây quần
[翻]"
柜,quầy,"柜冊 quầy sách
柜報 quầy báo"
𠏺,quẫy,"𠏺踏 quẫy đạp
亇𠏺 cá quẫy
𠏺距 quẫy cựa
𠏺𬨠𱜢！ Quẫy lên nào!"
揆,quậy,距揆 cựa quậy
揆,quẽ,夐揆 quạnh quẽ
𣰙,quặm,"𪖫𣰙 mũi quặm
[翻]"
𣰙,quằm,"𣰙𣰙 quằm quặm
⇔𣰙quặm[翻]"
鰥,QUAN,鰥寡 quan quả
𩮔,quăn,"𩯀𩮔 tóc quăn
𩮔𨙍 quăn queo"
𦄻,quắn,𤴬𦄻 đau quắn
㴫,quặn,丐㴫 cái quặn
𤹓,quặn,"𤴬𤹓 đau quặn
𤹓𤴬𥪝𢚸 quặn đau trong lòng"
𤹓,quằn,"𤹓𤹓 quằn quặn
⇔𤹓quặn"
群,QUẦN,"群衆 quần chúng
群體 quần thể
群島 quần đảo
合群 hợp quần
𡇸群 quây quần
群聚 quần tụ"
窘,QUẪN,"窘迫 quẫn bách
窮窘 cùng quẫn
困窘 khốn quẫn"
癀,quảng,漊癀 sâu quảng
挄,quạng,捰挄 quờ quạng
挄,quăng,"挄揇 quăng ném
挄䋥 quăng lưới
浪挄 loăng quăng"
𧈽,quăng,𧌂𧈽 bọ quăng
𪠢,quẳng,"𪠢𠫾 quẳng đi
𪠢𫥨外𨷯 quẳng ra ngoài cửa"
礦,quặng,"礦鉄 quặng sắt
丐礦 cái quặng
礦派挒 quặng phe-rít"
𡃅,quánh,𡃅𡃅 quanh quánh
𡃅,quanh,"𡃅𡃅 quanh quánh
⇔𡃅quánh"
𣔲,quạnh,"㳜𣔲 hiu quạnh
孤𣔲 cô quạnh"
夐,quạnh,夐揆 quạnh quẽ
𫽿,quào,"𫽿㧨 quào cấu
[翻]"
𣌵,quắp,"𣌵𥙩 quắp lấy
𢮩𣌵 co quắp
[翻]"
彶,quặp,"𩯁彶 râu quặp
彶𠓨 quặp vào
蹎𢬣彶𥙩莄𣘃 chân tay quặp lấy cành cây"
橛,quạt,"丐橛 cái quạt
橛電 quạt điện
𣛠橛𩙍 máy quạt gió
[異]撅𢅅𦑗"
𢯔,quắt,"𢯔𨙍 quắt queo
𢯔徠 quắt lại
𤉗𢯔 héo quắt
𩈘𢯔 mặt quắt"
䠇,quặt,"䠇𢳙 quặt quẹo
𢯏䠇 bẻ quặt"
繘,quất,"繘檑 quất roi
𨒺繘 quanh quất"
槻,que,"槻檜 que củi
搝蘿𠀧槻 xỏ lá ba que"
𩱻,quẻ,"𩱻𧴤 quẻ bói
𠭤𩱻 giở quẻ"
㹟,qué,𪃿㹟 gà qué
𨆠,què,"𨆠蹎 què chân
𨆠䠇 què quặt
𨆠𡭕 què cụt"
㨯,quệch,㨯擭 quệch quạc
㨯,ngoạch,"㨯擭 ngoạch ngoạc
⇔㨯quệch"
㨯,nguếch,"㨯擭 nguếch ngoác
⇔㨯quệch"
㨯,nguệch,"㨯擭 nguệch ngoạc
⇔㨯quệch"
𤷄,quèn,𤷄𤷄 quèn quèn
𨙍,queo,"𢏣𨙍 cong queo
𩮔𨙍 quăn queo
[翻]"
𢳙,quẹo,"𢳙𦙶 quẹo cổ
𢳙𢬣債 quẹo tay trái"
抉,quẹt,"焰抉 diêm quẹt
撝抉 va quẹt
抉過抉徠 quẹt qua quẹt lại"
鴃,quẹt,𪀄鴃 chim quẹt
𢯵,quệt,"𢯵渃眜 quệt nước mắt
𫇿膏𢯵𠓨紙 thuốc cao quệt vào giấy"
龜,QUY,金龜 kim quy
詭,QUỶ,詭譎 quỷ quyệt
癸,QUÝ,"癸未 Quý Mùi
癸亥 Quý Hợi"
葵,QUỲ,"紙葵 giấy quỳ
花葵 hoa quỳ"
跪,QUỴ,"突跪 đột quỵ
跪累 quỵ luỵ
𨁟跪 ngã quỵ"
跪,quỳ,"跪𬺗 quỳ xuống
跪𨆝 quỳ gối"
娟,QUYÊN,嬋娟 thuyền quyên
倦,QUYỆN,"困倦 khốn quyện
歲𫅷飭倦 tuổi già sức quyện"
䊎,quyện,"和䊎 hoà quyện
𦄄䊎 quấn quyện
䊎𠓨僥 quyện vào nhau
蜜䊎𠓨箸 mật quyện vào đũa"
訣,QUYẾT,"口訣 khẩu quyết
秘訣 bí quyết"
𢷳,quýnh,𪜯𢷳 lính quýnh
𢵮,quýt,"𦄄𢵮 quấn quýt
[翻]"
𧷾,quỵt,咹𧷾 ăn quỵt
撾,quơ,"撾梞 quơ gậy
撾揆 quơ quậy
撾檜 quơ củi
氷撾 bâng quơ"
捰,quờ,捰挄 quờ quạng
𤄷,ra,"𠊛𤄷塸萊 người Ra Gơ-lai (Glai)
𡨸尼主要得使用抵翻音。䀡附錄。Chữnàychủyếuđượcsửdụngđểphiênâm.XemPhụlục.[翻]"
𤄷,rả,"𤄷嚦 rả rích
[翻]"
筥,rá,咖筥 cà rá
𦚐,rà,誺𦚐 rầy rà
𬓰,rạ,"稴𬓰 rơm rạ
𣩂如㧴𬓰 chết như ngả rạ
𡥵𬓰 con rạ"
𡃄,rai,"𢯦𡃄 lai rai
[翻]"
𤀕,ráy,"𤀕𦖻 ráy tai
𮇕𤀕 cứt ráy
𣳮𤀕 rửa ráy"
𫈨,ráy,"𧃷𫈨 khoai ráy
榘𫈨 củ ráy
𫈨𦬂 ráy ngót"
𣈙,rày,自𣈙𧗱𢖖󠄁 từ rày về sau
𣈙,rầy,
逨,rầy,"塘逨 đường rầy
[翻]()"
𧍍,rầy,"𡥵𧍍 con rầy
()"
諃,ràm,詌諃 càm ràm
𧓦,rạm,"𡥵𧓦 con rạm
𧓦垌 rạm đồng"
𦝃,rằm,"𣈜𦝃 ngày rằm
𦝄𦝃 trăng rằm"
稔,rấm,"稔𦰡 rấm na
稔荎 rấm chuối
稔𤇮 rấm bếp
稔𢲼 rấm rứt
稔𥟉𥞖 rấm thóc giống"
梣,rầm,𨑗梣茹 trên rầm nhà
𢬶,rẫm,攞𢬶 rà rẫm
灡,ran,"𩂐灡 râm ran
𩆐灡 sấm ran
[翻]"
灡,rân,"㖡灡 dạ rân
⇔灡ran"
炟,rán,"餅炟 bánh rán
𪃿炟 gà rán"
𢒞,rằn,𢒞𠶋 rằn ri
𠻤,rần,𠻤𠻤 rần rần
𧎠,rận,"𡥵𧎠 con rận
𧋺𧎠 chấy rận"
𧎠,dận,
烊,rang,"烊𤍇 rang nấu
烊𪉥 rang muối"
𠡧,ráng,𠡧飭 ráng sức
蓢,ráng,蔞蓢 rau ráng
𩅜,ráng,𩅜𣊿 ráng chiều
𫭧,rặng,"𫭧𣘃 rặng cây
𫭧𡶀 rặng núi"
𭩹,ranh,𭩹界 ranh giới
汫,rãnh,"汫渃 rãnh nước
𤀖汫 ngòi rãnh"
𨀼,rảo,𨀼𨀈 rảo bước
滛,rào,"洡過滛 lội qua rào
𩄎滛 mưa rào
滛滛 rào rào"
𰛴,rạo,"𰛴熤 rạo rực
洮𰛴 rệu rạo"
梍,rạo,"㨂梍 đóng rạo
㩒梍𡧲𤀖 cắm rạo giữa ngòi"
梍,rào,"梍梍 rào rạo
⇔梍rạo"
𢺎,rạp,𢺎𬺗 rạp xuống
𢺎,ráp,"𢺎𢺎 ráp rạp
⇔𢺎rạp"
𫁞,rắp,𫁞𭩹 rắp ranh
𫁞,rấp,"𫁞𡉦 rấp ngõ
𫁞塘 rấp đường
丐𫁞𤝞 cái rấp chuột
㵋頭𢆥㐌𫁞 mới đầu năm đã rấp"
𫁞,răm,"𫁞𫁞 răm rắp
⇔𫁞rắp"
𤌣,rát,"𤊡𤌣 bỏng rát
[翻]"
𤌣,ran,"𤌣𤌣 ran rát
⇔𤌣rát"
㗭,rắt,"瀻㗭 đái rắt
𠰉㗭 réo rắt"
㗭,giắt,"𠰉㗭 giéo giắt
⇔㗭rắt"
𮞿,rặt,"𢄂𮞿仍柑 chợ rặt những cam
吶𮞿㗂沔中 nói rặt tiếng miền Trung"
𠸫,ráu,𠸫𠸫 rau ráu
𠸫,rau,"𠸫𠸫 rau ráu
⇔𠸫ráu"
𱟓,rầu,𢞂𱟓 buồn rầu
𥗍,rè,"揬𥗍 rụt rè
[翻]"
𥘶,rẽ,"𢺹𥘶 chia rẽ
𥘶𩯀 rẽ tóc
塘𥘶 đường rẽ"
𣾸,rề,"𣾸攞 rề rà
𣾸𣾸 rề rề"
藶,rếch,"藶𧅫 rếch rác
疎藶 thưa rếch
[翻]"
簾,rèm,"簾𨷯 rèm cửa
[翻]"
𨅍,rén,蹾𨅍 rón rén
𨅍,nhén,"蹾𨅍 nhón nhén
⇔𨅍rén"
𨅍,ren,"𨅍𨅍 ren rén
⇔𨅍rén"
𫫣,rên,"𫫣𠯇 rên rỉ
𫫣切 rên siết"
𡃚,rền,"𠸨𡃚 láy rền
𡃚㘇 rền vang
𡃚㐶 rền rĩ
𩆐𡃚 sấm rền"
𠴔,rênh,
躐,rẹp,"躐𬺗 rẹp xuống
[翻]"
𧉼,rệp,𡥵𧉼 con rệp
𠺅,rẹt,"𠺅𠺅 rèn rẹt
[翻]"
𠺅,rèn,"𠺅𠺅 rèn rẹt
⇔𠺅rẹt"
𧏲,rết,"𡥵𧏲 con rết
𧋻𧏲 rắn rết
[異]𧎴"
𧏲,rít,
𧏲,tít,
𦼔,rêu,苳𦼔 rong rêu
洮,rệu,"𭬙洮 mục rệu
洮𰛴 rệu rạo
𬃻𣘃洮 trái cây rệu"
鴺,ri,𪃿鴺 gà ri
荑,rì,"踸荑 chậm rì
青荑 xanh rì
荑荑 rì rì"
㐶,rĩ,𱟓㐶 rầu rĩ
𩮭,ria,𩯁𩮭 râu ria
𠹼,rỉa,"𠹼𩽊 rỉa rói
𠹼𣯡 rỉa lông"
紒,rìa,"邊紒 bên rìa
𨗛紒 chầu rìa
外紒 ngoài rìa"
哋,rịa,鉢哋 bát rịa
𦵄,riềng,榘𦵄 củ riềng
燫,rim,"燫𬚸 rim thịt
[翻]"
湅,rịn,"湅蒲洃 rịn mồ hôi
𠯴湅 bịn rịn
[翻]"
揁,rinh,𢫝揁 rung rinh
珵,rỉnh,𬫉珵 rủng rỉnh
簝,riu,"簝簝 riu riu
𢩽簝扒𩹫 đẩy riu bắt tép"
𠲢,ríu,"𠮩𠲢 líu ríu
𠲢挒 ríu rít
[翻]"
𠠙,rìu,斧𠠙 búa rìu
𧀓,ró,𧀓𧀓 ro ró
𧀓,rú,"𡹃𧀓 rừng rú
𬨠𧀓劕檜 lên rú chặt củi"
𧀓,ro,"𧀓𧀓 ro ró
⇔𧀓ró"
𧀓,ru,"𧀓𧀓 ru rú
⇔𧀓rú"
𥱨,rọ,"𥱨𡂅 rọ mõm
𥱨𤞼 rọ lợn"
鱸,rô,"𩵜鱸 cá rô
()"
𦢞,rỗ,𩈘𦢞 mặt rỗ
𭍆,rộ,"𭍆𬨠 rộ lên
𦬑𭍆 nở rộ
𠽍𭍆 rầm (rần) rộ"
𠴊,rơ,"𠴊𡕩 Rơ Măm
[翻]"
𢵽,rớ,"拮𢵽 cất rớ
𢵽𦤾 rớ đến"
𢮑,róc,"𢮑𤿭 róc vỏ
𢮑𧛊 róc rách
[翻]"
轆,rọc,轆轆 ròng rọc
轆,ròng,"轆轆 ròng rọc
⇔轆rọc"
𪟆,rọc,𪟆紙 rọc giấy
逳,rốc,"打逳 đánh rốc
捁逳𠫾 kéo rốc đi"
蜟,rốc,羹𧍆蜟 canh cua rốc
淯,rộc,𬏇淯 ruộng rộc
𩽊,rói,"鮮𩽊 tươi rói
花菊鐄𩽊 hoa cúc vàng rói
𠃅𤬪𧹻𩽊 mái ngói đỏ rói"
燴,rọi,"燴畑 rọi đèn
照燴 chiếu rọi
燴𤏬 rọi sáng
𤐝燴 soi rọi
()"
𧐽,róm,螻𧐽 sâu róm
𧖐,rọm,螻𧖐 sâu rọm
𩫦,rôm,"𩫦𤄷 rôm rả
吶𩫦 nói rôm
[翻]"
𤼓,rôm,"𤼓𤵴 rôm sảy
粉𤼓 phấn rôm"
滲,rớm,滲滲 rơm rớm
滲,rơm,"滲滲 rơm rớm
⇔滲rớm"
滲,rươm,"滲滲 rươm rướm
⇔滲rướm"
滲,rướm,"滲𧖱 rướm máu
滲滲 rươm rướm
⇔滲rớm"
蹾,rón,"蹾𨅍 rón rén
[異]䠣"
蹾,nhón,"蹾𨅍 nhón nhén
⇔蹾rón"
𦠆,rốn,"丐𦠆 cái rốn
墫膮割𦠆 chôn rau cắt rốn
𱖗𦠆徠 ngồi rốn lại"
𦠆,đún,
𦠆,rún,
𦠆,tún,
苳,rong,苳𦼔 rong rêu
𨀐,rong,"喝𨀐 hát rong
𨀐𨔈 rong chơi
柜行𨀐 quầy hàng rong"
𠹍,rổng,𠹍𠹍 rông rổng
𠹍,rông,"𠹍𠹍 rông rổng
⇔𠹍rổng"
㗢,rống,𤙭㗢 bò rống
爉,rốp,"爉𤊡 rốp bỏng
[翻]"
㷝,rộp,䏧𤂧㷝 da phồng rộp
㷝,dộp,
㷝,giộp,
𩄓,rợp,"𩄓𣈖 rợp bóng
旗𧹻𩄓𡗶 cờ đỏ rợp trời"
𣹕,rót,"𣹕渃 rót nước
[翻]"
𤈠,rọt,炩𤈠 rành rọt
𡀿,rú,"𢜠𡀿 mừng rú
𤢿𡀿 sói rú"
㾄,rù,氍㾄 cù rù
揄,rũ,眷揄 quyến rũ
揄,dũ,"眷揄 quyến dũ
𣘃拂揄 cây phất dũ
⇔揄rũ"
俞,rua,鬚俞 tua rua
𦛗,rữa,"𭬙𦛗 mục rữa
𦛗捏 rữa nát
啐𦛗 thối rữa"
𨮌,rựa,"刀𨮌 dao rựa
特𨮌 đực rựa"
唷,rúc,"唷嚦 rúc rích
[翻]"
唷,rung,"唷唷 rung rúc
⇔唷rúc"
𪵫,rức,𪵫𪵫 rưng rức
𪵫,rưng,"𪵫𪵫 rưng rức
⇔𪵫rức"
榱,rui,榱𭩽 rui mè
藞,rụi,"殘藞 tàn rụi
𣘃藞 cây rụi
𪸔藞 cháy rụi"
揕,rúm,𢮩揕 co rúm
𠾣,rùm,"𠾣鋲 rùm beng
[翻]"
噋,rủn,"㤓噋 bủn rủn
噋志 rủn chí"
𬫉,rủng,𬫉珵 rủng rỉnh
佣,rúng,"被佣精神 bị rúng tinh thần
𱞁佣 rẻ rúng"
苚,rụng,"蘿苚 lá rụng
淶苚 rơi rụng
苚𨖨 rụng rời
[翻]"
𧌸,ruốc,"𧌸𬚸 ruốc thịt
𩻐𧌸 mắm ruốc"
𩧍,ruổi,𩧍馭 ruổi ngựa
𧋆,ruồi,"脺𧋆 nốt ruồi
𧋆青 ruồi xanh
螉𧋆 ong ruồi"
𢱓,rưới,𧛊𢱓 rách rưới
𪡍,rướn,"𪡍𬨠 rướn lên
𪡍𦙶 rướn cổ"
𢗆,rượn,𢗆𨔈 rượn chơi
拥,ruồng,拥𠬃 ruồng bỏ
𠳀,ruỗng,"𭬙𠳀 mục ruỗng
𠳀捏 ruỗng nát"
樑,rường,"𢶢樑 chống rường
茹樑 nhà rường
樑榾 rường cột"
𧺕,rượt,"𧺕蹺 rượt theo
𧺕仉𥌈 rượt kẻ trộm"
淖,rượt,淖淖 rườn rượt
淖,trát,"淖墻 trát tường
[翻]"
淖,rườn,"淖淖 rườn rượt
⇔淖rượt"
揬,rụt,揬𥗍 rụt rè
砂,SA,"朱砂 chu sa
丹砂 đan sa"
裟,SA,袈裟 cà sa
𦲺,sả,"蘿𦲺 lá sả
𦹯𦲺 cỏ sả"
𪀎,sả,𪀄𪀎 chim sả
𪮈,sả,"𪮈𬚸 sả thịt
𪮈荇 sả hành
蹉𪮈 sa sả"
咤,sã,咤𠼾 sã suồng
拃,sạ,拃穭 sạ lúa
𠲅,sạc,汴𠲅 bin (pin) sạc
嗇,SẮC,彼嗇斯豐 bỉ sắc tư phong
𪁅,sắc,𪀄𪁅 chim sắc
𡗂,sai,"𡗂果 sai quả
[翻][異]差"
庹,sải,"庹𢬣 sải tay
庹𦑃 sải cánh"
灑,SÁI,蕭灑 tiêu sái
灑,rợi,灑灑 rời rợi
灑,rời,"灑灑 rời rợi
⇔灑rợi"
𫪱,sái,"𫪱𢬣 sái tay
𫜵𫪱 làm sái
𫪱渃 sái nước"
𠇈,sãi,𠇈娓 sãi vãi
𢫟,sảy,"𬕌𢫟 sàng sảy
𢫟𥽌 sảy gạo"
𤵴,sảy,𤼓𤵴 rôm sảy
傞,sây,傞擦 sây sát
𫽎,sẩy,"𫽎蹎 sẩy chân
疏𫽎 sơ sẩy
𫽎胎 sẩy thai"
𤈇,sấy,"𤈇枯 sấy khô
𤈇𬚸 sấy thịt"
𣐴,sậy,"𣘃𣐴 cây sậy
𡓁𣐴 bãi sậy
蹎如䈵𣐴 chân như ống sậy"
杉,SAM,雲杉 vân sam
蔘,sam,蔞蔘 rau sam
𧑁,sam,"𡥵𧑁 con sam
脽𧑁 đuôi sam"
懺,SÁM,懺悔 sám hối
讒,SÀM,讒言 sàm ngôn
讒,gièm,讒𢯠 gièm pha
謲,sàm,謲𬾟 sàm sỡ
謲,sờm,"謲𬾟 sờm sỡ
⇔謲sàm"
謲,xàm,"謲𬾟 xàm xỡ
⇔謲sàm"
墋,săm,茹墋 nhà săm
𥊀,săm,"𥊀𤐝 săm soi
𥊀𫑺 săm sưa"
森,SÂM,"鄭森 Trịnh Sâm
森捠 sâm- banh (panh)"
森,xum,森𢯷 xum vầy
𩅙,sẩm,"𩅙𦭷 sẩm màu
𩅙𣋁 sẩm tối
𣞶𩅙 sến sẩm"
𩅙,sâm,"𩅙𩅙 sâm sẩm
⇔𩅙sẩm"
𩆐,sấm,𩆐𩅀 sấm chớp
讖,SẤM,讖傳 sấm truyền
岑,SẦM,"岑鬱 sầm uất
[翻]"
岑,sầm,"𣋁岑 tối sầm
[翻]"
岑,xầm,"𣋁岑 tối xầm
⇔岑sầm"
湛,sẫm,青湛 xanh sẫm
湛,sậm,"湛𦭷 sậm màu
𧹻湛 đỏ sậm"
汕,sán,"汕齋 Sán Chay
汕𢭼 Sán Dìu"
汕,sớn,汕槊 sớn sác
疝,sán,"病疝 bệnh sán
𧉙疝 giun sán"
赸,sán,赸徠 sán lại
棧,SẠN,客棧 khách sạn
𦼛,sắn,"勃𦼛 bột sắn
榘𦼛 củ sắn"
趁,sấn,趁擻 sấn sổ
莘,sần,"莘䏧 sần da
莘𥹯 sần sùi
𧃷莘 khoai sần
𡲫醜莘 vải xấu sần"
搶,SANG,搶奪 sang đoạt
爽,SẢNG,"爽快 sảng khoái
豪爽 hào sảng"
愴,sảng,"迷愴 mê sảng
吶愴 nói sảng"
牀,SÀNG,"臨牀 lâm sàng
龍牀 long sàng"
𠳹,sàng,𡂡𠳹 sỗ sàng
𠳹,xằng,"吶𠳹 nói xằng
擬𠳹 nghĩ xằng
𫜵𠳹 làm xằng
𠳹𫌶 xằng bậy"
𦼃,sắng,蔞𦼃 rau sắng
栍,sanh,𣘃栍 cây sanh
䲼,sảnh,𡥵䲼 con sảnh
廳,SẢNH,"廳堂 sảnh đường
大廳 đại sảnh"
炒,SAO,炒𫇿 sao thuốc
𣒲,sao,"𣘃𣒲 cây sao
[翻]"
套,SÁO,"客套 khách sáo
套語 sáo ngữ
句文套 câu văn sáo"
哨,SÁO,"哨𨱽 sáo dài
䈵哨 ống sáo"
𥱫,sáo,"𬌓𥱫 tấm sáo
幅𥱫 bức sáo"
𪄤,sáo,𪀄𪄤 chim sáo
巢,SÀO,"巢穴 sào huyệt
燕巢 yến sào
卵巢 noãn sào"
塙,sào,"𠬠塙 một sào
單位𢵋đơnvịđo"
謅,sạo,"吶謅 nói sạo
搐謅 sục sạo"
鮹,sạo,𩵜鮹 cá sạo
㯿,sạp,"丐㯿 cái sạp
㯿蔞 sạp rau"
䏠,sấp,"㑲䏠 nằm sấp
挹䏠 úp sấp
䏠紙 sấp giấy
䏠鉑 sấp bạc
䏠咍𡂂？ sấp hay ngửa?"
砬,sập,砬𥹯 sập sùi
剎,SÁT,"剎那 sát na
[翻]"
呹,sạt,"呹𡋿 sạt lở
呹業 sạt nghiệp"
瑟,SẮT,琴瑟 cầm sắt
瑟,săn,"瑟瑟 săn sắt
⇔瑟sắt"
栗,sật,栗栗 sần sật
栗,sần,"栗栗 sần sật
⇔栗sật"
栗,sừn,"栗栗 sừn sựt
⇔栗sựt"
栗,sựt,"栗栗 sừn sựt
⇔栗sật"
㮴,sấu,"𣘃㮴 cây sấu
[翻]"
茌,sè,"茌茌 sè sè
𨐮茌 cay sè
𭰪茌 sập sè"
茌,sê,侺茌 sum sê
茌,xè,𭰪茌 xập xè
茌,xuê,"侺茌 xum xuê
⇔茌sê"
䐭,sệ,䏶䐭 bệ sệ
䐭,xệ,
呎,séc,"𬌓呎 tấm séc
共和呎 Cộng hoà Séc
[翻]"
呎,sếch,
𤑯,sém,"𪸔𤑯 cháy sém
[翻]"
㦃,sẻn,"𠽮㦃 dè sẻn
㦃𬧺 sẻn so"
﨡,sên,𧎜﨡 ốc sên
𣞶,sến,"𣘃𣞶 cây sến
楛𣞶 gỗ sến
𣞶𩅙 sến sẩm
𣞶咵 sến súa"
浧,sềnh,"泠浧 lềnh sềnh
[翻]"
𡁼,sèo,㕭𡁼 eo sèo
𤵪,sẹo,𤵖𤵪 vết sẹo
𠊔,sếp,"𠊔據𢴉懷！ sếp cứ đùa hoài!
[翻]"
𩂶,sét,𩆐𩂶 sấm sét
䳂,sếu,"𪀄䳂 chim sếu
[翻]"
魑,SI,魑魅魍魎 si mị võng lượng
𬃗,si,"𣘃𬃗 cây si
[翻]"
𢱟,sỉ,𬥓𢱟 bán sỉ
𪐢,sì,黰𪐢 đen sì
𨇗,sịch,"脭𨇗 sình sịch
[翻]"
槮,sim,"𣘃槮 cây sim
[翻]"
逞,SÍNH,"逞外 sính ngoại
逞矯法 sính kiểu Pháp"
聘,SÍNH,聘禮 sính lễ
脭,sình,"脭䏾 sình bụng
脭𨇗 sình sịch"
𰈤,síp,
𬿺,sít,"𣃣𬿺 vừa sít
吀𬿺 sin sít
[翻]"
哳,sịt,泏哳 sụt sịt
哳,xịt,"𠰏哳 bom xịt
繿哳 xám xịt
[翻]"
𡦅,so,𡥵𡦅 con so
𨯃,sỏ,"頭𨯃 đầu sỏ
𨯃箭 sỏ tên
[異]𥐈𩖅"
𧎷,sò,𧎷蝶 sò điệp
𩪵,sọ,"𩪵𠊛 sọ người
匣𩪵 hộp sọ
()"
擻,sổ,"𨷯擻 cửa sổ
擻𠸜 sổ tên
𪀄擻籠 chim sổ lồng
句文被擻 câu văn bị sổ
()"
𢮀,sờ,𢮀𢺀 sờ mó
𢮀,rờ,
膗,soài,㳥膗 sóng soài
篡,SOÁN,"篡𡾵 soán ngôi
篡奪 soán đoạt
篡逆 soán nghịch"
篡,thoán,
𪮡,soạng,𢮀𪮡 sờ soạng
𥉮,sóc,"𢕸𥉮 săn sóc
𢟙𥉮 chăm sóc"
𪟄,sọc,𪟄𡲫 sọc vải
𪟄,sòng,"𪟄𪟄 sòng sọc
⇔𪟄sọc"
傗,sốc,𨠳傗 gây sốc
𩺯,sốc,𩵜𩺯 cá sốc
𤐝,soi,"𤐝𦎛 soi gương
𤐝燴 soi rọi
[翻]"
𪤠,soi,𪤠𣘛 soi dâu
㰁,sói,花㰁 hoa sói
𩯹,sói,𩯹頭 sói đầu
誄,sõi,吶誄 nói sõi
𩟬,sổi,咹𩟬 ăn sổi
𩟬,sồi,
𦆙,sồi,"襖𦆙 áo sồi
𡲫𦆙 vải sồi
𨷯楛𦆙 cửa gỗ sồi"
𤴶,sởi,病𤴶 bệnh sởi
攙,sóm,攙𤑯 sóm sém
攙,sọm,攙攙 sòm sọm
攙,sòm,"攙攙 sòm sọm
⇔攙sọm"
嚵,sòm,"喑嚵 om sòm
[翻]"
嚵,sùm,"喑嚵 um sùm
⇔嚵sòm"
侟,sòn,侟侟 sòn sòn
摌,sởn,"摌疏 sởn sơ
摌𩯀𬛑 sởn tóc gáy"
𦠳,sờn,"𦠳𧛊 sờn rách
𦠳𢚸 sờn lòng
𦠳志 sờn chí"
笙,song,笙鸞 song lang
𧄐,song,"𧦕𧄐 ghế song
()"
𩽧,song,"𩵜𩽧 cá song
()"
𦪃,sõng,隻𦪃 chiếc sõng
椶,sồng,"𣘃椶 cây sồng
𣘽椶 nâu sồng"
𣙫,sộp,"𣘃𣙫 cây sộp
[翻]"
𩻒,sộp,𩵜𩻒 cá sộp
箻,sọt,"丐箻 cái sọt
撣箻𥯌 đan sọt tre"
叱,sớt,叱𢺹 sớt chia
𰈸,sụ,"𫰅𰈸 to sụ
𢀭𰈸 giàu sụ
𰈸𰈸 sù sụ"
𰈸,sù,
獅,SƯ,"獅子 sư tử
海獅 hải sư"
樗,SƯ,樗樹 sư thụ
樗,xư,
𣐳,sứ,花𣐳 hoa sứ
咵,súa,𣞶咵 sến súa
咵,sụa,嗾咵 sặc sụa
𬄁,sưa,"楛𬄁 gỗ sưa
花𬄁 hoa sưa"
𧍇,sứa,"𡥵𧍇 con sứa
䭃𧍇 nộm sứa"
蓄,SÚC,蓄積 súc tích
㗜,súc,㗜𠰘 súc miệng
槒,súc,"槒紙 súc giấy
槒楛 súc gỗ
[翻]"
𠶗,sực,"𠶗𢖵 sực nhớ
𠶗擬𫥨 sực nghĩ ra"
𠶗,sừng,"𠶗𠶗 sừng sực
⇔𠶗sực"
𫗾,sực,"𫗾𱕔 sực nức
𦹳𫗾 thơm sực"
𡢽,sui,𡢽家 sui gia
櫑,sui,𣘃櫑 cây sui
㵽,sủi,"圓㵽 viên sủi
㵽渤 sủi bọt"
𥹯,sùi,"泏𥹯 sụt sùi
[翻]"
喘,suyển,衰喘 suy suyển
舛,suyễn,差舛 sai suyễn
侺,sum,"侺茌 sum sê
侺合 sum họp
[翻]"
侺,sùm,"侺叉 sùm sòa
[翻]"
侺,xum,"侺茌 xum xuê
⇔侺sum"
噀,sún,"噀𪘵 sún răng
[翻]"
𩪞,sụn,"𩩫𩪞 xương sụn
𩪞𠦻 sụn lưng"
充,SUNG,"充暢 sung sướng
補充 bổ sung
充滿 sung mãn
充飭 sung sức
[翻]"
𣑁,sung,𣘃𣑁 cây sung
寵,SỦNG,寵愛 sủng ái
寵,sổng,寵井 sổng sểnh
茺,súng,花茺 hoa súng
𣻢,sũng,"㲸𣻢 ướt sũng
𣻢渃 sũng nước"
𤷖,sưng,𤷖𤶈 sưng tấy
𦘹,sườn,𩩫𦘹 xương sườn
㤝,suông,"羹㤝 canh suông
許㤝 hứa suông"
𠼾,suồng,𠼾咤 suồng sã
孀,SƯƠNG,孀婦 sương phụ
𡒮,sướng,𡒮𥢂 sướng mạ
𪽄,sượng,𪽄崇 sượng sùng
𪽄,sường,"𪽄𪽄 sường sượng
⇔𪽄sượng"
𣻑,sướt,𣻑過 sướt qua
𣻑,sượt,𣻑𣻑 sườn sượt
𣻑,soài,"㳥𣻑 sõng soài
⇔𣻑sượt"
𣻑,sườn,"𣻑𣻑 sườn sượt
⇔𣻑sượt"
𣼳,súp,𣼳𭉪 súp đặc
𣼳,xúp,"𧙀𣼳 lúp xúp
𣼳笀𧍆 xúp măng cua
[翻]"
𠿰,sứt,"𠿰𠝫 sứt mẻ
[翻]"
叻,sựt,湛叻 sậm sựt
丑,SỬU,"𣇞丑 giờ Sửu
辛丑 Tân Sửu"
衺,tà,襖衺 áo tà
袏,tã,"袏紙 tã giấy
袏䘹 tã lót"
榭,TẠ,水榭 thuỷ tạ
藉,TẠ,狼藉 lang tạ
酢,TẠC,酬酢 thù tạc
鑿,TẠC,"𥱬鑿 ghi tạc
鑿像 tạc tượng"
鑿,táo,穿鑿 xuyên táo
稷,TẮC,社稷 xã tắc
𠷌,tặc,𠷌𦧜 tặc lưỡi
𡬷,tấc,"𠬠𡬷 một tấc
單位𢵋đơnvịđo"
碏,tách,碏茶 tách trà
哉,TAI,"善哉 thiện tai
[翻]"
栽,TÀI,栽培 tài bồi
舵,tài,舵車 tài-xế
𭠣,táy,𭠣𢵯 táy máy
𤶈,tấy,𤷖𤶈 sưng tấy
糝,tám,𥽌糝 gạo tám
蠶,tằm,"𣘛蠶 dâu tằm
()"
寢,TẨM,"陵寢 lăng tẩm
寢室 tẩm thất"
𬌓,tấm,"𬌓𢚸 tấm lòng
𬌓𦎛 tấm gương
𬌓板 tấm ván
𬌓則 tấm tắc
𬌓𠺒 tấm tức"
傘,TẢN,𡶀傘圓 núi Tản Viên
傘,TÁN,傘𣘃 tán cây
傘,tàn,傘𢃈 tàn lọng
拶,tán,拶頭釘 tán đầu đinh
㳯,tăn,蹸㳯 lăn tăn
辛,TÂN,辛苦 tân khổ
檳,TÂN,檳榔 tân lang
燖,tần,𪃿燖 gà tần
𡡑,tằng,𡡑娋 tằng tịu
啨,tành,散啨 tan tành
𩄳,tạnh,𩄳𣋝 tạnh ráo
𠋺,tao,𠋥𠋺 mày tao
𠋺,tau,
臊,TAO,腥臊 tanh tao
糟,TAO,糟糠 tao khang
早,TẢO,早婚 tảo hôn
掃,TẢO,掃墓 tảo mộ
藻,TẢO,"蘋藻 tần tảo
藻𦀵 tảo xoắn
藻𧹻 tảo đỏ"
棗,TÁO,棗西 táo tây
咂,táp,"雹咂 bão táp
[翻]"
雜,TẠP,"複雜 phức tạp
雜誌 tạp chí
混雜 hỗn tạp
雜技 tạp kĩ"
雜,tượp,雜雜 tườm tượp
雜,tườm,"雜雜 tườm tượp
⇔雜tượp"
𠍱,tắp,"賒𠍱 xa tắp
𣦎𠍱 thẳng tắp
𫜵𠍱 làm tắp
𠍱𠓨茹 tắp vào nhà"
𠍱,tăm,"𠍱𠍱 tăm tắp
⇔𠍱tắp"
撒,tát,撒渃 tát nước
𢹵,tạt,"𢹵𠓨 tạt vào
𢹵𨖅邊債 tạt sang bên trái
𢹵𧗱探茹 tạt về thăm nhà"
必,TẤT,"必然 tất nhiên
必要 tất yếu
不必 bất tất
何必 hà tất"
畢,TẤT,"完畢 hoàn tất
畢力 tất lực"
膝,tất,"蔽膝 bít tất
裊得使用如𠬠詞獨立、得𢪏𱺵「韠tất」；裊得使用如詞𢯖、得𢪏𱺵「蔽膝bíttất」。Nếuđượcsửdụngnhưmộttừđộclập,đượcviếtlà""韠tất"";nếuđượcsửdụngnhưtừghép,đượcviếtlà""蔽膝bíttất""."
蒺,TẬT,蒺藜 tật lê
嫉,TẬT,嫉妒 tật đố
走,TẨU,"走馬 tẩu mã
奔走 bôn tẩu
行走 hành tẩu
逃走 đào tẩu"
𧷹,tậu,"𧷹茹 tậu nhà
𧷹車 tậu xe"
呞,te,"𧼋呞 chạy te
呞鬚 te tua
𠻗呞 le te
襖㐌呞於𦠘 áo đã te ở vai"
𢗽,tẻ,"𢗽𠖯 tẻ ngắt
𢞂𢗽 buồn tẻ
𢗽溂 tẻ nhạt"
𪷗,tè,瀻𪷗 đái tè
樨,TÊ,木樨 mộc tê
宰,TỂ,"宰相 tể tướng
屠宰 đồ tể"
細,TẾ,"仔細 tử tế
細膩 tế nhị
細胞 tế bào
精細 tinh tế"
細,tỉ,"細美 tỉ mỉ
細犀 tỉ tê"
齊,TỀ,"一齊 nhất tề
整齊 chỉnh tề"
齊,tày,"齊𡗶 tày trời
齊霆 tày đình
𠊛齊 người Tày"
齊,tề,"破齊 phá tề
儕齊 tê tề"
劑,TỄ,"𫇿劑 thuốc tễ
㕵𠬠劑𫇿 uống một tễ thuốc"
幣,TỆ,"外幣 ngoại tệ
錢幣 tiền tệ"
唶,tếch,"𣘃唶 cây tếch
唶𠫾𠅒 tếch đi mất
[翻]"
𣑷,tem,"噚𣑷 tòm tem
𣑷票 tem phiếu
[翻]"
𢬅,têm,𢬅𦺓 têm trầu
鎆,ten,"鎆銅 ten đồng
存鎆 tòn ten"
𢤣,tẽn,𢤣𭇓 tẽn tò
惺,tênh,"惺亨 tênh hênh
[翻]"
𢜫,tểnh,漝𢜫 tấp tểnh
悄,teo,"咏悄 vắng teo
悄𡮈 teo nhỏ
[翻]"
𦅃,tèo,繚𦅃 lèo tèo
俏,tẹo,"子俏 tí tẹo
咹俏 ăn tẹo
瞭俏 lẹo tẹo"
浹,tép,"𠬠浹蒜 một tép tỏi
𦚗浹 tóp tép"
浹,tem,"浹浹 tem tép
⇔浹tép"
𩹫,tép,"𩵽𩹫 tôm tép
[翻]"
𣜿,tệp,𣜿信 tệp tin
緤,tết,"緤𩯀 tết tóc
[翻]"
妣,TỈ,先妣 tiên tỉ
璽,TỈ,玉璽 ngọc tỉ
枇,TÌ,枇杷 tì bà
婢,TÌ,婢女 tì nữ
琵,TÌ,琵琶 tì bà
貔,TÌ,貔貅 tì hưu
巳,TỊ,"𣇞巳 giờ Tị
乙巳 Ất Tị"
避,TỊ,避難 tị nạn
𢲟,tỉa,"𢲟䢕 tỉa tót
𢏑𢲟 bắn tỉa
𣑺𢲟 trồng tỉa"
爹,tía,爹媽 tía má
辟,TỊCH,辟穀 tịch cốc
辟,vếch,"辟𬨠 vếch lên
[翻]"
僭,TIẾM,"僭𡾵 tiếm ngôi
僭權 tiếm quyền"
𤍖,tiềm,𤍖𩿠 tiềm vịt
箋,TIÊN,紙花箋 giấy hoa tiên
踐,TIỄN,寔踐 thực tiễn
蕉,TIẾP,士燮 Sĩ Tiếp
蕉,NHIẾP,"士燮 Sĩ Nhiếp
申文燮 Thân Văn Nhiếp
⇔燮tiếp"
蕉,TIÊU,荎蕉 chuối tiêu
簫,TIÊU,𠺙簫 thổi tiêu
笑,TIẾU,"笑林 tiếu lâm
含笑 hàm tiếu
談笑 đàm tiếu"
憔,TIỀU,憔悴 tiều tuỵ
樵,TIỀU,樵夫 tiều phu
剿,TIỄU,剿除 tiễu trừ
剿,tĩu,俗剿 tục tĩu
噆,tỉm,𠸬噆 tủm tỉm
旌,TINH,旌旗 tinh kì
𠐉,típ,"模𠐉 mô-típ
[翻]"
𠾼,tịt,"霧𠾼 mù tịt
𠾼𣰏 tịt ngòi"
鐎,tiu,"鐎鐛 tiu cảnh
鐎憢 tiu nghỉu"
嘬,tíu,"嘬㘉 tíu tít
[翻]"
娋,tịu,𡡑娋 tằng tịu
𧔋,tò,𧔋虶 tò vò
𭇓,tò,𭇓摸 tò mò
租,TÔ,地租 địa tô
𩘣,tố,𩘪𩘣 dông tố
徂,tồ,徂徂 tồ tồ
徂,trồ,"沈徂 trầm trồ
[翻]"
媤,tơ,"𤳆媤 trai tơ
𡛔媤 gái tơ
媤想 tơ tưởng
媤𢠩 tơ mơ"
汓,tở,"汓𢲫 tở mở
汓𥾘 tở sợi
嗏汓 Chà Tở"
唆,toa,唆𫇿 toa thuốc
嚄,toác,"嚄嚯 toác hoác
嚄𫥨 toác ra
扯嚄 xé toác
𢯙嚄 chẻ toác
𧛊嚄 rách toác
𫫥嚄 toang toác"
劐,toạc,"扯劐 xé toạc
吶劐 nói toạc
劐𫥨 toạc ra"
狻,TOAN,狻猊 toan nghê
𦀷,toan,𡲫𦀷 vải toan
酸,TOAN,"渃強酸 nước cường toan
胃酸 vị toan"
瓚,TOẢN,蔡文瓚 Thái Văn Toản
纘,TOẢN,"阮光纘 Nguyễn Quang Toản
武長纘 Võ Trường Toản"
𡁧,toáng,"吶𡁧 nói toáng
囉𡁧 latoáng
𠯽𡁧𪥘󠄁𬨠 chửi toáng cả lên"
䢨,toàng,"𫟧䢨 tuềnh toàng
荒䢨 hoang toàng
𰺽䢨 loang toàng"
臧,toạng,三臧 tam toạng
撮,toát,"𠬠撮 một toát
單位𢵋đơnvịđo"
撮,tòi,尋撮 tìm tòi
謖,tốc,謖𧜖𨇸𧻭 tốc chăn chồm dậy
䏴,toe,"䏴𠽌 toe toét
䏴𠰘唭 toe miệng cười"
𤂭,toé,縱𤂭 tung toé
𠽌,toét,"𠽌𠰘 toét miệng
咾𠽌 láo toét
𠽌𠲣 toét hoét
䏴𠽌 toe toét"
𥊴,toét,"𥊴眜 toét mắt
𥊴𣲹 toét nhèm"
𤻒,toi,"𠅒𤻒 mất toi
𣩂𤻒 chết toi
𤻒命 toi mạng"
蒜,tỏi,"蒜西 tỏi tây
莖蒜 hành tỏi"
綷,tói,"䋘綷 lòi tói
[翻]"
噚,tòm,噚𣑷 tòm tem
𠺸,tõm,淶𠺸𬺗坳 rơi tõm xuống ao
𠺸,tũm,𠺸𠺸 tùm tũm
𠺸,tùm,
噂,ton,"㖮噂 lon ton
噂𧩓 ton hót"
巽,TỐN,卦巽 quái Tốn
遜,TỐN,"謙遜 khiêm tốn
慈遜 từ tốn"
𢣺,tợn,"躁𢣺 táo tợn
㺞𢣺 dữ tợn
咹𢣺 ăn tợn"
淙,tong,"𤷍淙 gầy tong
瘖淙 ốm tong
淙𪭥 tong tả
儱淙 long tong"
淙,tỏng,淙淙 tong tỏng
𢮱,tông,被車𢮱 bị xe tông
綜,TỔNG,綜合 tổng hợp
宋,TỐNG,𣱆宋 họ Tống
𦚗,tóp,"𦚗𦝺 tóp mỡ
𦚗浹 tóp tép
𢺹𫥨層𦚗 chia ra từng tóp"
𠇽,tốp,"層𠇽 từng tốp
𠬠𠇽 một tốp
[翻]"
㗱,tợp,㗱𨢇 tợp rượu
䢕,tót,"𬦮䢕 nhảy tót
𤙭䢕 bò tót
𧼋䢕𧗱茹 chạy tót về nhà"
𨃍,tọt,"𧼋𨃍 chạy tọt
𠬃𨃍𠓨𠰘 bỏ tọt vào miệng"
饈,TU,珍饈 trân tu
鬚,TU,觸鬚 xúc tu
鬚,tua,"鬚墨 tua mực
鬚畑籠 tua đèn lồng"
𭉫,tu,"𭉫𠳑𠳑 tu ừng ực
𪀄𭉫吁 chim tu hú"
袖,TỤ,領袖 lãnh tụ
諮,TƯ,"通諮 thông tư
諮問 tư vấn"
仔,TỬ,仔細 tử tế
須,tua,"須𠡚飭 tua gắng sức
須𡨺𢷹 tua giữ gìn
須遊歷 tua du lịch
須𠯴 tua-bin"
溑,tủa,"溑𫥨 tủa ra
蜆𥒮坥溑𬨢𡑝 kiến vỡ tổ tủa khắp sân"
溑,tua,"溑溑 tua tủa
⇔溑tủa"
戌,TUẤT,"𣇞戌 giờ Tuất
戊戌 Mậu Tuất"
恤,TUẤT,死恤 tử tuất
粟,TÚC,罌粟 anh túc
肅,TÚC,嚴肅 nghiêm túc
𠸘,tục,𪃿叫𠸘𠸘 gà kêu tục tục
息,TỨC,"信息 tin tức
利息 lợi tức
[翻]"
慧,TUỆ,"慧眼 tuệ nhãn
智慧 trí tuệ"
𠻊,tuệch,𠻊劐 tuệch toạc
𫟧,tuềnh,𫟧䢨 tuềnh toàng
髓,TUỶ,"髓𩩖 tuỷ sống
腛髓 óc tuỷ"
悴,TUỴ,憔悴 tiều tuỵ
雋,TUYỂN,雋永 tuyển vĩnh
腺,TUYẾN,腺淚 tuyến lệ
泉,TUYỀN,"九泉 cửu tuyền
黃泉 hoàng tuyền"
𠸬,tủm,𠸬噆 tủm tỉm
𥳍,tùm,"𥳍𥵗 tùm hum
𠽛𥳍 um tùm
[翻]"
𥯓,tụm,"𥯓𠄼𥯓𠀧 túm năm tụm ba
𱖗𥯓徠𠬠𡊲 ngồi tụm lại một chỗ"
𥯓,túm,
澊,tun,"澊唿 tun hút
[翻]"
繜,tủn,繜𫃐 tủn mủn
噌,tung,叫噌噌 kêu tung tung
𡾼,TỦNG,阮福寶𡾼 Nguyễn Phúc Bửu Tủng
雀,TƯỚC,"孔雀 khổng tước
朱雀 Chu Tước"
雀,chược,麻雀 mạt chược
葃,tược,"園葃 vườn tược
𠛌䒹䄧葃 đâm chồi nảy tược"
𣻆,tuôn,"𣻆淶 tuôn rơi
𣻆潮 tuôn trào"
踆,tuồn,"踆𠫾 tuồn đi
踆器械 tuồn khí giới"
𡀢,tuông,"𡀢𠓨 tuông vào
慳𡀢 ghen tuông"
薔,TƯỜNG,花薔薇 hoa tường vi
匠,TƯỢNG,匠手 tượng thủ
剟,tuốt,"剟穭 tuốt lúa
剟𦂻 tuốt luốt
別剟 biết tuốt"
剟,tuột,剟剟 tuốt tuột
𨀞,tuột,"橋𨀞 cầu tuột
𣹗𨀞 trơn tuột
𨀞𬺗 tuột xuống
𨀞𨀞 tuồn tuột"
𨀞,tuồn,"𨀞𨀞 tuồn tuột
⇔𨀞tuột"
𦭧,túp,"𦭧寮 túp lều
[翻]"
酒,TỬU,"酒色 tửu sắc
酒館 tửu quán
藥酒 dược tửu
酌酒 chước tửu"
𦚈,thạch,𦚈蔞俱 thạch rau câu
蔡,THÁI,蔡文瓚 Thái Văn Toản
䓱,thài,䓱𦲒 thài lài
㕧,thây,"…低㕧 ...đây thây
[翻]"
嗿,thàm,嗿𫜵 thàm làm
瀋,thẳm,"漊瀋 sâu thẳm
淢瀋 vực thẳm
瀋瀋 thăm thẳm
[翻]"
瀋,thăm,"瀋瀋 thăm thẳm
⇔瀋thẳm[翻]"
𰃀,thẫm,"𧹻𰃀 đỏ thẫm
青𰃀 xanh thẫm
襖𰃀仍蒲洃 áo thẫm những mồ hôi"
甚,THẬM,"甚弊 thậm tệ
甚稱 thậm xưng
甚至 thậm chí
甚無理 thậm vô lí"
坍,than,"𠬠坍 một than
單位𢵋đơnvịđo"
𡁟,thắn,𣦎𡁟 thẳng thắn
蜄,thằn,蜄䗲 thằn lằn
訠,thẩn,詩訠 thơ thẩn
矧,thẫn,矧悇 thẫn thờ
慎,THẬN,"謹慎 cẩn thận
慎重 thận trọng"
湯,THANG,𠬠湯𫇿 một thang thuốc
湯,thang,"𨄂湯 lang thang
㘉空湯 tít cung thang"
倉,THẢNG,倉猝 thảng thốt
儻,THẢNG,倜儻 thích thảng
溗,thắng,溗渃行 thắng nước hàng
騬,thắng,騬鞍朱馭 thắng yên cho ngựa
錆,thanh,錆鎌 thanh gươm
鐋,THANH,鐋鑼 thanh la
絛,THAO,𥶄𬗜絛 nón quai thao
傠,thảo,"孝傠 hiếu thảo
傠賢 thảo hiền
傠敬仛媄 thảo kính cha mẹ"
繰,thạo,"成繰 thành thạo
通繰 thông thạo
繰藝 thạo nghề"
𤏧,thắp,"𤏧畑 thắp đèn
𤏧香 thắp hương
𤏧𤏬約𢠩 thắp sáng ước mơ"
拾,THẬP,收拾 thu thập
拾,thập,拾𢲬 thập thò
拾,thụp,拾拾 thùm thụp
拾,thùm,"拾拾 thùm thụp
⇔拾thụp"
獺,THÁT,水獺 thuỷ thát
獺,rái,"𡥵獺 con rái
獺𩵜 rái cá
[異]𤠹"
獺,tấy,
闥,THÁT,乾闥婆 Càn Thát Bà
韃,THÁT,韃靼 Thát Đát
鍮,thau,鎫鍮 mâm thau
艸,tháu,𢪏艸 viết tháu
艸,thau,"艸艸 thau tháu
⇔艸tháu"
𫫟,thâu,"𫫟𣎀 thâu đêm
𫫟縿 thâu tóm
[異]輸偷"
絁,the,"𡲫絁 vải the
房絁 phòng the
焊絁 hàn the
絁𤿭𣞻 the vỏ bưởi
[異]𦂛"
𥮋,thẻ,𥮋生員 thẻ sinh viên
呭,thé,呭呭 the thé
呭,the,"呭呭 the thé
⇔呭thé"
𪮛,thè,"𪮛嚟 thè lè
𪮛𦧜 thè lưỡi"
妻,THÊ,"婚妻 hôn thê
夫妻 phu thê
妻子 thê tử
妻妾 thê thiếp
未婚妻 vị hôn thê"
妻,xê,餅夫妻 bánh xu xê
淒,THÊ,"淒涼 thê lương
淒慘 thê thảm
𠠍淒 lê thê"
𩻔,thệ,𩵜𩻔 cá thệ
逖,thếch,"𨘸逖 lếch thếch
[翻]"
㙴,thềm,㙴陸地 thềm lục địa
杄,then,"杄𢱝 then chốt
[翻]"
杄,thẻn,"𠊛琶杄 người Bà (Pà) Thẻn
𡨸尼得讀如格發音尼只𥪝名詞𥢆尼。Chữnàyđượcđọcnhưcáchphátâmnàychỉtrongdanhtừriêngnày.[翻]"
膳,thện,𦛻膳 thỗn thện
膳,thễn,"𦛻膳 thỗn thễn
⇔膳thện"
𢉑,thênh,"𢉑湯 thênh thang
[翻]"
𠻥,thẹo,捅𠻥 thõng thẹo
𨥔,thếp,𨥔鐄 thếp vàng
絩,thêu,"絩𦂾 thêu dệt
椖絩 buồng thêu
[翻]"
吵,thểu,失吵 thất thểu
吵,thỉu,"𣵲吵 bẩn thỉu
[翻]"
𠻩,thều,𠻩㗖 thều thào
蒔,THÌ,蒔蘿 thì là
柿,THỊ,果柿 quả thị
嗜,THỊ,"嗜欲 thị dục
嗜好 thị hiếu"
捿,thia,"揇捿攡 ném thia lia
𩵜捿攡 cá thia lia"
刺,THÍCH,"刺客 thích khách
激刺 kích thích"
刺,THỨ,刺史 thứ sử
刺,chích,"刺針 chích kim
刺𫇿 chích thuốc
𠝻刺 châm chích"
倜,THÍCH,倜儻 thích thảng
槭,thích,𣘃槭 cây thích
磩,thịch,磩磩 thình thịch
磩,thình,"磩磩 thình thịch
⇔磩thịch"
僉,THIÊM,僉事 thiêm sự
蟾,THIỀM,蟾蜍 thiềm thừ
擅,THIỆN,擅權 thiện quyền
舌,THIỆT,舌戰 thiệt chiến
韶,THIỀU,"國韶 quốc thiều
阮嘉韶 Nguyễn Gia Thiều"
韶,thèo,韶表 thèo bẻo
鮉,thiều,𩵜鮉 cá thiều
嬸,thím,"注嬸 chú thím
[翻]"
𥺒,thính,"𩻐𥺒 mắm thính
抯𥺒 thả thính"
𥓉,thình,𥓉𥘃 thình lình
𢗠,thít,"𢗠𢗠 thin thít
𠴫𢗠 thút thít
𢗠𢗠 thít thít"
𢗠,thin,"𢗠𢗠 thin thít
⇔𢗠thít"
𰟞,thiu,"𦞏𰟞 ôi thiu
𬚸𰟞 thịt thiu"
湫,tho,"美湫 Mĩ (Mỹ) Tho
[翻]"
𢯂,thó,打𢯂 đánh thó
𡓠,thó,"𡐙𡓠 đất thó
𡮈𡓠 nhỏ thó"
𢲬,thò,拾𢲬 thập thò
措,THỐ,失措 thất thố
𬁼,thớ,"𬁼𬚸 thớ thịt
𬁼楛 thớ gỗ"
釵,THOA,金釵 kim thoa
𠶤,thoắng,"吶𠶤 nói thoắng
嗹𠶤 liến thoắng"
𨁑,thoắt,"𨁑𨁑 thoăn thoắt
沁𨁑 thấm thoắt
𨁑吶𨁑唭 thoắt nói thoắt cười"
𨁑,thoăn,"𨁑𨁑 thoăn thoắt
⇔𨁑thoắt"
𢬳,thọc,"𢬳脈 thọc mạch
𢬳梞餅車 thọc gậy bánh xe"
𬨩,thốc,"𧼋𬨩 chạy thốc
𠷀𬨩𠷀𢳥 nôn thốc nôn tháo"
鋑,thỏi,"鋑鐄 thỏi vàng
鋑銅 thỏi đồng"
嗺,thòi,"折嗺 thiệt thòi
嗺𦛌𫥨外 thòi ruột ra ngoài"
㖭,thỏm,"忑㖭 thắc thỏm
隰㖭 thấp thỏm"
㖭,thom,"㖭㖭 thom thỏm
⇔㖭thỏm"
啿,thòm,"啿饞 thòm thèm
[翻]"
偡,thồm,偡藍 thồm lồm
𠴘,thon,"𠴘𠴘 thon thon
𢬣𠴘 tay thon
𠴘袞 thon gọn
𠴘抯 thon thả"
忖,thổn,忖𥅞 thổn thức
寸,THỐN,"少寸 thiếu thốn
[翻]"
𦛻,thỗn,𦛻膳 thỗn thện
鱓,thờn,鱓𩺡 thờn bơn
𦄷,thòng,"挵𦄷 lòng thòng
絏𦄷挵 dây thòng lòng"
埇,thõng,丐埇 cái thõng
捅,thõng,"捹捅 buông thõng
𱖗𨑗𣘃捅蹎 ngồi trên cây thõng chân"
𡎭,thống,丐𡎭 cái thống
𡀾,thóp,"梭𡀾 thoi thóp
[翻]"
𡀾,thom,"𡀾𡀾 thom thóp
⇔𡀾thóp"
𪷄,thót,𬉊𪷄 thánh thót
𪷄,thon,"𪷄𪷄 thon thót
⇔𪷄thót"
𡁾,thọt,時𡁾 thì thọt
𣘄,thớt,"丐𣘄 cái thớt
𣘄採蔞 thớt thái rau
疎𣘄 thưa thớt"
𣘄,thơn,"𣘄𣘄 thơn thớt
⇔𣘄thớt"
𩷊,thu,𩵜𩷊 cá thu
戍,THÚ,𪜯戍 lính thú
茱,THÙ,茱萸 thù du
茱,thù,茱瀘 thù lù
售,THỤ,銷售 tiêu thụ
疽,THƯ,癰疽 ung thư
恕,THỨ,"赦恕 tha thứ
寬恕 khoan thứ"
𤶠,thừ,"𡃖𤶠 lừ thừ
𤶠𠊛 thừ người"
蜍,THỪ,蟾蜍 thiềm thừ
署,THỰ,"公署 công thự
營署 dinh thự"
墅,THỰ,別墅 biệt thự
竣,THUÂN,阮文竣 Nguyễn Văn Thuân
叔,THÚC,英㛪叔伯 anh em thúc bá
淑,THỤC,"阮氏賢淑 Nguyễn Thị Hiền Thục
阮福淑姿 Nguyễn Phúc Thục Tư"
蜀,THỤC,蜀泮 Thục Phán
植,THỰC,植物 thực vật
煺,thui,"黰煺 đen thui
煺炪 thui đốt
煺𥈳 thui chột"
蹆,thủi,"𨇒蹆 lủi thủi
蹆蹆 thui thủi
[翻]"
蹆,thui,"蹆蹆 thui thủi
⇔蹆thủi[翻]"
翠,THUÝ,"翡翠 phỉ thuý
翠翹 Thuý Kiều"
邃,THUÝ,深邃 thâm thuý
陲,THUỲ,邊陲 biên thuỳ
謚,THUỴ,"𠸜謚 tên thuỵ
謚號 thuỵ hiệu"
栓,THUYÊN,栓塞 thuyên tắc
詮,THUYÊN,"詮解 thuyên giải
詮釋 thuyên thích"
銓,THUYÊN,"銓選 thuyên tuyển
銓轉 thuyên chuyển"
鐫,THUYÊN,"鐫罰 thuyên phạt
鐫級thuyên cấp
鐫汰 thuyên thải
鐫黜 thuyên truất"
嬋,THUYỀN,𡛔嬋娟 gái thuyền quyên
𡂹,thủm,𡂹𡂹 thum thủm
𡂹,thum,"𡂹𡂹 thum thủm
⇔𡂹thủm"
𦀹,thun,"絏𦀹 dây thun
𦀹徠 thun lại"
𦀹,chun,
舂,thung,舂壟 thung lũng
樁,THUNG,"樁萱 thung huyên
[翻]"
𥴗,thúng,"𥶄𥴗 nón thúng
鑅𥴗 vành thúng
𥴗𥶃 thúng mủng"
腫,THŨNG,"腫𦟽 thũng mật
腫紹 thũng thịu"
腫,sũng,臃腫 ủng sũng
𬗝,thụng,"襖𬗝 áo thụng
弄𬗝 lụng thụng"
鑠,THƯỚC,矍鑠 quắc thước
芍,THƯỢC,芍藥 thược dược
愖,thuộm,懢愖 luộm thuộm
悛,thuôn,"悛黹 thuôn chỉ
悛𨱽 thuôn dài
悛突 thuôn đuột"
𢠆,thuồng,饞𢠆 thèm thuồng
𧐺,thuồng,𧐺蠬 thuồng luồng
嘗,THƯỜNG,孟嘗君 mạnh thường quân
償,THƯỜNG,賠償 bồi thường
𤃧,thướt,𤃧他 thướt tha
絬,thượt,絬絬 thườn thượt
絬,thườn,"絬絬 thườn thượt
⇔絬thượt"
𠴫,thút,"𠴫𠓨 thút vào
𠴫𨨷 thút nút
𠴫𢗠 thút thít"
楂,TRA,山楂 sơn tra
𪁳,trả,𪀄𪁳 chim trả
卓,TRÁC,"卓絕 trác tuyệt
卓越 trác việt
[翻]"
斲,TRÁC,斲喪 trác táng
𥭌,trạc,丐𥭌 cái trạc
濯,trạc,"濯度 trạc độ
濯歲 trạc tuổi"
仄,TRẮC,"平仄 bằng trắc
仄阻 trắc trở
仄𢟗 trắc nết
築仄 trúc trắc"
惻,TRẮC,惻隱 trắc ẩn
𣖡,trắc,"𣘃𣖡 cây trắc
楛𣖡 gỗ trắc"
垞,trách,丐垞 cái trách
宅,TRẠCH,鎮宅 trấn trạch
擇,TRẠCH,選擇 tuyển trạch
𬃻,trái,"𬃻𡐙 Trái Đất
𬃻𣘃 trái cây
𬃻心 trái tim"
𬃻,dái,"𬃻𦖻 dái tai
⇔𬃻trái"
𬃻,lái,
𪡊,trại,吶𪡊 nói trại
𫪦,trây,"吶𫪦 nói trây
𫪦𧴱 trây nợ"
𢭺,trẩy,"𢭺槹 trẩy cau
𢭺茄 trẩy cà"
𥙒,trẩy,𠫾𥙒會 đi trẩy hội
摨,trầy,"摨秩 trầy trật
摨䏧 trầy da"
摨,sầy,
蘸,trám,"蘸船 trám thuyền
蘸𠬠丐𡓇 trám một cái lỗ"
蘸,trém,簪蘸 tróm trém
𩼤,trám,𩵜𩼤 cá trám
欖,trám,"𣘃欖 cây trám
果欖 quả trám"
𣠩,tràm,"𣘃𣠩 cây tràm
菍𣠩 nấm tràm"
𤓆,tràm,焒𤓆 lửa tràm
簪,TRÂM,掑簪 cài trâm
簪,tróm,簪蘸 tróm trém
𣠱,trâm,"𣘃𣠱 cây trâm
𣠱匏 trâm bầu
𣠱𡉿 trâm mốc"
朕,TRẪM,"朕𱺵𠊛勢𱜢、𦓡命𡗶𢭂朱職帝王？ Trẫm là người thế nào, mà mệnh trời trao cho chức Đế Vương?"
螓,trăn,𡥵螓 con trăn
瞋,TRÂN,瞋瞋 trân trân
瞋,trâng,瞋𥋽 trâng tráo
𧛇,tràng,𧛇襖 tràng áo
撞,tràng,𡥵馭尼𧼋咍撞 con ngựa này chạy hay trang
箏,TRANH,彈箏 đàn tranh
啅,tráo,咷啅 trếu tráo
啅,trạo,咷啅 trệu trạo
啅,xược,溷啅 hỗn xược
匧,tráp,"丐匧 cái tráp
匧楛 tráp gỗ
[翻]"
札,TRÁT,"札扒 trát bắt
札𠾕 trát đòi"
秩,TRẬT,"秩序 trật tự
秩加三級 trật gia tam cấp
[翻]"
秩,trật,"秩餅 trật bánh
秩㗚 trật lất
秩傽 trật trưỡng
秩咷 trật trệu
秩茶秩傽 trật trà trật trưỡng
[翻]"
𠶠,trẹ,住𠶠 trọ trẹ
𩵾,trê,"𩵜𩵾 cá trê
[異]𩸴"
滯,TRỆ,"停滯 đình trệ
遲滯 trì trệ"
怗,trèm,"憯怗 tròm trèm
[翻]"
𠰪,trếnh,𥧪𠰪 trống trếnh
𠰪,chếnh,
𧾿,tréo,"𨅸𧾿蹎 đứng tréo chân
咮𧾿 tru tréo"
𨀽,trẹo,𨀽住 trẹo trọ
𨀽,trèo,"𨀽𨀽 trèo trẹo
⇔𨀽trẹo"
𠿠,trếp,
澈,trẹt,澈𥉬 trẹt lét
𬿮,trệt,"𱖗𬿮 ngồi trệt
[翻]"
咷,trếu,咷啅 trếu tráo
咷,trệu,秩咷 trật trệu
痔,TRĨ,病痔 bệnh trĩ
雉,TRĨ,𪀄雉 chim trĩ
𪄸,trích,𪀄𪄸𡚝 chim trích cồ
鰿,trích,𩵜鰿 cá trích
𥖾,trịch,"𥘀𥖾 nặng trịch
擒𥖾 cầm trịch"
瀍,triền,瀍瀧 triền sông
纏,TRIỀN,纏綿 triền miên
篆,TRIỆN,"𡨸篆 chữ triện
𢪏體篆 viết thể triện"
𡎞,triêng,"𡎞挭 triêng gánh
𠊛𪂰𡎞 người Giẻ Triêng"
𠸩,trĩnh,圇𠸩 tròn trĩnh
𥉭,trít,"𥉭徠 trít lại
𥄮𥉭 nhắm trít
[翻]"
𦅄,trịt,"𥾇𦅄 trĩu trịt
𱖗𦅄𬺗𡑝 ngồi trịt xuống sân"
𱪳,tro,"𱪳炭 tro than
𱪳𤇮 tro bếp"
𢸫,trỏ,"指𢸫 chỉ trỏ
𡥵𢸫 con trỏ
𢭫𢸫 ngón trỏ"
𦭦,trổ,穭𦭦葻 lúa trổ bông
𥇻,trố,"𥇻𥇻 trố trố
𥇻眜 trố mắt"
𥇻,trô,"𥇻𥇻 trô trố
⇔𥇻trố"
咋,trớ,咋嘹 trớ trêu
滁,trờ,"滁滁 trờ trờ
滁𬧐 trờ tới"
捉,TRÓC,捉拿 tróc nã
捉,tróc,"𢸚捉 bong tróc
𣘃捉𤿭 cây tróc vỏ"
鱩,trôi,𩵜鱩 cá trôi
讄,trối,"trăng trối 咹𡗉讄過
ăn nhiều trối quá"
讄,giối,"讄𫅷 giối già
⇔讄trối"
攂,trồi,"攂泏 trồi sụt
攂𬨠 trồi lên
攂𨀎 trồi sụp"
𥫌,trỗi,𥫌𧻭 trỗi dậy
𥫌,chỗi,
憯,tròm,憯怗 tròm trèm
𬛘,trôn,"𡓇𬛘 lỗ trôn
𬛘鉢 trôn bát"
磌,trớn,過磌 quá trớn
緟,tròng,"𠓨緟 vào tròng
緟蹎𠓨裙 tròng chân vào quần"
緟,chòng,
𭿍,tròng,"𭿍眜 tròng mắt
𭿍黰 tròng đen
𭿍𤽸 tròng trắng"
喠,trọng,𠸂喠 nuốt trọng
喠,trửng,
倅,trót,"𦀎倅 lượt trót
倅𢯰 trót lọt
倅𠻇 trót dại"
𢫖,trọt,"𠹾𢫖 chịu trọt
[翻]"
誅,TRU,"誅夷 tru di
𡗶誅𡐙滅 trời tru đất diệt"
晝,TRÚ,晝夜 trú dạ
稠,TRÙ,稠富 trù phú
躊,TRÙ,"躊躇 trù trừ
()"
冑,TRỤ,甲冑 giáp trụ
豬,TRƯ,豬八戒 Trư Bát Giới
躇,TRỪ,躊躇 trù trừ
黜,TRUẤT,"廢黜 phế truất
被黜 bị truất"
竺,TRÚC,"天竺 Thiên Trúc
[翻]"
𣹞,trũng,"𣹞漊 trũng sâu
𡊲𣹞 chỗ trũng
眜𣹞 mắt trũng"
瞪,TRỪNG,瞪眜 trừng mắt
螴,trườn,"㑲螴 nằm trườn
螴𬧐 trườn tới"
脹,TRƯỚNG,"膨脹 bành trướng
臌脹 cổ trướng"
脹,chương,"脹𬨠 chương lên
脹膨 chương phềnh"
脹,chướng,"脹䏾 chướng bụng
⇔脹trướng"
脹,trương,"脹䏾 trương bụng
脹膨 trương phềnh
⇔脹chương"
傽,trưỡng,秩傽 trật trưỡng
丈,TRƯỢNG,"𠬠丈 một trượng
丈夫 trượng phu"
杖,TRƯỢNG,"權杖 quyền trượng
鐵杖 thiết trượng"
䢖,trút,"䢖𠬃 trút bỏ
䢖𬺗 trút xuống
[翻]"
𧊐,trút,𩷳𧊐 vảy trút
𡠄,u,偨𡠄 thầy u
䫜,u,𠚐䫜 mọc u
𦠲,ú,"脿𦠲 béo ú
𦚖𦠲 mập ú
餅𦠲 bánh ú
𦠲啞 ú ớ"
㗀,ù,"㗀唎 ù lì
㗀𦖻 ù tai
𠺙㗀㗀 thổi ù ù
㗀㗀𡁤𡁤 ù ù cạc cạc"
圬,ụ,𦠲圬 ú ụ
淤,Ứ,"淤𠘃 ứ đọng
淤唏 ứ hơi
淤譃 ứ hự"
𢮁,ừ,𩆢𢮁 ầm ừ
𦼇,úa,"𤉗𦼇 héo úa
鐄𦼇 vàng úa
蘿𦼇 lá úa"
咼,ùa,"咼𠓨 ùa vào
𫜵咼 làm ùa"
瘀,ứa,"瘀𫥨 ứa ra
瘀淚 ứa lệ
瘀𧖱 ứa máu"
蘊,UẨN,"蘊藏 uẩn tàng
幽蘊 u uẩn
[翻]"
鬱,UẤT,"岑鬱 sầm uất
鬱抑 uất ức
憤鬱 phẫn uất
鬱恨 uất hận
[翻]"
澳,ÚC,"盛旺終澳 Thịnh vượng chung Úc
[翻]"
䐿,úc,𦚖䐿𠴐 mập úc núc
𩼈,úc,𩵜𩼈 cá úc
𠳑,ực,"𠳑𠳑 ừng ực
𠸂丐𠳑 nuốt cái ực
𠳑大𫇿𠫾！ ực đại thuốc đi!"
𠳑,ừng,"𠳑𠳑 ừng ực
⇔𠳑ực"
濊,uể,濊痿 uể oải
穢,UẾ,"污穢 ô uế
渃穢 nước uế"
𣉍,ui,"𣌝𨆢𣉍 nắng lui ui
𣉍𣉍 ui ui
[翻]"
慰,UÝ,慰勞 uý lạo
慰,ủi,安慰 an ủi
鴛,UYÊN,鴛鴦 uyên ương
苑,UYỂN,御苑 ngự uyển
啘,uyn,
瀅,UYNH,
𠽛,um,"𠽛𥳍 um tùm
[翻]"
𣸊,ùm,"𬦮𣸊 nhảy ùm
𨁟𣸊𬺗坳 ngã ùm xuống ao"
𫫡,ừm,𫫡！ ừm!
熅,un,熅𤌋 un khói
𡅯,ủn,"𡅯𠸯 ủn ỉn
()"
搵,ùn,"搵搵 ùn ùn
[翻]"
癰,UNG,"癰疽 ung thư
癰𤷿 ung nhọt
𱑛𪃿癰 trứng gà ung"
𩍓,ủng,隻𩍓 chiếc ủng
鷹,ƯNG,𪀄鷹 chim ưng
𤠆,ươi,𤠂𤠆 đười ươi
湆,ươm,"湆絲 ươm tơ
湆𥞖 ươm giống
[翻]"
懨,ướm,"懨𠳨 ướm hỏi
懨襖 ướm áo"
胺,ườn,㑲胺 nằm ườn
汪,UÔNG,"𣱆汪 họ Uông
[翻]"
鴦,ƯƠNG,鴛鴦 uyên ương
𫊬,ương,𡥵朠𫊬 con ễnh ương
𦛞,ướp,"𦛞𪉥 ướp muối
𦛞冷 ướp lạnh
[翻]"
𡋉,ụp,"𢭰𡋉 đổ ụp
𡋉𣵰 ụp lặn"
𠇕,va,"𠇕兜耒？ Va đâu rồi?
[翻]"
撝,va,撝𪮻 va chạm
撝,vê,紋撝 vân vê
橎,vả,𣘃橎 cây vả
𬏓,và,𠬠𬏓 một và
𪂱,vạc,𪀄𪂱 chim vạc
鑊,vạc,"鑊銅 vạc đồng
鑊油 vạc dầu"
𥇿,vắc,𥃨𥇿 vúc vắc
𤊨,vặc,爃𤊨 vằng vặc
梶,vải,𣘃梶 cây vải
娓,vãi,𠇈娓 sãi vãi
𫵞,vãi,𢶻𫵞 vung vãi
㙕,vại,"㙕渃 vại nước
䍄㙕 chum vại"
𢠿,vay,𢠿𢚸 vay lòng
𩷳,vảy,"𩷳𩵜 vảy cá
𩷳𧊐 vảy trút"
荱,váy,𣘃荱 cây váy
𢯮,váy,𢯮𦖻 váy tai
𧚟,váy,"丐𧚟 cái váy
𬡶𧚟 mặc váy"
𣍁,vạy,"𢏣𣍁 cong vạy
𧼋𣍁 chạy vạy"
𩻟,vây,𩻟𩵜 vây cá
湋,vẩy,"湋𢬣 vẩy tay
湋脽 vẩy đuôi
湋渃 vẩy nước"
𮬄,vẩy,𮬄𩵜 vẩy cá
𦝩,vấy,"𢭰𦝩 đổ vấy
𦝩𣵲 vấy bẩn
𦝩湓 vấy bùn"
𢯷,vầy,𢝙𢯷 vui vầy
汎,vàm,汎瀝 vàm rạch
釩,vằm,𨥧釩 băm vằm
𠢝,vâm,"劸如𠢝 khoẻ như vâm
[翻]"
𢱨,vặn,"𢱨𣍅 vặn vẹo
𠳨𢱨 hỏi vặn
根𢱨 căn vặn
𢱨針銅壺 vặn kim đồng hồ"
云,VÂN,云云 vân vân
𪷦,vẩn,"𪷦濁 vẩn đục
𪷦噅 vẩn vơ"
刎,VẪN,自刎 tự vẫn
𣞁,vang,"𣘃𣞁 cây vang
()"
𠗤,váng,"𠗤油 váng dầu
𠗤𣷱 váng sữa"
傍,vàng,𫏚傍 vội vàng
往,VÃNG,"往來 vãng lai
已往 dĩ vãng"
往,vảng,𨅉往 lảng vảng
暀,vạng,𣈚暀 chạng vạng
爃,vằng,"爃𤊨 vằng vặc
()"
𭈒,vằng,"摓𭈒 vùng vằng
醝𨢇耒𭈒僥 say rượu rồi vằng nhau"
儝,vanh,"佂儝 tranh vanh
[翻]()"
儝,vênh,"佂儝 chênh vênh
[翻]"
𮛕,vánh,𫏢𮛕 chóng vánh
𠾷,váo,𠶓𠾷 vếu váo
叭,váp,"𰸣叭 vấp váp
[翻]"
𰸣,vấp,"𰸣叭 vấp váp
[翻]"
仈,vát,"𧼋仈 chạy vát
𤯩仈 sống vát
𢳥仈 tháo vát
[翻]"
𠟲,vạt,"𠟲𨮐 vạt nhọn
𠟲椰 vạt dừa"
𧞄,vạt,"𧞄襖 vạt áo
𧞄𡹃 vạt rừng"
𧉚,vắt,𧉚㹥 vắt chó
𥾸,vắt,"𥾸擻 vắt sổ
𥾸𣷱 vắt sữa
沖𥾸 trong vắt
𥾸𢬣𬨠𩑰 vắt tay lên trán"
𤓺,vấu,"𤘓𤓺 nanh vấu
[翻]"
蟡,ve,"蟡𣜷 ve sầu
𡥵蟡 con ve
𨉟𤷍殼蟡 mình gầy xác ve
蟡襖 ve áo"
𬋱,ve,𤢇𬋱 vuốt ve
徫,vè,"徫僥 vè nhau
𠫾徫徫 đi vè vè
徫卬𥆾𥌈 vè ngang nhìn trộm"
椲,vè,"𣘃椲 cây vè
𢺹椲 chia vè
㓠椲 chém vè
椲車踏 vè xe đạp"
譌,vè,"喝譌 hát vè
韻譌 vần vè
歌譌 ca vè"
䗊,vẹm,"𡥵䗊 con vẹm
[翻]"
𢯝,vén,"𢯝𬨠 vén lên
𢯝𩯀 vén tóc
𢯝𧚟 vén váy
𢱔𢯝 vun vén"
綄,vện,"彣綄 vằn vện
[翻]"
𩓳,vẻo,"𥾸𩓳 vắt vẻo
𩓳𡶀 vẻo núi
𠬠𩓳 một vẻo"
㧼,véo,㧨㧼 cấu véo
㧼,béo,
㧼,nhéo,
𨖿,vèo,"蘿𢒎𨖿 lá bay vèo
𠫾𨖿𬧐 đi vèo tới
錢歇𨖿 tiền hết vèo"
𣍅,vẹo,"𣍅鶩 vẹo vọ
[翻]"
𫌐,vét,襖𫌐 áo vét
樾,vẹt,"𡹃樾 rừng vẹt
[翻]"
𪇴,vẹt,𪀄𪇴 chim vẹt
𪽸,vệt,"𪽸𤌋 vệt khói
𪽸𧖱 vệt máu
𪽸𤏬 vệt sáng"
𠶓,vếu,"𠶓𠾷 vếu váo
𤷖𠶓𬨠 sưng vếu lên
𬌓板𢏣𠶓 tấm ván cong vếu"
韋,VI,"𣱆韋 họ Vi
韋𫉡 vi-rút
[翻]"
喡,vi,叫喡𭇹 kêu vi vu
薇,VI,"紫薇 tử vi
薔薇 tường vi"
䇻,vỉ,䇻𧋆 vỉ ruồi
𮘕,vỉ,𠹚𮘕 van vỉ
幃,ví,丐幃 cái ví
胃,VỊ,液胃 dịch vị
渭,VỊ,渭清 Vị Thanh
㙔,vỉa,㙔𡏘 vỉa hè
𩼢,vích,"𡥵𩼢 con vích
[翻]"
𧟁,viền,"塘𧟁 đường viền
𧟁襖 viền áo"
𥁷,vịm,"丐𥁷 cái vịm
[翻]"
𥿀,vít,"𦁽𥿀 vướng vít
𦄞𥿀 vấn vít
𡥵𥿀 con vít
[翻]"
汙,vo,"汙𥽌 vo gạo
圇汙 tròn vo
𤥑汙 vòng vo
叫汙汙 kêu vo vo"
𥿠,vó,"拮𥿠 cất vó
[翻]"
𨀒,vó,𨀒駒 vó câu
扜,vò,𩌂扜 giày vò
盂,vò,"盂𡊳 vò sành
丐盂 cái vò"
鶩,vọ,"𫚱鶩 cú vọ
𣍅鶩 vẹo vọ"
橅,vồ,"橅㧺𡐙 vồ đập đất
螠橅花 ếch vồ hoa"
𫿒,vờ,"假𫿒 giả vờ
𫿒𩿠 vờ vịt"
𦄾,vóc,"𦄾𫄎 vóc lụa
𡲫𦄾 vải vóc
[翻]"
𡸏,vọi,𡸏𡸏 vòi vọi
𡸏,vời,"賒𡸏 xa vời
𡸏𡸏 vời vợi
絕𡸏 tuyệt vời"
𡸏,vợi,𡸏𡸏 vời vợi
𡸏,vòi,
𪿙,vôi,"𥒥𪿙 đá vôi
瓶𪿙 bình vôi
匙𪿙 chìa vôi"
𠴖,vợi,"𠴖抔 vợi bớt
𠴖客 vợi khách"
𪢵,vòm,"𪢵𡗶 vòm trời
茹𪢵 nhà vòm
[翻]"
𡻖,von,"嶟𡻖 chon von
[翻]"
㖹,vỏn,㖹捖 vỏn vẹn
㖹,vồn,㖹𠳿 vồn vã
泍,vón,勃㐌泍𫪐徠 bột đã vón cục lại
湲,vởn,"瀨湲 lởn vởn
湲噅 vởn vơ"
溳,vờn,"溳僥 vờn nhau
𥌬溳 chờn vờn
貓溳𤝞 mèo vờn chuột"
網,VÕNG,"網𫆥 võng cáng
迻網 đưa võng"
魍,VÕNG,魑魅魍魎 si mị võng lượng
𣜳,vông,"𣘃𣜳 cây vông
尋𣜳 tầm vông
花𣜳 hoa vông"
虹,vồng,"橋虹 cầu vồng
高虹𬨠 cao vồng lên
虹𧃷 vồng khoai"
𧉈,vọp,"𧉈𢯏 vọp bẻ
[翻]"
𡻋,vót,"𡻋籤 vót tăm
㟮𡻋 chót vót"
于,VU,"于歸 vu quy
[翻]"
圩,VU,市鎮潯圩 thị trấn Tầm Vu
𭇹,vu,叫喡𭇹 kêu vi vu
呋,vù,"呋呋 vù vù
𩙍𠺙呋 gió thổi vù
𧼋呋𠫾 chạy vù đi"
捊,vùa,"捊𠓨 vùa vào
捊歇 vùa hết
𠓨捊貝僥 vào vùa với nhau"
㳪,vữa,"㳪糊 vữa hồ
㳪𫥨 vữa ra"
𢊑,vựa,"𢊑穭 vựa lúa
𢊑糧 vựa lương
𢊑𥟉 vựa thóc"
𥃨,vúc,𥃨𥇿 vúc vắc
𢷏,vục,"𢷏𬺗 vục xuống
𢷏渃 vục nước
[翻]"
抆,vũm,"抆𢚸 vũm lòng
[翻]"
逩,vùn,逩挬 vùn vụt
砵,vụn,"𢯏砵 bẻ vụn
鉄砵 sắt vụn
[翻]"
𡑵,vung,蒳𡑵 nắp vung
𢶻,vung,"𢶻𢬣 vung tay
𢶻𫵞 vung vãi"
𥣐,vừng,"𣘃𥣐 cây vừng
油𥣐 dầu vừng"
暈,VỰNG,日暈 nhật vựng
暈,vầng,"暈𦝄 vầng trăng
暈𩑰 vầng trán
暈太陽 vầng thái dương"
暈,vừng,
䱛,vược,𩵜䱛 cá vược
猿,vượn,"𡥵猿 con vượn
猿𤞺 vượn cáo"
潷,vuột,"潷𠺌 vuột khỏi
潷𧼋 vuột chạy
潷𠅒 vuột mất"
麝,XẠ,麝香 xạ hương
𠳗,xạc,"𡁞𠳗 xào xạc
喍𠳗 xài xạc
𠳗朱𠬠陣 xạc cho một trận"
倬,xấc,倬咾 xấc láo
𢴘,xay,"臼𢴘 cối xay
𢴘穭 xay lúa
𣛠𢴘 máy xay"
鋟,xăm,"形鋟 hình xăm
鋟擼 xăm trổ"
𭿄,xẩm,"𭿄𦭷 xẩm màu
襖𭿄 áo xẩm"
燦,XÁN,燦爛 xán lạn
燦,sán,燦爛 sán lạn
𤇤,xào,"𤇤𤍇 xào nấu
𬖾𤇤 phở xào"
𡁞,xào,嘮𡁞 lào xào
䛒,xạo,"吶䛒 nói xạo
䛒𤄬 xạo ke
䛒事 xạo sự
澇䛒 lạo xạo"
挾,xáp,𣐝挾 xốp xáp
濈,xắp,"駸濈 xăm xắp
𫜵濈 làm xắp
[翻]"
𢵸,xấp,"𢵸齒 xấp xỉ
[翻]"
𢲐,xê,"𢲐易 xê dịch
𢲐𫥨 xê ra
𢲐𨁯 xê xích"
𪜻,xếch,"𪜻𠩕 xếch mé
㒔𪜻 xốc xếch
[翻]"
迠,xém,"𪸔迠 cháy xém
迠徠 xém lại"
剷,xẻng,"丐剷 cái xẻng
钁剷 cuốc xẻng"
𫕸,xênh,𫕸唱 xênh xang
𬦪,xéo,"𩌂𬦪 giày xéo
𬦪仯 xéo xẹo"
𠾸,xèo,"𠾸𠾸 xèo xèo
㕭𠾸 eo xèo
餅𠾸 bánh xèo
[翻]"
仯,xẹo,"𭛜仯 xiên xẹo
𢪏仯 viết xẹo
𨅸仯 đứng xẹo
𬦪仯 xéo xẹo"
㴙,xép,"𬏇㴙 ruộng xép
𠰏㴙 bép xép
船𠫾𠓨㴙 thuyền đi vào xép"
𠿂,xẹp,"㑲𠿂 nằm xẹp
𠿂𥼕 xẹp lép"
𰜺,xệp,𱖗𰜺𬺗 ngồi xệp xuống
𰜺,sệp,
𨆾,xẹt,"哷𨆾 lẹt xẹt
浪𨆾 lãng xẹt"
嗤,xi,"則嗤 tắc-xi
[翻]"
侈,XỈ,奢侈 xa xỉ
侈,xảy,"侈𫥨 xảy ra
侈𦖑 xảy nghe"
侈,xẩy,
企,XÍ,企業 xí nghiệp
豉,xì,豉油 xì dầu
𬽾,xị,"𠿄𬽾 ngậu xị
蠅𬽾 nhặng xị
舍𬽾 xá-xị"
尺,XÍCH,"𠬠尺 một xích
單位𢵋đơnvịđo"
𦀗,xích,"絏𦀗 dây xích
𦀗蹎 xích chân"
𨁯,xích,"𨁯徠 xích lại
𱖗𨁯 ngồi xích"
迟,xiếc,𠻀迟 trò xiếc
暹,XIÊM,"椰暹 dừa xiêm
紅暹 hồng xiêm
𩿠暹 vịt xiêm
杧球暹 mãng cầu xiêm
暹羅 Xiêm La"
襜,xiêm,"襖襜 áo xiêm
襜衣 xiêm y"
諂,xiểm,促諂 xúc xiểm
釺,xiên,"丐釺𬚸 cái xiên thịt
擒釺釺𩵜 cầm xiên xiên cá
釺𬚸𤓢鮓 xiên thịt nướng chả"
𭛜,xiên,"𭛜仯 xiên xẹo
搝𭛜 xỏ xiên
吶𭛜 nói xiên
𡨸印𭛜 chữ in xiên"
䇸,xiểng,"函䇸 hòm xiểng
䇸冷 xiểng liểng"
鋥,xiềng,"鋥𦀗 xiềng xích
杠鋥 gông xiềng"
掣,xiết,"沚掣 chảy xiết
掣包 xiết bao"
嘌,xiêu,"嘌𣍅 xiêu vẹo
嘌𢚸 xiêu lòng
嘌嘌 xiêu xiêu
遼嘌 liêu xiêu"
𣴒,xim,"渃𣴒淁 nước xim xíp
[翻]"
𫢗,xỉn,"䏧𫢗 da xỉn
𫢗𦭷 xỉn mầu
㤓𫢗 bủn xỉn
𠬠𫢗 một xỉn
𪝳醝𫢗𠁸𣈜 hắn say xỉn suốt ngày"
傎,xịn,行傎 hàng xịn
裎,xính,䘪裎 xúng xính
淁,xíp,"渃𣴒淁 nước xim xíp
[翻]"
掇,xít,𦀵掇 xoắn xít
眇,xỉu,"𤴥眇 ngất xỉu
𪷉眇 té xỉu
眇卬眇𨂔 xỉu ngang xỉu dọc"
𱡁,xìu,夭𱡁 ỉu xìu
𱡁,xịu,"夭𱡁 ỉu xịu
⇔𱡁xìu"
䌔,xo,"瘖䌔 ốm xo
𢞂䌔 buồn xo
䌔𦠘 xo vai"
搝,xỏ,"搝𭛜 xỏ xiên
搝蘿𠀧槻 xỏ lá ba que"
𨻬,xó,"𠬃𨻬 bỏ xó
魔𨻬 ma xó
𨻬省 xó xỉnh
攝𨻬 xếp xó
頭塘𨻬𢄂 đầu đường xó chợ"
𢹧,xổ,"𢹧𠓨 xổ vào
𢹧𫥨 xổ ra"
娕,xơ,婆娕 bà xơ
衩,xoa,𬌓𡲫衩 tấm vải xoa
捘,xoa,捘油 xoa dầu
捘,thoa,"捘粉 thoa phấn
⇔捘xoa"
撦,xòa,𣵶汊 xuề xòa
撦,xoà,"𩯀汊 tóc xoà
𣵶汊 xuề xoà
唭汊 cười xoà
唚汊 xùm xoà
𥉹汊 loà xoà"
撦,xoã,"撦𩯀 xoã tóc
撦𬺗 xoã xuống"
𪟒,xoạc,𪟒蹎 xoạc chân
伬,xoạch,𠇷伬 xoành xoạch
𣒱,xoài,果𣒱 quả xoài
槎,xoay,𣘃槎 cây xoay
鬠,xoáy,"𪋖鬠 lốc xoáy
鬠渃 xoáy nước
()"
𩰃,xoàm,𩮕𩰃 xồm xoàm
萶,xoan,"𡀳萶 còn xoan
當萶 đương xoan
𭿄萶 xẩm xoan
𩈘𬃻萶 mặt trái xoan"
𩭵,xoăn,"𩯀𩭵 tóc xoăn
𫜵𩭵𩯀 làm xoăn tóc"
𦀵,xoắn,𦀵掇 xoắn xít
侊,xoàng,"侊省 xoàng xĩnh
𩛷𩚵侊 bữa cơm xoàng"
𠇷,xoành,𠇷伬 xoành xoạch
咄,xoạt,唰咄 loạt xoạt
潚,xóc,"潚𥐨 xóc đĩa
吶潚 nói xóc"
㒔,xốc,"㒔𪜻 xốc xếch
㒔𱠲 xốc vác
[翻]"
躅,xộc,"躅斥 xộc xệch
躅𠓨 xộc vào
𨅃躅 xồng xộc"
𭇺,xoe,"𠎄𭇺 xun xoe
[異]吹"
撱,xoè,"撱𦑃 xoè cánh
撱𢄓 xoè ô"
𢹮,xoi,"𢹮𢪛 xoi mói
鑟𢹮𠬠溪 đục xoi một khe"
𥸷,xôi,"𥸷棘 xôi gấc
生𥸷 sinh xôi
賒𥸷 xa xôi"
㵊,xối,"㵊捨 xối xả
[翻]"
𣔢,xới,沛𠬃𣔢𫥨𠫾 phải bỏ xới ra đi
𢲳,xới,"𢲳𡐙 xới đất
𢲳𩚵 xới cơm
𢲳𬨠 xới lên
钁𢲳 cuốc xới"
𠽄,xòm,"珥𠽄 nhẹ xòm
嚏𠽄 xì xòm"
踮,xổm,𱖗踮 ngồi xổm
𩮕,xồm,"𩯁𩮕 râu xồm
𩮕𩰃 xồm xoàm
羝𩮕 dê xồm"
嘇,xơm,"𣭛嘇 bờm xơm
𬦮嘇𠓨 nhảy xơm vào"
𬇁,xờm,"𩯀𬇁 tóc xờm
𣭛𬇁 bờm xờm"
㖺,xon,㖮㖺 lon xon
吋,xốn,"吋唱 xốn xang
吋眜 xốn mắt"
𢺛,xởn,"𢺛𩯀𬛑 xởn tóc gáy
[翻]"
𨅃,xồng,𨅃躅 xồng xộc
𨰚,xoong,丐𨰚 cái xoong
𣐝,xốp,"楛𣐝 gỗ xốp
𡐙𣐝 đất xốp
𣐝挾 xốp xáp
[翻]"
𨧣,xớt,"遲𨧣 chầy xớt
𤮾𨧣 ngọt xớt
[翻]"
鏂,xu,銅鏂 đồng xu
臭,XÚ,"臭穢 xú uế
狐臭 hồ xú
除臭 trừ xú"
𣭃,xù,"瀘𣭃 lù xù
𣭃𧴱 xù nợ
𠽤𣭃 kếch xù
𣭃嚏 xù xì"
𣭃,sù,"𣭃嚏 sù sì
⇔𣭃xù"
椿,XUÂN,椿萱 xuân huyên
蠢,XUẨN,愚蠢 ngu xuẩn
𢴠,xức,"𢴠油 xức dầu
𢴠𫇿𧹻 xức thuốc đỏ
[翻]"
𫈀,xuê,"窒𫈀 rất xuê
𫈀捘 xuê xoa"
𢭻,xúi,"𢭻𠽖 xúi giục
[翻]"
穿,XUYÊN,"穿過 xuyên qua
𠫾穿 đi xuyên
穿鑿 xuyên tạc
穿墻 xuyên tường"
串,XUYẾN,貫串 quán xuyến
紃,xuyến,"紃鐄 xuyến vàng
嗃紃 xao xuyến"
啜,xuýt,"啜捘 xuýt xoa
啜𡛤 xuýt nữa
啜脫 xuýt xoát"
𠎊,xúm,"𠎊𦤾 xúm đến
𠎊𨒺 xúm quanh
𠎊掇 xúm xít
[翻]"
唚,xùm,"唚汊 xùm xoà
𠽛唚 um xùm"
𠎄,xun,"𠎄𭇺 xun xoe
[翻]"
𠎄,xum,"𠎄𭇺 xum xoe
⇔𠎄xun"
𨰧,xủng,𨰧鏯 xủng xoảng
𨰧,sủng,"𨰧鏯 sủng soảng
⇔𨰧xủng"
䘪,xúng,䘪裎 xúng xính
秤,XỨNG,"天秤 Thiên Xứng
斤秤 Cân Xứng"
䓬,xước,𦹯䓬 cỏ xước
鋽,xước,"鋽䏧 xước da
鋽𤿭𣖙 xước vỏ mía"
昌,XƯƠNG,昌盛 xương thịnh
唱,XƯỚNG,喝唱 hát xướng
唱,xang,吋唱 xốn xang
䉅,xụp,"㡴䉅 lụp xụp
嚏䉅 xì xụp"
㻠,xụt,"嚏㻠 xì xụt
[翻]"
